,Shutter (mV)
0,4927.9785
1,4928.589
2,4929.199
3,4929.8096
4,4930.725
5,4929.8096
6,4930.42
7,4930.42
8,4930.725
9,4930.1147
10,4930.1147
11,4931.6406
12,4931.3354
13,4931.946
14,4931.946
15,4931.6406
16,4931.3354
17,4931.6406
18,4931.946
19,4932.251
20,4931.946
21,4932.556
22,4931.946
23,4932.8613
24,4932.8613
25,4932.251
26,4932.8613
27,4932.556
28,4932.556
29,4931.946
30,4933.4717
31,4933.1665
32,4933.777
33,4932.8613
34,4933.1665
35,4933.777
36,4932.251
37,4932.8613
38,4933.777
39,4934.082
40,4933.777
41,4933.777
42,4934.387
43,4934.082
44,4934.387
45,4935.3027
46,4933.1665
47,4934.082
48,4934.082
49,4934.082
50,4934.082
51,4934.387
52,4935.608
53,4934.082
54,4933.777
55,4934.082
56,4934.082
57,4935.3027
58,4934.082
59,4934.082
60,4934.082
61,4934.387
62,4934.9976
63,4934.082
64,4934.082
65,4934.9976
66,4934.082
67,4934.9976
68,4934.9976
69,4933.4717
70,4934.9976
71,4933.777
72,4933.4717
73,4934.387
74,4934.082
75,4934.082
76,4934.9976
77,4934.9976
78,4935.608
79,4934.387
80,4934.9976
81,4934.9976
82,4934.082
83,4934.082
84,4934.082
85,4934.9976
86,4933.777
87,4933.777
88,4934.082
89,4934.9976
90,4934.9976
91,4934.082
92,4933.777
93,4935.3027
94,4935.608
95,4934.082
96,4933.4717
97,4934.082
98,4934.387
99,4934.082
100,4933.777
101,4934.9976
102,4934.082
103,4933.777
104,4934.387
105,4934.387
106,4934.9976
107,4933.4717
108,4934.387
109,4934.387
110,4934.9976
111,4936.8286
112,4934.387
113,4935.3027
114,4933.4717
115,4933.777
116,4934.9976
117,4934.9976
118,4934.9976
119,4933.777
120,4934.9976
121,4934.387
122,4933.777
123,4934.082
124,4934.082
125,4934.082
126,4934.9976
127,4934.9976
128,4933.777
129,4933.777
130,4934.9976
131,4934.082
132,4934.082
133,4934.082
134,4934.082
135,4934.082
136,4933.777
137,4933.777
138,4933.4717
139,4935.3027
140,4934.082
141,4933.1665
142,4932.8613
143,4933.4717
144,4934.387
145,4934.082
146,4933.777
147,4933.777
148,4932.8613
149,4934.9976
150,4934.082
151,4934.9976
152,4934.082
153,4933.4717
154,4935.608
155,4934.082
156,4934.387
157,4934.9976
158,4934.387
159,4934.9976
160,4933.4717
161,4934.9976
162,4935.913
163,4935.3027
164,4933.1665
165,4934.082
166,4935.913
167,4934.387
168,4935.608
169,4933.777
170,4934.387
171,4934.387
172,4934.082
173,4934.9976
174,4933.777
175,4934.082
176,4934.9976
177,4933.777
178,4934.082
179,4935.3027
180,4933.777
181,4935.3027
182,4934.082
183,4934.082
184,4934.9976
185,4934.082
186,4934.082
187,4934.082
188,4934.082
189,4934.082
190,4934.387
191,4934.082
192,4934.082
193,4935.608
194,4935.3027
195,4934.9976
196,4933.777
197,4934.082
198,4934.387
199,4934.082
200,4935.3027
201,4934.082
202,4934.082
203,4933.777
204,4934.387
205,4934.9976
206,4934.082
207,4934.082
208,4934.082
209,4933.4717
210,4933.777
211,4933.777
212,4933.777
213,4934.387
214,4935.3027
215,4933.4717
216,4934.387
217,4934.387
218,4935.3027
219,4934.082
220,4934.387
221,4934.387
222,4934.082
223,4934.387
224,4934.387
225,4934.387
226,4934.387
227,4934.9976
228,4934.9976
229,4934.387
230,4935.608
231,4934.9976
232,4934.082
233,4935.913
234,4934.387
235,4932.556
236,4934.9976
237,4934.387
238,4934.082
239,4935.608
240,4934.9976
241,4933.777
242,4934.387
243,4934.082
244,4934.082
245,4934.082
246,4933.777
247,4934.082
248,4933.777
249,4933.777
250,4933.777
251,4935.608
252,4933.4717
253,4934.082
254,4935.608
255,4934.9976
256,4933.4717
257,4934.9976
258,4934.082
259,4934.082
260,4933.777
261,4933.4717
262,4934.082
263,4934.9976
264,4934.082
265,4934.387
266,4933.777
267,4934.387
268,4935.3027
269,4934.9976
270,4934.082
271,4933.777
272,4935.3027
273,4934.082
274,4934.082
275,4935.3027
276,4934.9976
277,4933.777
278,4934.082
279,4934.082
280,4933.777
281,4934.387
282,4934.387
283,4934.082
284,4933.777
285,4933.777
286,4935.608
287,4933.777
288,4933.4717
289,4934.082
290,4934.387
291,4934.387
292,4934.082
293,4934.387
294,4933.4717
295,4933.777
296,4934.082
297,4933.777
298,4935.3027
299,4935.3027
300,4934.082
301,4933.777
302,4934.387
303,4934.082
304,4934.9976
305,4933.777
306,4932.8613
307,4934.387
308,4933.777
309,4934.082
310,4934.082
311,4934.387
312,4933.777
313,4935.3027
314,4934.387
315,4934.082
316,4934.387
317,4934.9976
318,4934.387
319,4934.082
320,4934.082
321,4934.387
322,4934.082
323,4934.9976
324,4934.9976
325,4934.082
326,4934.082
327,4933.4717
328,4934.082
329,4934.082
330,4933.777
331,4934.082
332,4934.387
333,4933.4717
334,4934.387
335,4934.387
336,4934.082
337,4934.082
338,4934.082
339,4935.3027
340,4933.4717
341,4934.082
342,4934.387
343,4934.387
344,4933.4717
345,4934.9976
346,4933.4717
347,4932.8613
348,4934.082
349,4934.9976
350,4933.4717
351,4934.387
352,4933.777
353,4934.9976
354,4933.777
355,4933.4717
356,4933.777
357,4934.387
358,4935.913
359,4933.1665
360,4934.082
361,4934.387
362,4935.608
363,4934.387
364,4934.387
365,4934.082
366,4934.387
367,4934.9976
368,4934.082
369,4934.082
370,4933.777
371,4934.387
372,4935.3027
373,4934.9976
374,4934.387
375,4933.4717
376,4934.9976
377,4933.1665
378,4934.387
379,4933.777
380,4933.777
381,4934.387
382,4934.387
383,4933.1665
384,4934.387
385,4934.9976
386,4934.9976
387,4934.9976
388,4934.9976
389,4934.387
390,4934.387
391,4933.4717
392,4935.3027
393,4933.777
394,4932.8613
395,4934.387
396,4933.777
397,4934.387
398,4934.9976
399,4935.3027
400,4934.082
401,4934.082
402,4934.9976
403,4934.387
404,4934.387
405,4934.387
406,4934.9976
407,4934.387
408,4934.9976
409,4934.082
410,4934.387
411,4934.387
412,4934.9976
413,4934.9976
414,4935.3027
415,4934.082
416,4934.9976
417,4934.387
418,4935.3027
419,4934.082
420,4934.082
421,4935.3027
422,4933.777
423,4934.387
424,4934.082
425,4935.3027
426,4935.3027
427,4934.082
428,4935.913
429,4934.082
430,4933.777
431,4934.387
432,4934.387
433,4934.387
434,4934.9976
435,4935.3027
436,4935.3027
437,4933.4717
438,4934.082
439,4935.3027
440,4934.387
441,4934.9976
442,4933.777
443,4935.608
444,4934.082
445,4935.608
446,4934.387
447,4934.082
448,4934.082
449,4934.082
450,4934.387
451,4934.387
452,4933.777
453,4934.082
454,4934.387
455,4933.777
456,4934.082
457,4934.9976
458,4934.9976
459,4934.082
460,4934.387
461,4933.4717
462,4934.082
463,4934.082
464,4934.387
465,4934.082
466,4933.4717
467,4934.082
468,4934.082
469,4932.8613
470,4933.777
471,4934.082
472,4934.082
473,4934.082
474,4934.387
475,4934.082
476,4934.082
477,4934.082
478,4933.4717
479,4934.082
480,4933.777
481,4934.387
482,4934.387
483,4933.777
484,4933.4717
485,4934.082
486,4934.387
487,4932.8613
488,4933.4717
489,4934.9976
490,4933.777
491,4933.777
492,4933.777
493,4933.777
494,4933.4717
495,4933.777
496,4933.777
497,4934.082
498,4934.082
499,4933.777
500,4933.4717
501,4933.777
502,4933.4717
503,4932.8613
504,4933.4717
505,4933.4717
506,4934.082
507,4933.4717
508,4933.4717
509,4933.4717
510,4934.082
511,4933.4717
512,4932.8613
513,4934.082
514,4933.4717
515,4932.8613
516,4932.8613
517,4934.082
518,4933.1665
519,4933.777
520,4934.082
521,4933.4717
522,4934.082
523,4932.8613
524,4933.777
525,4933.1665
526,4933.4717
527,4933.1665
528,4933.1665
529,4934.082
530,4933.4717
531,4934.082
532,4933.4717
533,4934.082
534,4932.8613
535,4933.777
536,4933.777
537,4933.1665
538,4933.4717
539,4933.777
540,4933.777
541,4934.387
542,4933.1665
543,4933.1665
544,4933.4717
545,4932.8613
546,4931.6406
547,4933.777
548,4933.1665
549,4933.4717
550,4933.1665
551,4933.4717
552,4934.387
553,4932.8613
554,4933.1665
555,4934.387
556,4933.4717
557,4932.8613
558,4933.1665
559,4933.4717
560,4932.8613
561,4933.4717
562,4933.1665
563,4933.4717
564,4933.777
565,4932.556
566,4933.1665
567,4933.777
568,4933.4717
569,4933.4717
570,4932.8613
571,4933.4717
572,4933.4717
573,4933.1665
574,4932.556
575,4931.6406
576,4932.8613
577,4933.4717
578,4931.946
579,4932.556
580,4933.1665
581,4933.777
582,4932.556
583,4933.1665
584,4933.1665
585,4933.4717
586,4933.4717
587,4933.1665
588,4932.8613
589,4932.251
590,4932.8613
591,4933.1665
592,4933.1665
593,4931.946
594,4932.556
595,4932.8613
596,4932.251
597,4932.8613
598,4933.1665
599,4933.777
600,4932.8613
601,4931.946
602,4932.8613
603,4932.8613
604,4933.1665
605,4935.3027
606,4932.8613
607,4932.556
608,4933.4717
609,4932.8613
610,4933.1665
611,4932.8613
612,4932.556
613,4933.4717
614,4932.251
615,4932.8613
616,4933.1665
617,4933.1665
618,4932.556
619,4932.8613
620,4932.556
621,4932.556
622,4932.556
623,4932.556
624,4932.251
625,4932.8613
626,4933.1665
627,4933.4717
628,4932.556
629,4932.556
630,4932.556
631,4934.9976
632,4931.946
633,4932.8613
634,4932.251
635,4932.556
636,4934.082
637,4933.1665
638,4932.251
639,4932.8613
640,4932.8613
641,4933.4717
642,4932.251
643,4932.556
644,4933.777
645,4932.8613
646,4933.4717
647,4932.8613
648,4932.251
649,4933.4717
650,4933.4717
651,4932.8613
652,4932.556
653,4931.6406
654,4933.1665
655,4933.777
656,4932.556
657,4933.4717
658,4932.8613
659,4932.556
660,4932.251
661,4932.251
662,4933.4717
663,4932.251
664,4931.946
665,4932.556
666,4932.8613
667,4932.556
668,4932.8613
669,4932.556
670,4931.6406
671,4932.251
672,4932.556
673,4932.556
674,4932.251
675,4933.1665
676,4932.8613
677,4932.556
678,4932.556
679,4932.8613
680,4932.8613
681,4932.556
682,4932.8613
683,4933.1665
684,4933.1665
685,4932.8613
686,4931.946
687,4933.1665
688,4932.556
689,4933.1665
690,4932.556
691,4932.8613
692,4932.556
693,4932.251
694,4932.8613
695,4932.251
696,4932.556
697,4932.556
698,4932.8613
699,4932.251
700,4933.1665
701,4932.556
702,4932.8613
703,4931.6406
704,4932.8613
705,4932.556
706,4932.8613
707,4932.556
708,4932.8613
709,4931.6406
710,4932.251
711,4932.556
712,4931.946
713,4932.8613
714,4931.946
715,4933.1665
716,4932.8613
717,4932.251
718,4933.1665
719,4932.556
720,4931.6406
721,4932.251
722,4932.251
723,4932.556
724,4931.6406
725,4931.6406
726,4932.8613
727,4933.1665
728,4931.6406
729,4932.251
730,4932.8613
731,4932.8613
732,4932.556
733,4931.946
734,4932.251
735,4932.556
736,4932.556
737,4931.6406
738,4931.6406
739,4932.556
740,4932.556
741,4931.946
742,4931.6406
743,4931.946
744,4931.946
745,4933.4717
746,4932.251
747,4932.556
748,4931.3354
749,4931.6406
750,4932.556
751,4932.556
752,4931.3354
753,4931.0303
754,4932.8613
755,4932.251
756,4932.251
757,4932.8613
758,4932.556
759,4931.946
760,4931.6406
761,4932.556
762,4931.6406
763,4931.946
764,4932.251
765,4932.251
766,4931.3354
767,4932.251
768,4932.8613
769,4932.556
770,4932.251
771,4931.946
772,4931.946
773,4931.3354
774,4931.6406
775,4932.556
776,4932.251
777,4932.556
778,4932.251
779,4932.251
780,4933.1665
781,4931.6406
782,4933.4717
783,4932.556
784,4931.946
785,4931.946
786,4932.556
787,4932.251
788,4931.3354
789,4932.251
790,4931.946
791,4931.946
792,4933.1665
793,4931.946
794,4932.556
795,4931.3354
796,4931.946
797,4931.946
798,4931.3354
799,4931.6406
800,4932.556
801,4931.946
802,4932.556
803,4931.946
804,4931.3354
805,4932.556
806,4931.3354
807,4932.251
808,4931.3354
809,4932.251
810,4931.946
811,4932.251
812,4931.946
813,4932.556
814,4931.946
815,4931.946
816,4931.3354
817,4932.8613
818,4932.251
819,4931.946
820,4932.556
821,4931.946
822,4932.556
823,4931.946
824,4931.6406
825,4932.251
826,4931.946
827,4932.556
828,4932.556
829,4931.3354
830,4931.3354
831,4932.251
832,4931.946
833,4931.946
834,4931.946
835,4931.946
836,4931.6406
837,4931.6406
838,4932.8613
839,4932.251
840,4932.251
841,4931.946
842,4931.6406
843,4932.556
844,4931.6406
845,4932.8613
846,4932.556
847,4931.946
848,4930.725
849,4931.6406
850,4931.6406
851,4932.251
852,4933.777
853,4932.8613
854,4931.946
855,4931.946
856,4932.251
857,4933.1665
858,4931.946
859,4932.8613
860,4931.946
861,4931.0303
862,4931.6406
863,4932.251
864,4932.556
865,4931.6406
866,4931.0303
867,4931.6406
868,4932.556
869,4931.0303
870,4932.251
871,4931.946
872,4932.251
873,4931.3354
874,4931.946
875,4931.946
876,4932.556
877,4931.6406
878,4932.251
879,4931.6406
880,4931.6406
881,4932.251
882,4932.556
883,4931.6406
884,4932.556
885,4931.946
886,4931.3354
887,4931.946
888,4930.1147
889,4931.3354
890,4932.251
891,4931.0303
892,4932.251
893,4931.6406
894,4931.3354
895,4931.946
896,4932.8613
897,4931.946
898,4931.3354
899,4932.251
900,4932.251
901,4931.946
902,4931.6406
903,4931.946
904,4931.3354
905,4931.3354
906,4931.946
907,4931.0303
908,4932.251
909,4931.6406
910,4931.946
911,4932.556
912,4931.6406
913,4932.251
914,4931.6406
915,4932.556
916,4931.0303
917,4931.6406
918,4931.0303
919,4931.3354
920,4932.251
921,4932.251
922,4932.8613
923,4931.3354
924,4931.3354
925,4932.251
926,4932.556
927,4931.0303
928,4932.556
929,4931.6406
930,4931.946
931,4931.946
932,4931.6406
933,4931.3354
934,4932.556
935,4931.0303
936,4931.946
937,4932.251
938,4931.6406
939,4932.556
940,4931.946
941,4931.946
942,4932.556
943,4931.0303
944,4931.0303
945,4932.251
946,4931.6406
947,4931.0303
948,4931.946
949,4931.946
950,4932.251
951,4931.3354
952,4931.0303
953,4931.946
954,4931.946
955,4931.0303
956,4931.946
957,4931.946
958,4932.251
959,4931.0303
960,4932.251
961,4931.3354
962,4931.946
963,4932.556
964,4932.556
965,4931.3354
966,4931.946
967,4930.725
968,4931.6406
969,4932.556
970,4932.251
971,4931.6406
972,4931.3354
973,4931.6406
974,4931.946
975,4931.0303
976,4931.3354
977,4931.946
978,4932.251
979,4931.6406
980,4931.0303
981,4932.556
982,4931.6406
983,4930.42
984,4931.0303
985,4931.6406
986,4931.3354
987,4932.251
988,4931.6406
989,4931.6406
990,4931.6406
991,4931.3354
992,4932.251
993,4931.3354
994,4932.251
995,4931.946
996,4932.251
997,4930.725
998,4930.725
999,4931.3354
1000,4931.6406
1001,4931.3354
1002,4931.6406
1003,4931.6406
1004,4930.42
1005,4931.3354
1006,4931.946
1007,4931.0303
1008,4932.556
1009,4931.6406
1010,4931.3354
1011,4931.6406
1012,4932.556
1013,4931.946
1014,4931.946
1015,4931.6406
1016,4931.6406
1017,4931.6406
1018,4931.6406
1019,4932.251
1020,4931.3354
1021,4931.6406
1022,4931.0303
1023,4931.3354
1024,4931.6406
1025,4931.0303
1026,4931.6406
1027,4931.946
1028,4932.556
1029,4931.0303
1030,4931.3354
1031,4932.556
1032,4931.6406
1033,4932.8613
1034,4931.6406
1035,4931.6406
1036,4931.0303
1037,4931.6406
1038,4931.3354
1039,4930.725
1040,4930.725
1041,4931.946
1042,4931.946
1043,4931.3354
1044,4931.3354
1045,4931.0303
1046,4931.6406
1047,4931.6406
1048,4931.6406
1049,4931.6406
1050,4931.3354
1051,4932.251
1052,4931.0303
1053,4931.0303
1054,4931.0303
1055,4931.3354
1056,4932.251
1057,4931.0303
1058,4931.3354
1059,4931.6406
1060,4932.251
1061,4931.3354
1062,4932.251
1063,4931.3354
1064,4930.725
1065,4932.556
1066,4931.3354
1067,4931.6406
1068,4931.6406
1069,4931.6406
1070,4931.3354
1071,4931.946
1072,4930.42
1073,4931.6406
1074,4931.3354
1075,4931.6406
1076,4931.0303
1077,4931.946
1078,4931.6406
1079,4930.725
1080,4931.3354
1081,4931.3354
1082,4931.946
1083,4931.3354
1084,4930.1147
1085,4931.0303
1086,4930.42
1087,4931.6406
1088,4931.946
1089,4931.3354
1090,4932.251
1091,4931.6406
1092,4930.725
1093,4931.6406
1094,4931.946
1095,4930.725
1096,4931.3354
1097,4931.6406
1098,4931.6406
1099,4933.1665
1100,4930.725
1101,4931.6406
1102,4931.3354
1103,4932.251
1104,4931.0303
1105,4931.6406
1106,4931.0303
1107,4931.0303
1108,4931.3354
1109,4931.6406
1110,4931.6406
1111,4930.725
1112,4932.251
1113,4931.6406
1114,4931.0303
1115,4931.946
1116,4931.6406
1117,4931.3354
1118,4931.6406
1119,4931.6406
1120,4931.0303
1121,4931.3354
1122,4931.3354
1123,4931.0303
1124,4931.0303
1125,4930.725
1126,4931.6406
1127,4931.3354
1128,4931.0303
1129,4931.0303
1130,4931.0303
1131,4931.946
1132,4931.6406
1133,4931.3354
1134,4931.6406
1135,4931.946
1136,4931.3354
1137,4931.6406
1138,4931.946
1139,4931.3354
1140,4932.556
1141,4933.1665
1142,4931.6406
1143,4931.3354
1144,4931.3354
1145,4931.6406
1146,4931.3354
1147,4930.725
1148,4931.6406
1149,4931.6406
1150,4932.251
1151,4930.725
1152,4931.0303
1153,4931.0303
1154,4931.6406
1155,4931.0303
1156,4931.3354
1157,4930.42
1158,4931.3354
1159,4930.42
1160,4931.946
1161,4931.3354
1162,4931.0303
1163,4931.6406
1164,4931.3354
1165,4931.0303
1166,4932.556
1167,4930.42
1168,4931.6406
1169,4932.8613
1170,4931.6406
1171,4931.3354
1172,4931.3354
1173,4932.556
1174,4931.6406
1175,4930.725
1176,4932.556
1177,4931.0303
1178,4930.725
1179,4931.6406
1180,4931.3354
1181,4931.3354
1182,4930.725
1183,4932.251
1184,4931.6406
1185,4931.3354
1186,4931.6406
1187,4930.725
1188,4930.725
1189,4931.0303
1190,4931.3354
1191,4931.6406
1192,4931.3354
1193,4930.725
1194,4931.6406
1195,4931.3354
1196,4931.3354
1197,4931.0303
1198,4931.0303
1199,4930.42
1200,4931.3354
1201,4931.3354
1202,4931.6406
1203,4931.0303
1204,4931.6406
1205,4931.946
1206,4931.0303
1207,4931.0303
1208,4930.725
1209,4931.946
1210,4931.946
1211,4931.3354
1212,4931.6406
1213,4931.3354
1214,4931.946
1215,4932.251
1216,4931.3354
1217,4931.3354
1218,4931.6406
1219,4931.6406
1220,4931.3354
1221,4931.946
1222,4931.3354
1223,4931.946
1224,4931.6406
1225,4931.946
1226,4931.6406
1227,4931.3354
1228,4931.3354
1229,4931.3354
1230,4931.0303
1231,4931.3354
1232,4931.3354
1233,4931.0303
1234,4931.3354
1235,4931.0303
1236,4931.946
1237,4931.946
1238,4931.6406
1239,4932.556
1240,4930.42
1241,4931.6406
1242,4931.3354
1243,4931.946
1244,4931.0303
1245,4931.3354
1246,4931.946
1247,4931.946
1248,4931.6406
1249,4931.0303
1250,4931.946
1251,4932.556
1252,4930.42
1253,4930.1147
1254,4931.0303
1255,4930.725
1256,4931.3354
1257,4931.3354
1258,4930.725
1259,4931.3354
1260,4931.3354
1261,4931.6406
1262,4931.3354
1263,4932.8613
1264,4931.3354
1265,4931.3354
1266,4931.6406
1267,4931.0303
1268,4931.3354
1269,4931.946
1270,4931.3354
1271,4932.251
1272,4931.946
1273,4931.6406
1274,4931.946
1275,4931.946
1276,4931.946
1277,4931.6406
1278,4931.946
1279,4931.6406
1280,4930.725
1281,4931.0303
1282,4931.6406
1283,4931.0303
1284,4931.3354
1285,4931.6406
1286,4931.3354
1287,4930.42
1288,4931.3354
1289,4931.3354
1290,4931.6406
1291,4931.6406
1292,4931.946
1293,4931.3354
1294,4930.725
1295,4931.3354
1296,4931.3354
1297,4931.3354
1298,4931.3354
1299,4931.3354
1300,4931.3354
1301,4931.3354
1302,4931.3354
1303,4931.946
1304,4931.946
1305,4930.725
1306,4931.3354
1307,4931.6406
1308,4931.3354
1309,4932.251
1310,4931.946
1311,4930.725
1312,4931.3354
1313,4931.3354
1314,4931.3354
1315,4931.946
1316,4931.6406
1317,4931.6406
1318,4930.725
1319,4931.0303
1320,4931.946
1321,4931.3354
1322,4931.0303
1323,4931.0303
1324,4930.42
1325,4930.725
1326,4931.0303
1327,4931.0303
1328,4933.1665
1329,4930.725
1330,4930.42
1331,4930.725
1332,4931.3354
1333,4931.6406
1334,4930.725
1335,4931.3354
1336,4930.725
1337,4931.3354
1338,4930.42
1339,4931.3354
1340,4931.3354
1341,4929.8096
1342,4930.1147
1343,4930.725
1344,4931.3354
1345,4931.3354
1346,4933.4717
1347,4930.725
1348,4931.0303
1349,4930.725
1350,4931.946
1351,4931.3354
1352,4932.251
1353,4931.3354
1354,4931.6406
1355,4931.0303
1356,4931.6406
1357,4931.3354
1358,4930.725
1359,4931.0303
1360,4931.0303
1361,4931.6406
1362,4930.725
1363,4931.0303
1364,4930.42
1365,4931.3354
1366,4931.3354
1367,4930.42
1368,4930.725
1369,4931.0303
1370,4931.0303
1371,4931.3354
1372,4931.0303
1373,4931.3354
1374,4930.42
1375,4931.0303
1376,4930.725
1377,4930.725
1378,4931.3354
1379,4931.946
1380,4931.6406
1381,4931.3354
1382,4931.6406
1383,4931.6406
1384,4931.3354
1385,4932.251
1386,4931.946
1387,4931.6406
1388,4931.3354
1389,4931.3354
1390,4931.0303
1391,4931.3354
1392,4931.946
1393,4930.725
1394,4931.946
1395,4931.0303
1396,4931.6406
1397,4931.6406
1398,4930.42
1399,4931.3354
1400,4931.3354
1401,4931.0303
1402,4931.946
1403,4931.3354
1404,4931.0303
1405,4930.42
1406,4931.3354
1407,4931.6406
1408,4930.42
1409,4931.0303
1410,4931.6406
1411,4931.3354
1412,4930.42
1413,4931.6406
1414,4931.6406
1415,4931.3354
1416,4932.556
1417,4931.0303
1418,4931.3354
1419,4931.0303
1420,4932.251
1421,4930.725
1422,4930.725
1423,4931.6406
1424,4932.251
1425,4931.0303
1426,4930.725
1427,4931.6406
1428,4932.251
1429,4931.3354
1430,4931.6406
1431,4931.3354
1432,4931.3354
1433,4931.946
1434,4930.42
1435,4931.3354
1436,4931.3354
1437,4931.0303
1438,4931.946
1439,4931.3354
1440,4930.725
1441,4930.725
1442,4931.0303
1443,4931.6406
1444,4931.3354
1445,4931.3354
1446,4931.6406
1447,4931.6406
1448,4931.3354
1449,4931.6406
1450,4931.0303
1451,4931.0303
1452,4931.3354
1453,4931.3354
1454,4931.3354
1455,4931.0303
1456,4931.946
1457,4931.3354
1458,4931.6406
1459,4931.3354
1460,4932.556
1461,4931.6406
1462,4931.0303
1463,4931.3354
1464,4931.0303
1465,4931.3354
1466,4931.6406
1467,4931.3354
1468,4931.3354
1469,4931.3354
1470,4930.725
1471,4931.3354
1472,4931.6406
1473,4931.3354
1474,4931.3354
1475,4930.42
1476,4931.3354
1477,4931.946
1478,4931.3354
1479,4930.725
1480,4931.3354
1481,4930.1147
1482,4930.42
1483,4931.0303
1484,4931.6406
1485,4931.6406
1486,4932.556
1487,4931.3354
1488,4931.3354
1489,4931.3354
1490,4931.3354
1491,4931.0303
1492,4931.3354
1493,4930.725
1494,4930.725
1495,4931.3354
1496,4931.6406
1497,4931.3354
1498,4931.6406
1499,4930.42
1500,4930.725
1501,4930.725
1502,4931.6406
1503,4931.6406
1504,4931.3354
1505,4931.3354
1506,4931.3354
1507,4931.0303
1508,4931.946
1509,4931.6406
1510,4931.6406
1511,4931.0303
1512,4931.3354
1513,4931.946
1514,4931.3354
1515,4932.251
1516,4931.946
1517,4931.0303
1518,4930.1147
1519,4931.6406
1520,4931.0303
1521,4931.3354
1522,4931.0303
1523,4930.725
1524,4931.6406
1525,4931.0303
1526,4930.42
1527,4931.0303
1528,4931.3354
1529,4930.725
1530,4931.946
1531,4931.0303
1532,4930.42
1533,4931.3354
1534,4931.6406
1535,4931.0303
1536,4931.0303
1537,4931.6406
1538,4931.0303
1539,4931.3354
1540,4931.0303
1541,4931.3354
1542,4931.6406
1543,4931.6406
1544,4931.0303
1545,4931.3354
1546,4930.725
1547,4931.6406
1548,4931.946
1549,4931.3354
1550,4930.1147
1551,4931.0303
1552,4933.1665
1553,4931.6406
1554,4931.946
1555,4931.6406
1556,4931.3354
1557,4930.725
1558,4931.0303
1559,4931.946
1560,4931.6406
1561,4931.3354
1562,4931.3354
1563,4931.3354
1564,4931.0303
1565,4931.3354
1566,4930.725
1567,4930.725
1568,4930.1147
1569,4931.0303
1570,4931.0303
1571,4931.3354
1572,4932.251
1573,4931.0303
1574,4931.0303
1575,4931.0303
1576,4931.6406
1577,4930.725
1578,4931.0303
1579,4930.725
1580,4931.0303
1581,4930.725
1582,4931.6406
1583,4931.3354
1584,4931.946
1585,4930.42
1586,4931.3354
1587,4931.3354
1588,4931.3354
1589,4930.1147
1590,4931.3354
1591,4932.251
1592,4931.0303
1593,4933.4717
1594,4931.3354
1595,4931.3354
1596,4931.6406
1597,4931.3354
1598,4931.6406
1599,4930.725
1600,4931.946
1601,4931.3354
1602,4931.6406
1603,4931.0303
1604,4931.3354
1605,4930.725
1606,4931.0303
1607,4930.42
1608,4931.0303
1609,4931.3354
1610,4931.3354
1611,4931.3354
1612,4931.3354
1613,4930.725
1614,4931.946
1615,4931.946
1616,4931.3354
1617,4931.0303
1618,4931.0303
1619,4931.0303
1620,4930.1147
1621,4931.6406
1622,4931.6406
1623,4931.0303
1624,4931.3354
1625,4931.3354
1626,4931.0303
1627,4931.0303
1628,4930.725
1629,4931.6406
1630,4931.6406
1631,4930.725
1632,4931.6406
1633,4931.946
1634,4931.6406
1635,4931.3354
1636,4931.946
1637,4931.0303
1638,4931.3354
1639,4931.6406
1640,4930.725
1641,4931.3354
1642,4931.3354
1643,4932.251
1644,4931.6406
1645,4930.725
1646,4931.6406
1647,4931.0303
1648,4931.0303
1649,4931.0303
1650,4930.725
1651,4931.3354
1652,4931.6406
1653,4930.725
1654,4931.946
1655,4931.3354
1656,4930.42
1657,4930.42
1658,4931.946
1659,4930.725
1660,4931.3354
1661,4932.251
1662,4931.0303
1663,4931.946
1664,4931.0303
1665,4931.6406
1666,4931.946
1667,4931.0303
1668,4931.0303
1669,4930.725
1670,4930.725
1671,4931.0303
1672,4931.3354
1673,4931.0303
1674,4931.0303
1675,4931.0303
1676,4931.6406
1677,4931.6406
1678,4932.8613
1679,4931.3354
1680,4932.251
1681,4931.0303
1682,4931.3354
1683,4931.3354
1684,4931.0303
1685,4931.0303
1686,4930.725
1687,4931.946
1688,4931.6406
1689,4931.6406
1690,4932.251
1691,4930.725
1692,4931.0303
1693,4931.3354
1694,4930.1147
1695,4931.3354
1696,4931.6406
1697,4931.946
1698,4931.0303
1699,4931.3354
1700,4931.6406
1701,4930.1147
1702,4931.0303
1703,4931.0303
1704,4931.3354
1705,4931.0303
1706,4930.42
1707,4930.725
1708,4931.3354
1709,4931.3354
1710,4931.0303
1711,4931.6406
1712,4931.0303
1713,4930.725
1714,4931.3354
1715,4931.6406
1716,4930.725
1717,4931.3354
1718,4931.946
1719,4931.946
1720,4931.0303
1721,4931.3354
1722,4931.0303
1723,4931.3354
1724,4931.0303
1725,4931.0303
1726,4931.946
1727,4931.3354
1728,4931.0303
1729,4931.0303
1730,4931.0303
1731,4931.6406
1732,4930.725
1733,4931.3354
1734,4931.3354
1735,4931.6406
1736,4932.251
1737,4930.725
1738,4930.725
1739,4931.6406
1740,4931.3354
1741,4931.0303
1742,4930.725
1743,4931.3354
1744,4931.3354
1745,4931.3354
1746,4930.725
1747,4931.3354
1748,4931.3354
1749,4931.6406
1750,4930.725
1751,4930.725
1752,4931.0303
1753,4931.3354
1754,4930.725
1755,4931.3354
1756,4931.3354
1757,4931.3354
1758,4931.0303
1759,4931.3354
1760,4931.3354
1761,4931.3354
1762,4931.6406
1763,4930.725
1764,4931.3354
1765,4931.6406
1766,4930.1147
1767,4931.3354
1768,4931.0303
1769,4930.42
1770,4932.556
1771,4931.0303
1772,4931.0303
1773,4931.0303
1774,4931.0303
1775,4930.725
1776,4930.725
1777,4931.0303
1778,4932.251
1779,4931.0303
1780,4931.3354
1781,4930.725
1782,4931.0303
1783,4930.42
1784,4930.42
1785,4931.0303
1786,4931.3354
1787,4930.42
1788,4931.0303
1789,4931.6406
1790,4931.3354
1791,4931.0303
1792,4930.725
1793,4931.6406
1794,4930.42
1795,4931.0303
1796,4930.725
1797,4931.6406
1798,4931.0303
1799,4931.6406
1800,4931.0303
1801,4932.251
1802,4930.725
1803,4931.0303
1804,4930.725
1805,4931.3354
1806,4931.3354
1807,4930.725
1808,4930.725
1809,4930.725
1810,4931.3354
1811,4931.946
1812,4931.0303
1813,4930.725
1814,4931.3354
1815,4931.3354
1816,4931.3354
1817,4931.0303
1818,4931.946
1819,4930.42
1820,4931.6406
1821,4931.3354
1822,4931.3354
1823,4931.0303
1824,4931.0303
1825,4931.3354
1826,4930.42
1827,4931.0303
1828,4931.946
1829,4931.6406
1830,4930.725
1831,4930.42
1832,4931.946
1833,4931.6406
1834,4931.3354
1835,4931.946
1836,4930.1147
1837,4931.0303
1838,4931.946
1839,4931.6406
1840,4933.4717
1841,4930.42
1842,4931.6406
1843,4931.6406
1844,4931.0303
1845,4931.3354
1846,4931.6406
1847,4930.42
1848,4932.251
1849,4930.725
1850,4931.3354
1851,4930.725
1852,4931.6406
1853,4930.725
1854,4931.0303
1855,4931.3354
1856,4931.0303
1857,4930.42
1858,4930.725
1859,4931.0303
1860,4931.946
1861,4931.0303
1862,4931.0303
1863,4931.0303
1864,4931.3354
1865,4931.3354
1866,4931.3354
1867,4931.946
1868,4930.42
1869,4931.0303
1870,4931.3354
1871,4931.6406
1872,4931.0303
1873,4931.0303
1874,4931.3354
1875,4931.0303
1876,4931.0303
1877,4931.6406
1878,4930.725
1879,4930.42
1880,4931.6406
1881,4931.6406
1882,4930.725
1883,4930.42
1884,4931.0303
1885,4931.3354
1886,4931.0303
1887,4931.0303
1888,4931.3354
1889,4931.0303
1890,4931.3354
1891,4931.0303
1892,4931.946
1893,4930.725
1894,4930.725
1895,4931.6406
1896,4930.725
1897,4931.946
1898,4931.0303
1899,4931.6406
1900,4931.3354
1901,4930.1147
1902,4931.3354
1903,4931.3354
1904,4931.0303
1905,4930.725
1906,4930.42
1907,4930.725
1908,4931.3354
1909,4931.6406
1910,4932.251
1911,4931.3354
1912,4931.6406
1913,4931.6406
1914,4932.251
1915,4931.6406
1916,4931.3354
1917,4931.6406
1918,4931.3354
1919,4930.42
1920,4931.6406
1921,4930.725
1922,4931.3354
1923,4931.0303
1924,4931.6406
1925,4932.251
1926,4931.6406
1927,4930.1147
1928,4931.6406
1929,4931.0303
1930,4931.0303
1931,4931.0303
1932,4929.5044
1933,4931.3354
1934,4931.3354
1935,4930.725
1936,4931.6406
1937,4931.3354
1938,4931.3354
1939,4930.42
1940,4931.0303
1941,4931.0303
1942,4931.3354
1943,4931.3354
1944,4931.6406
1945,4931.946
1946,4931.3354
1947,4930.42
1948,4931.3354
1949,4931.0303
1950,4931.6406
1951,4931.3354
1952,4931.0303
1953,4932.251
1954,4931.6406
1955,4931.6406
1956,4931.0303
1957,4930.725
1958,4930.725
1959,4931.3354
1960,4932.251
1961,4931.6406
1962,4930.42
1963,4931.0303
1964,4930.725
1965,4931.0303
1966,4931.3354
1967,4932.251
1968,4931.0303
1969,4931.3354
1970,4931.946
1971,4931.3354
1972,4930.725
1973,4931.6406
1974,4930.725
1975,4930.725
1976,4930.1147
1977,4931.0303
1978,4931.946
1979,4930.725
1980,4931.6406
1981,4931.6406
1982,4930.1147
1983,4931.3354
1984,4931.6406
1985,4931.3354
1986,4931.3354
1987,4931.3354
1988,4930.1147
1989,4931.3354
1990,4930.42
1991,4931.0303
1992,4931.6406
1993,4930.42
1994,4931.3354
1995,4931.6406
1996,4931.6406
1997,4931.3354
1998,4932.251
1999,4931.3354
2000,4930.725
2001,4930.725
2002,4931.0303
2003,4931.3354
2004,4931.0303
2005,4931.0303
2006,4931.3354
2007,4930.42
2008,4932.251
2009,4930.725
2010,4931.0303
2011,4931.3354
2012,4931.6406
2013,4929.199
2014,4930.1147
2015,4931.3354
2016,4931.6406
2017,4932.8613
2018,4930.1147
2019,4931.0303
2020,4931.6406
2021,4930.725
2022,4930.725
2023,4931.3354
2024,4930.42
2025,4931.0303
2026,4931.6406
2027,4930.725
2028,4931.0303
2029,4931.0303
2030,4931.3354
2031,4931.6406
2032,4929.199
2033,4930.42
2034,4931.6406
2035,4931.6406
2036,4930.42
2037,4930.725
2038,4930.725
2039,4931.0303
2040,4931.6406
2041,4931.3354
2042,4931.0303
2043,4931.6406
2044,4931.6406
2045,4931.946
2046,4931.0303
2047,4931.3354
2048,4932.8613
2049,4932.251
2050,4931.0303
2051,4930.725
2052,4931.6406
2053,4931.3354
2054,4930.725
2055,4931.3354
2056,4931.0303
2057,4930.42
2058,4930.725
2059,4930.725
2060,4931.3354
2061,4931.6406
2062,4929.5044
2063,4931.0303
2064,4930.725
2065,4931.0303
2066,4931.946
2067,4930.725
2068,4930.725
2069,4931.0303
2070,4931.6406
2071,4931.0303
2072,4931.0303
2073,4931.946
2074,4931.0303
2075,4930.42
2076,4931.0303
2077,4930.42
2078,4931.3354
2079,4931.3354
2080,4931.3354
2081,4931.6406
2082,4931.0303
2083,4930.1147
2084,4931.3354
2085,4931.3354
2086,4930.725
2087,4932.8613
2088,4931.3354
2089,4931.0303
2090,4931.6406
2091,4931.946
2092,4930.725
2093,4931.3354
2094,4931.0303
2095,4931.3354
2096,4930.42
2097,4930.725
2098,4931.3354
2099,4931.6406
2100,4930.725
2101,4931.6406
2102,4931.946
2103,4930.42
2104,4931.0303
2105,4931.6406
2106,4931.3354
2107,4930.725
2108,4930.725
2109,4931.0303
2110,4931.0303
2111,4931.0303
2112,4930.725
2113,4931.6406
2114,4930.725
2115,4931.6406
2116,4930.725
2117,4930.725
2118,4931.0303
2119,4930.725
2120,4930.725
2121,4931.0303
2122,4931.6406
2123,4931.0303
2124,4930.725
2125,4931.6406
2126,4930.42
2127,4931.3354
2128,4931.6406
2129,4931.0303
2130,4931.6406
2131,4932.556
2132,4931.0303
2133,4931.6406
2134,4931.3354
2135,4931.3354
2136,4931.0303
2137,4930.725
2138,4930.725
2139,4932.251
2140,4931.0303
2141,4931.0303
2142,4930.42
2143,4931.3354
2144,4931.6406
2145,4930.42
2146,4931.0303
2147,4930.42
2148,4931.946
2149,4931.0303
2150,4931.3354
2151,4930.725
2152,4931.0303
2153,4931.0303
2154,4931.6406
2155,4931.0303
2156,4930.725
2157,4931.6406
2158,4930.725
2159,4931.3354
2160,4931.6406
2161,4931.0303
2162,4931.3354
2163,4931.0303
2164,4931.0303
2165,4931.6406
2166,4930.42
2167,4931.3354
2168,4931.3354
2169,4931.6406
2170,4930.42
2171,4931.3354
2172,4930.725
2173,4931.0303
2174,4931.0303
2175,4931.3354
2176,4932.556
2177,4931.946
2178,4930.725
2179,4931.6406
2180,4931.0303
2181,4931.0303
2182,4930.725
2183,4930.725
2184,4930.725
2185,4931.3354
2186,4930.725
2187,4931.0303
2188,4931.0303
2189,4931.0303
2190,4931.6406
2191,4931.6406
2192,4930.42
2193,4931.6406
2194,4931.3354
2195,4930.1147
2196,4931.6406
2197,4931.3354
2198,4931.946
2199,4931.0303
2200,4930.725
2201,4930.725
2202,4931.0303
2203,4931.0303
2204,4931.946
2205,4931.3354
2206,4931.3354
2207,4931.3354
2208,4931.3354
2209,4931.6406
2210,4931.946
2211,4930.725
2212,4931.6406
2213,4931.6406
2214,4930.42
2215,4931.3354
2216,4930.42
2217,4931.3354
2218,4931.0303
2219,4930.42
2220,4930.725
2221,4931.0303
2222,4931.6406
2223,4930.725
2224,4930.725
2225,4931.3354
2226,4929.8096
2227,4931.6406
2228,4931.0303
2229,4931.3354
2230,4932.251
2231,4931.0303
2232,4930.725
2233,4931.0303
2234,4931.3354
2235,4931.6406
2236,4930.725
2237,4931.6406
2238,4931.6406
2239,4931.3354
2240,4931.0303
2241,4931.0303
2242,4930.725
2243,4931.946
2244,4931.6406
2245,4930.725
2246,4931.3354
2247,4930.725
2248,4930.725
2249,4931.3354
2250,4931.0303
2251,4930.725
2252,4930.725
2253,4930.42
2254,4931.6406
2255,4931.3354
2256,4931.946
2257,4931.6406
2258,4931.3354
2259,4930.1147
2260,4930.725
2261,4931.946
2262,4931.3354
2263,4931.3354
2264,4931.6406
2265,4931.0303
2266,4931.3354
2267,4931.3354
2268,4931.0303
2269,4931.3354
2270,4931.3354
2271,4931.0303
2272,4931.946
2273,4931.0303
2274,4930.725
2275,4931.3354
2276,4931.6406
2277,4931.6406
2278,4931.0303
2279,4931.946
2280,4931.0303
2281,4930.725
2282,4931.0303
2283,4930.725
2284,4931.3354
2285,4931.0303
2286,4931.0303
2287,4931.0303
2288,4931.0303
2289,4930.42
2290,4931.946
2291,4931.3354
2292,4931.946
2293,4930.1147
2294,4930.725
2295,4930.42
2296,4930.42
2297,4931.6406
2298,4931.0303
2299,4931.3354
2300,4931.6406
2301,4931.6406
2302,4931.0303
2303,4931.3354
2304,4931.0303
2305,4931.946
2306,4931.0303
2307,4931.3354
2308,4931.0303
2309,4930.725
2310,4931.3354
2311,4931.0303
2312,4931.946
2313,4931.3354
2314,4931.0303
2315,4931.0303
2316,4930.42
2317,4931.3354
2318,4930.725
2319,4931.3354
2320,4930.42
2321,4931.946
2322,4930.725
2323,4930.725
2324,4932.251
2325,4931.6406
2326,4931.0303
2327,4931.3354
2328,4931.3354
2329,4930.725
2330,4929.8096
2331,4932.8613
2332,4931.0303
2333,4931.6406
2334,4933.1665
2335,4931.3354
2336,4931.3354
2337,4931.3354
2338,4931.3354
2339,4931.3354
2340,4930.725
2341,4931.0303
2342,4930.42
2343,4931.3354
2344,4931.0303
2345,4931.3354
2346,4931.0303
2347,4930.42
2348,4930.725
2349,4931.6406
2350,4930.725
2351,4930.725
2352,4930.725
2353,4931.3354
2354,4929.8096
2355,4931.3354
2356,4931.3354
2357,4931.6406
2358,4931.0303
2359,4931.0303
2360,4931.6406
2361,4931.3354
2362,4931.0303
2363,4932.251
2364,4930.42
2365,4930.725
2366,4931.946
2367,4930.42
2368,4931.0303
2369,4931.3354
2370,4930.1147
2371,4931.3354
2372,4930.42
2373,4932.251
2374,4931.946
2375,4930.42
2376,4930.1147
2377,4932.251
2378,4931.3354
2379,4931.0303
2380,4931.3354
2381,4931.6406
2382,4931.6406
2383,4931.0303
2384,4930.725
2385,4932.251
2386,4931.3354
2387,4930.42
2388,4931.0303
2389,4931.0303
2390,4932.251
2391,4931.946
2392,4930.725
2393,4931.0303
2394,4931.0303
2395,4931.946
2396,4930.42
2397,4931.3354
2398,4930.725
2399,4932.8613
2400,4931.3354
2401,4931.3354
2402,4930.42
2403,4931.0303
2404,4932.251
2405,4930.725
2406,4931.6406
2407,4931.3354
2408,4930.725
2409,4930.1147
2410,4931.3354
2411,4931.0303
2412,4931.3354
2413,4931.3354
2414,4930.725
2415,4931.0303
2416,4931.0303
2417,4931.3354
2418,4931.3354
2419,4931.3354
2420,4930.725
2421,4931.0303
2422,4930.42
2423,4931.0303
2424,4931.6406
2425,4931.3354
2426,4931.6406
2427,4931.0303
2428,4932.251
2429,4930.42
2430,4931.0303
2431,4931.6406
2432,4931.6406
2433,4927.9785
2434,4931.3354
2435,4931.6406
2436,4931.6406
2437,4931.6406
2438,4931.0303
2439,4931.0303
2440,4931.3354
2441,4931.0303
2442,4931.6406
2443,4931.6406
2444,4931.3354
2445,4931.3354
2446,4930.725
2447,4931.0303
2448,4930.725
2449,4931.6406
2450,4931.3354
2451,4931.0303
2452,4930.42
2453,4930.725
2454,4930.725
2455,4931.946
2456,4932.251
2457,4930.725
2458,4930.42
2459,4931.6406
2460,4931.6406
2461,4931.3354
2462,4930.42
2463,4931.946
2464,4931.3354
2465,4930.1147
2466,4931.6406
2467,4931.0303
2468,4931.6406
2469,4930.725
2470,4930.725
2471,4931.3354
2472,4930.1147
2473,4931.3354
2474,4931.0303
2475,4930.42
2476,4931.3354
2477,4931.3354
2478,4931.0303
2479,4931.3354
2480,4931.6406
2481,4931.6406
2482,4931.3354
2483,4931.0303
2484,4931.3354
2485,4930.725
2486,4931.6406
2487,4931.0303
2488,4931.6406
2489,4931.3354
2490,4930.725
2491,4931.3354
2492,4931.0303
2493,4930.42
2494,4931.3354
2495,4931.3354
2496,4931.0303
2497,4931.946
2498,4931.0303
2499,4931.6406
2500,4931.3354
2501,4931.3354
2502,4930.725
2503,4930.725
2504,4931.0303
2505,4931.0303
2506,4931.6406
2507,4930.1147
2508,4931.0303
2509,4931.3354
2510,4931.0303
2511,4931.946
2512,4931.0303
2513,4931.946
2514,4930.1147
2515,4931.0303
2516,4931.0303
2517,4930.725
2518,4931.6406
2519,4931.0303
2520,4931.3354
2521,4931.3354
2522,4931.0303
2523,4931.6406
2524,4930.42
2525,4930.42
2526,4931.3354
2527,4932.251
2528,4931.0303
2529,4931.3354
2530,4931.6406
2531,4930.42
2532,4930.725
2533,4931.0303
2534,4930.725
2535,4931.3354
2536,4931.0303
2537,4931.3354
2538,4931.6406
2539,4930.725
2540,4930.725
2541,4931.946
2542,4931.3354
2543,4931.0303
2544,4931.6406
2545,4931.6406
2546,4931.0303
2547,4931.3354
2548,4931.3354
2549,4931.3354
2550,4931.0303
2551,4931.6406
2552,4930.725
2553,4930.42
2554,4931.0303
2555,4933.1665
2556,4930.725
2557,4930.42
2558,4931.3354
2559,4931.3354
2560,4930.1147
2561,4931.3354
2562,4930.725
2563,4931.3354
2564,4930.725
2565,4930.1147
2566,4931.6406
2567,4932.251
2568,4931.3354
2569,4930.1147
2570,4931.0303
2571,4931.6406
2572,4931.3354
2573,4931.3354
2574,4930.725
2575,4931.0303
2576,4931.0303
2577,4929.5044
2578,4931.6406
2579,4931.0303
2580,4931.6406
2581,4932.251
2582,4931.3354
2583,4930.725
2584,4931.0303
2585,4930.42
2586,4931.3354
2587,4930.725
2588,4931.946
2589,4931.3354
2590,4930.725
2591,4931.946
2592,4930.1147
2593,4931.3354
2594,4931.6406
2595,4930.42
2596,4931.0303
2597,4931.0303
2598,4931.0303
2599,4931.3354
2600,4931.0303
2601,4931.0303
2602,4930.725
2603,4930.725
2604,4931.0303
2605,4931.0303
2606,4930.725
2607,4931.3354
2608,4931.3354
2609,4931.6406
2610,4930.725
2611,4931.0303
2612,4931.3354
2613,4931.0303
2614,4931.3354
2615,4930.725
2616,4931.0303
2617,4931.3354
2618,4931.3354
2619,4931.3354
2620,4930.42
2621,4930.42
2622,4931.6406
2623,4931.0303
2624,4931.6406
2625,4931.3354
2626,4932.251
2627,4930.725
2628,4931.0303
2629,4931.0303
2630,4931.6406
2631,4931.0303
2632,4930.1147
2633,4930.725
2634,4930.1147
2635,4930.725
2636,4931.946
2637,4931.3354
2638,4930.42
2639,4931.0303
2640,4931.6406
2641,4931.946
2642,4931.6406
2643,4931.0303
2644,4931.3354
2645,4931.6406
2646,4930.42
2647,4930.42
2648,4931.6406
2649,4931.3354
2650,4931.6406
2651,4932.251
2652,4930.42
2653,4931.0303
2654,4931.3354
2655,4931.3354
2656,4930.725
2657,4931.3354
2658,4931.0303
2659,4931.0303
2660,4931.3354
2661,4931.6406
2662,4930.42
2663,4931.6406
2664,4931.3354
2665,4931.946
2666,4931.0303
2667,4931.6406
2668,4931.946
2669,4931.3354
2670,4931.0303
2671,4931.0303
2672,4931.3354
2673,4931.6406
2674,4931.0303
2675,4931.946
2676,4931.0303
2677,4930.1147
2678,4931.946
2679,4931.6406
2680,4931.3354
2681,4931.3354
2682,4930.725
2683,4931.6406
2684,4930.1147
2685,4930.42
2686,4931.6406
2687,4931.3354
2688,4931.0303
2689,4931.3354
2690,4930.42
2691,4932.251
2692,4932.251
2693,4931.946
2694,4932.251
2695,4931.946
2696,4931.0303
2697,4931.946
2698,4931.0303
2699,4931.0303
2700,4931.3354
2701,4931.0303
2702,4930.725
2703,4931.6406
2704,4931.946
2705,4931.6406
2706,4930.725
2707,4931.0303
2708,4931.946
2709,4931.0303
2710,4931.3354
2711,4930.725
2712,4931.6406
2713,4931.3354
2714,4931.6406
2715,4931.0303
2716,4930.725
2717,4931.6406
2718,4930.725
2719,4931.6406
2720,4930.42
2721,4931.0303
2722,4931.6406
2723,4931.3354
2724,4931.3354
2725,4931.0303
2726,4931.3354
2727,4931.0303
2728,4930.725
2729,4930.725
2730,4931.0303
2731,4931.0303
2732,4932.251
2733,4931.0303
2734,4931.6406
2735,4930.725
2736,4932.251
2737,4931.3354
2738,4931.0303
2739,4931.6406
2740,4930.725
2741,4931.946
2742,4931.3354
2743,4931.0303
2744,4931.3354
2745,4931.3354
2746,4931.6406
2747,4930.1147
2748,4930.725
2749,4931.3354
2750,4930.725
2751,4930.725
2752,4930.725
2753,4931.0303
2754,4930.1147
2755,4930.725
2756,4930.1147
2757,4930.725
2758,4931.946
2759,4930.725
2760,4930.1147
2761,4931.3354
2762,4931.3354
2763,4931.6406
2764,4931.946
2765,4930.725
2766,4930.725
2767,4931.3354
2768,4931.6406
2769,4931.3354
2770,4931.946
2771,4930.42
2772,4931.946
2773,4931.0303
2774,4931.3354
2775,4931.6406
2776,4931.3354
2777,4931.0303
2778,4931.0303
2779,4931.946
2780,4932.556
2781,4931.3354
2782,4931.6406
2783,4931.6406
2784,4930.725
2785,4931.3354
2786,4931.0303
2787,4931.0303
2788,4931.0303
2789,4931.6406
2790,4931.6406
2791,4929.8096
2792,4931.946
2793,4931.0303
2794,4931.3354
2795,4931.3354
2796,4931.6406
2797,4930.42
2798,4931.6406
2799,4931.0303
2800,4931.0303
2801,4930.725
2802,4931.946
2803,4930.42
2804,4931.3354
2805,4930.42
2806,4931.6406
2807,4931.0303
2808,4931.0303
2809,4931.6406
2810,4931.0303
2811,4931.0303
2812,4930.725
2813,4930.725
2814,4931.6406
2815,4930.42
2816,4929.8096
2817,4931.3354
2818,4931.0303
2819,4930.725
2820,4931.0303
2821,4931.0303
2822,4931.3354
2823,4930.725
2824,4929.199
2825,4930.725
2826,4930.725
2827,4931.6406
2828,4932.556
2829,4930.725
2830,4931.0303
2831,4931.6406
2832,4931.6406
2833,4930.725
2834,4930.1147
2835,4931.0303
2836,4930.42
2837,4931.6406
2838,4931.3354
2839,4931.946
2840,4931.0303
2841,4931.3354
2842,4931.0303
2843,4931.3354
2844,4930.1147
2845,4931.3354
2846,4931.0303
2847,4931.3354
2848,4930.725
2849,4930.725
2850,4931.0303
2851,4930.725
2852,4931.0303
2853,4930.725
2854,4931.6406
2855,4931.3354
2856,4931.6406
2857,4930.725
2858,4930.725
2859,4932.251
2860,4931.3354
2861,4931.3354
2862,4931.6406
2863,4931.946
2864,4931.3354
2865,4931.3354
2866,4930.725
2867,4931.3354
2868,4931.0303
2869,4931.0303
2870,4931.3354
2871,4930.42
2872,4931.0303
2873,4931.6406
2874,4931.0303
2875,4930.42
2876,4931.946
2877,4931.0303
2878,4931.3354
2879,4931.0303
2880,4931.6406
2881,4931.946
2882,4930.725
2883,4931.3354
2884,4931.6406
2885,4930.725
2886,4930.42
2887,4930.42
2888,4930.725
2889,4931.3354
2890,4930.1147
2891,4930.42
2892,4932.251
2893,4930.725
2894,4930.42
2895,4931.3354
2896,4931.6406
2897,4931.0303
2898,4932.556
2899,4931.3354
2900,4931.6406
2901,4931.6406
2902,4931.6406
2903,4931.0303
2904,4931.3354
2905,4931.3354
2906,4931.946
2907,4931.6406
2908,4931.0303
2909,4931.3354
2910,4931.946
2911,4931.0303
2912,4931.0303
2913,4931.6406
2914,4931.3354
2915,4930.42
2916,4930.725
2917,4931.6406
2918,4931.0303
2919,4930.42
2920,4930.725
2921,4930.1147
2922,4931.3354
2923,4931.3354
2924,4931.0303
2925,4931.0303
2926,4931.0303
2927,4931.6406
2928,4930.725
2929,4931.6406
2930,4931.6406
2931,4932.251
2932,4931.0303
2933,4931.3354
2934,4930.725
2935,4929.8096
2936,4931.3354
2937,4931.0303
2938,4931.0303
2939,4931.3354
2940,4931.6406
2941,4931.3354
2942,4931.6406
2943,4931.0303
2944,4931.3354
2945,4931.6406
2946,4930.42
2947,4930.725
2948,4931.6406
2949,4931.946
2950,4930.42
2951,4931.6406
2952,4931.0303
2953,4931.0303
2954,4931.0303
2955,4931.3354
2956,4931.0303
2957,4931.0303
2958,4931.3354
2959,4930.42
2960,4931.0303
2961,4930.1147
2962,4930.42
2963,4931.3354
2964,4931.0303
2965,4930.725
2966,4931.0303
2967,4931.3354
2968,4931.0303
2969,4931.0303
2970,4931.6406
2971,4930.42
2972,4930.725
2973,4932.251
2974,4930.725
2975,4931.0303
2976,4931.0303
2977,4931.6406
2978,4930.725
2979,4931.3354
2980,4930.725
2981,4931.0303
2982,4931.3354
2983,4931.3354
2984,4930.42
2985,4930.725
2986,4930.725
2987,4931.6406
2988,4931.946
2989,4930.725
2990,4931.0303
2991,4931.3354
2992,4931.6406
2993,4931.0303
2994,4930.725
2995,4930.725
2996,4930.42
2997,4931.0303
2998,4931.6406
2999,4930.1147
3000,4931.0303
3001,4930.725
3002,4931.0303
3003,4930.42
3004,4931.6406
3005,4932.8613
3006,4931.0303
3007,4931.3354
3008,4931.3354
3009,4931.3354
3010,4931.0303
3011,4931.0303
3012,4931.946
3013,4931.6406
3014,4931.3354
3015,4931.3354
3016,4931.6406
3017,4931.946
3018,4931.0303
3019,4931.6406
3020,4931.0303
3021,4931.0303
3022,4931.3354
3023,4931.6406
3024,4931.0303
3025,4930.725
3026,4931.3354
3027,4931.3354
3028,4931.6406
3029,4931.6406
3030,4930.725
3031,4930.725
3032,4932.251
3033,4930.725
3034,4930.725
3035,4931.3354
3036,4931.3354
3037,4931.3354
3038,4930.725
3039,4930.725
3040,4930.725
3041,4931.0303
3042,4931.0303
3043,4931.0303
3044,4931.0303
3045,4931.6406
3046,4930.725
3047,4930.725
3048,4930.725
3049,4931.0303
3050,4931.6406
3051,4931.0303
3052,4931.3354
3053,4930.42
3054,4931.3354
3055,4931.3354
3056,4931.6406
3057,4931.0303
3058,4931.946
3059,4930.42
3060,4931.0303
3061,4931.0303
3062,4931.3354
3063,4930.42
3064,4931.0303
3065,4930.725
3066,4930.1147
3067,4930.725
3068,4932.556
3069,4931.3354
3070,4929.8096
3071,4929.8096
3072,4931.0303
3073,4932.251
3074,4931.3354
3075,4932.556
3076,4931.6406
3077,4931.0303
3078,4931.0303
3079,4931.3354
3080,4930.42
3081,4930.725
3082,4931.3354
3083,4931.6406
3084,4930.42
3085,4930.1147
3086,4931.0303
3087,4931.3354
3088,4931.0303
3089,4931.6406
3090,4930.725
3091,4931.6406
3092,4931.3354
3093,4930.725
3094,4931.6406
3095,4931.3354
3096,4931.0303
3097,4930.725
3098,4930.725
3099,4931.0303
3100,4930.725
3101,4931.6406
3102,4931.3354
3103,4931.0303
3104,4931.3354
3105,4931.0303
3106,4931.3354
3107,4931.3354
3108,4931.0303
3109,4931.0303
3110,4931.3354
3111,4931.3354
3112,4931.6406
3113,4931.6406
3114,4931.3354
3115,4931.0303
3116,4930.42
3117,4931.3354
3118,4931.3354
3119,4932.251
3120,4930.42
3121,4930.1147
3122,4931.3354
3123,4931.0303
3124,4931.0303
3125,4930.1147
3126,4931.0303
3127,4931.6406
3128,4931.0303
3129,4931.0303
3130,4930.725
3131,4931.0303
3132,4931.6406
3133,4931.0303
3134,4931.3354
3135,4930.725
3136,4931.3354
3137,4931.6406
3138,4930.725
3139,4931.0303
3140,4931.0303
3141,4931.0303
3142,4931.946
3143,4931.6406
3144,4931.3354
3145,4932.556
3146,4931.6406
3147,4931.6406
3148,4931.0303
3149,4931.3354
3150,4931.3354
3151,4931.6406
3152,4930.42
3153,4931.3354
3154,4931.3354
3155,4931.946
3156,4931.6406
3157,4930.725
3158,4931.0303
3159,4930.725
3160,4931.3354
3161,4931.946
3162,4930.725
3163,4931.6406
3164,4931.946
3165,4931.0303
3166,4929.8096
3167,4930.725
3168,4930.725
3169,4931.3354
3170,4931.0303
3171,4930.42
3172,4931.6406
3173,4930.725
3174,4931.3354
3175,4931.946
3176,4930.725
3177,4930.42
3178,4931.3354
3179,4930.42
3180,4931.0303
3181,4931.0303
3182,4930.1147
3183,4931.3354
3184,4930.725
3185,4931.3354
3186,4932.251
3187,4931.6406
3188,4931.6406
3189,4931.0303
3190,4932.251
3191,4930.725
3192,4931.3354
3193,4931.3354
3194,4931.3354
3195,4931.0303
3196,4931.0303
3197,4931.0303
3198,4931.3354
3199,4931.3354
3200,4930.1147
3201,4931.0303
3202,4931.0303
3203,4931.3354
3204,4931.946
3205,4931.3354
3206,4931.6406
3207,4930.725
3208,4930.725
3209,4930.42
3210,4931.0303
3211,4930.725
3212,4931.3354
3213,4931.0303
3214,4931.0303
3215,4931.0303
3216,4931.0303
3217,4931.3354
3218,4931.6406
3219,4931.6406
3220,4930.725
3221,4931.3354
3222,4932.556
3223,4930.725
3224,4931.3354
3225,4931.3354
3226,4931.0303
3227,4931.6406
3228,4930.725
3229,4931.6406
3230,4931.0303
3231,4930.725
3232,4931.3354
3233,4930.725
3234,4930.42
3235,4931.0303
3236,4931.946
3237,4931.3354
3238,4930.42
3239,4931.3354
3240,4930.725
3241,4930.725
3242,4931.0303
3243,4931.0303
3244,4930.42
3245,4931.0303
3246,4931.0303
3247,4931.3354
3248,4930.42
3249,4930.725
3250,4931.6406
3251,4931.0303
3252,4932.8613
3253,4931.0303
3254,4930.725
3255,4931.3354
3256,4931.6406
3257,4931.3354
3258,4931.3354
3259,4930.1147
3260,4931.3354
3261,4930.725
3262,4931.3354
3263,4931.6406
3264,4931.946
3265,4931.0303
3266,4931.3354
3267,4931.0303
3268,4931.946
3269,4930.1147
3270,4931.0303
3271,4931.946
3272,4930.725
3273,4930.42
3274,4930.42
3275,4931.0303
3276,4931.3354
3277,4931.0303
3278,4930.725
3279,4931.0303
3280,4931.6406
3281,4931.6406
3282,4931.3354
3283,4931.0303
3284,4930.1147
3285,4930.725
3286,4931.0303
3287,4931.3354
3288,4930.725
3289,4931.946
3290,4930.725
3291,4930.725
3292,4931.6406
3293,4931.6406
3294,4930.725
3295,4931.3354
3296,4931.0303
3297,4931.3354
3298,4931.0303
3299,4930.42
3300,4931.6406
3301,4931.0303
3302,4930.725
3303,4931.0303
3304,4931.6406
3305,4931.3354
3306,4930.42
3307,4931.946
3308,4931.0303
3309,4931.3354
3310,4931.0303
3311,4931.6406
3312,4930.725
3313,4931.6406
3314,4931.6406
3315,4931.3354
3316,4931.0303
3317,4931.0303
3318,4930.725
3319,4931.3354
3320,4931.0303
3321,4931.946
3322,4932.8613
3323,4931.3354
3324,4931.0303
3325,4930.42
3326,4931.946
3327,4931.3354
3328,4930.42
3329,4931.3354
3330,4930.42
3331,4930.42
3332,4931.0303
3333,4931.3354
3334,4931.0303
3335,4931.3354
3336,4930.1147
3337,4931.946
3338,4932.251
3339,4931.6406
3340,4931.0303
3341,4931.0303
3342,4931.3354
3343,4931.0303
3344,4931.0303
3345,4931.0303
3346,4931.6406
3347,4930.42
3348,4931.3354
3349,4930.725
3350,4931.0303
3351,4931.946
3352,4931.3354
3353,4930.42
3354,4931.0303
3355,4931.3354
3356,4931.0303
3357,4931.6406
3358,4930.42
3359,4929.8096
3360,4931.3354
3361,4931.3354
3362,4929.8096
3363,4931.3354
3364,4931.6406
3365,4931.946
3366,4930.42
3367,4931.0303
3368,4931.0303
3369,4930.725
3370,4931.946
3371,4931.0303
3372,4930.1147
3373,4931.6406
3374,4931.3354
3375,4931.3354
3376,4931.0303
3377,4931.946
3378,4931.3354
3379,4930.725
3380,4930.725
3381,4930.42
3382,4931.3354
3383,4930.42
3384,4931.3354
3385,4931.0303
3386,4931.946
3387,4931.6406
3388,4930.725
3389,4930.42
3390,4931.3354
3391,4931.946
3392,4931.6406
3393,4931.3354
3394,4931.0303
3395,4931.3354
3396,4931.6406
3397,4930.725
3398,4931.946
3399,4931.6406
3400,4931.3354
3401,4931.3354
3402,4931.0303
3403,4930.725
3404,4931.3354
3405,4930.1147
3406,4931.946
3407,4931.3354
3408,4930.725
3409,4930.1147
3410,4930.725
3411,4930.725
3412,4930.725
3413,4930.725
3414,4931.3354
3415,4931.3354
3416,4931.0303
3417,4930.725
3418,4930.725
3419,4931.6406
3420,4931.6406
3421,4931.3354
3422,4929.8096
3423,4930.725
3424,4931.946
3425,4931.6406
3426,4930.725
3427,4931.0303
3428,4931.946
3429,4931.6406
3430,4931.6406
3431,4931.3354
3432,4930.725
3433,4931.6406
3434,4930.725
3435,4931.0303
3436,4930.42
3437,4931.6406
3438,4931.6406
3439,4931.6406
3440,4931.6406
3441,4931.0303
3442,4931.3354
3443,4931.6406
3444,4931.3354
3445,4931.6406
3446,4930.725
3447,4931.6406
3448,4930.42
3449,4931.3354
3450,4930.42
3451,4931.0303
3452,4931.6406
3453,4930.725
3454,4930.42
3455,4931.0303
3456,4931.946
3457,4931.946
3458,4930.725
3459,4931.0303
3460,4931.0303
3461,4931.3354
3462,4931.0303
3463,4930.725
3464,4931.0303
3465,4931.6406
3466,4931.0303
3467,4931.0303
3468,4931.6406
3469,4931.6406
3470,4931.946
3471,4931.3354
3472,4931.0303
3473,4931.6406
3474,4931.0303
3475,4931.3354
3476,4930.42
3477,4931.3354
3478,4930.725
3479,4931.0303
3480,4931.3354
3481,4931.946
3482,4931.3354
3483,4931.3354
3484,4931.6406
3485,4932.251
3486,4931.0303
3487,4930.725
3488,4931.946
3489,4930.725
3490,4930.42
3491,4931.0303
3492,4931.0303
3493,4930.725
3494,4931.0303
3495,4928.589
3496,4930.725
3497,4931.0303
3498,4931.0303
3499,4933.1665
3500,4931.0303
3501,4931.6406
3502,4931.3354
3503,4931.0303
3504,4932.251
3505,4931.3354
3506,4931.3354
3507,4930.1147
3508,4931.3354
3509,4931.3354
3510,4931.0303
3511,4931.946
3512,4931.3354
3513,4931.0303
3514,4931.3354
3515,4931.0303
3516,4931.3354
3517,4930.42
3518,4930.725
3519,4931.0303
3520,4931.3354
3521,4931.946
3522,4931.0303
3523,4931.946
3524,4930.725
3525,4931.946
3526,4931.0303
3527,4931.946
3528,4930.725
3529,4931.0303
3530,4931.0303
3531,4930.42
3532,4931.3354
3533,4931.0303
3534,4931.0303
3535,4930.42
3536,4930.725
3537,4930.725
3538,4931.3354
3539,4931.0303
3540,4931.0303
3541,4930.42
3542,4931.0303
3543,4930.725
3544,4930.1147
3545,4931.3354
3546,4931.3354
3547,4931.3354
3548,4931.3354
3549,4931.0303
3550,4930.1147
3551,4931.3354
3552,4931.946
3553,4930.725
3554,4931.3354
3555,4931.946
3556,4931.6406
3557,4930.42
3558,4931.3354
3559,4931.3354
3560,4931.946
3561,4931.3354
3562,4930.725
3563,4931.3354
3564,4931.6406
3565,4930.1147
3566,4931.0303
3567,4930.725
3568,4930.42
3569,4933.1665
3570,4931.6406
3571,4931.3354
3572,4931.0303
3573,4931.6406
3574,4931.946
3575,4931.3354
3576,4931.3354
3577,4931.946
3578,4930.1147
3579,4930.725
3580,4930.725
3581,4930.725
3582,4931.3354
3583,4930.725
3584,4931.6406
3585,4931.3354
3586,4931.6406
3587,4931.0303
3588,4931.0303
3589,4931.0303
3590,4929.5044
3591,4932.556
3592,4930.725
3593,4931.3354
3594,4931.0303
3595,4930.42
3596,4931.3354
3597,4931.0303
3598,4931.3354
3599,4931.3354
3600,4931.3354
3601,4931.6406
3602,4930.725
3603,4931.0303
3604,4930.725
3605,4931.0303
3606,4931.0303
3607,4930.725
3608,4931.3354
3609,4930.725
3610,4931.6406
3611,4931.946
3612,4931.6406
3613,4930.42
3614,4931.6406
3615,4931.946
3616,4931.0303
3617,4930.1147
3618,4930.42
3619,4931.946
3620,4931.3354
3621,4931.0303
3622,4931.0303
3623,4931.3354
3624,4931.3354
3625,4931.0303
3626,4930.725
3627,4930.725
3628,4931.6406
3629,4931.0303
3630,4931.3354
3631,4931.6406
3632,4931.0303
3633,4931.3354
3634,4931.3354
3635,4930.42
3636,4932.8613
3637,4930.725
3638,4931.0303
3639,4932.8613
3640,4931.3354
3641,4931.3354
3642,4931.3354
3643,4930.725
3644,4931.0303
3645,4931.6406
3646,4930.725
3647,4930.725
3648,4931.0303
3649,4931.6406
3650,4931.0303
3651,4931.0303
3652,4931.3354
3653,4930.725
3654,4931.0303
3655,4931.3354
3656,4931.3354
3657,4931.6406
3658,4931.0303
3659,4931.0303
3660,4930.725
3661,4930.725
3662,4931.3354
3663,4930.42
3664,4931.3354
3665,4931.6406
3666,4930.725
3667,4931.6406
3668,4931.0303
3669,4931.0303
3670,4931.946
3671,4931.946
3672,4931.3354
3673,4931.6406
3674,4931.0303
3675,4931.6406
3676,4931.946
3677,4930.725
3678,4931.6406
3679,4930.725
3680,4931.6406
3681,4931.0303
3682,4931.3354
3683,4931.0303
3684,4931.6406
3685,4930.725
3686,4931.6406
3687,4931.3354
3688,4930.42
3689,4931.3354
3690,4930.725
3691,4930.725
3692,4930.725
3693,4931.0303
3694,4931.3354
3695,4930.725
3696,4930.725
3697,4931.0303
3698,4931.0303
3699,4931.6406
3700,4931.3354
3701,4931.0303
3702,4931.0303
3703,4931.946
3704,4931.3354
3705,4930.725
3706,4931.3354
3707,4931.0303
3708,4931.3354
3709,4930.725
3710,4930.725
3711,4931.3354
3712,4931.3354
3713,4930.725
3714,4931.6406
3715,4931.3354
3716,4931.3354
3717,4930.42
3718,4931.0303
3719,4931.3354
3720,4931.0303
3721,4931.6406
3722,4930.42
3723,4930.725
3724,4931.0303
3725,4931.6406
3726,4931.6406
3727,4931.3354
3728,4931.6406
3729,4931.0303
3730,4930.725
3731,4930.725
3732,4931.3354
3733,4931.0303
3734,4932.251
3735,4930.1147
3736,4930.725
3737,4930.42
3738,4930.725
3739,4931.946
3740,4931.0303
3741,4929.8096
3742,4930.42
3743,4930.725
3744,4930.725
3745,4931.3354
3746,4931.946
3747,4930.42
3748,4931.6406
3749,4931.6406
3750,4931.3354
3751,4931.0303
3752,4931.0303
3753,4931.3354
3754,4931.0303
3755,4932.8613
3756,4931.0303
3757,4932.556
3758,4931.0303
3759,4931.0303
3760,4931.0303
3761,4931.3354
3762,4931.0303
3763,4930.725
3764,4931.6406
3765,4930.42
3766,4931.3354
3767,4931.6406
3768,4931.0303
3769,4931.6406
3770,4931.3354
3771,4930.42
3772,4930.725
3773,4930.42
3774,4931.3354
3775,4932.556
3776,4931.3354
3777,4931.0303
3778,4931.946
3779,4931.6406
3780,4930.725
3781,4930.725
3782,4931.3354
3783,4931.0303
3784,4931.6406
3785,4932.251
3786,4931.3354
3787,4931.6406
3788,4931.3354
3789,4930.725
3790,4931.3354
3791,4930.42
3792,4930.42
3793,4931.6406
3794,4931.3354
3795,4931.6406
3796,4931.3354
3797,4930.42
3798,4931.0303
3799,4931.3354
3800,4931.0303
3801,4931.0303
3802,4931.3354
3803,4932.251
3804,4931.0303
3805,4930.725
3806,4931.3354
3807,4931.946
3808,4931.3354
3809,4931.0303
3810,4931.6406
3811,4931.3354
3812,4930.42
3813,4931.6406
3814,4931.3354
3815,4931.3354
3816,4933.4717
3817,4931.3354
3818,4931.3354
3819,4931.3354
3820,4931.0303
3821,4931.0303
3822,4930.1147
3823,4930.725
3824,4931.0303
3825,4931.3354
3826,4931.3354
3827,4930.725
3828,4932.556
3829,4930.725
3830,4931.946
3831,4930.42
3832,4931.0303
3833,4930.42
3834,4932.556
3835,4931.0303
3836,4931.6406
3837,4930.1147
3838,4931.0303
3839,4931.946
3840,4931.6406
3841,4930.42
3842,4930.725
3843,4931.946
3844,4931.0303
3845,4931.3354
3846,4931.0303
3847,4930.42
3848,4931.3354
3849,4930.725
3850,4931.0303
3851,4931.0303
3852,4931.946
3853,4930.725
3854,4931.0303
3855,4931.946
3856,4931.3354
3857,4932.8613
3858,4930.42
3859,4931.0303
3860,4931.0303
3861,4931.0303
3862,4931.3354
3863,4931.3354
3864,4931.3354
3865,4931.946
3866,4930.42
3867,4931.3354
3868,4931.3354
3869,4930.42
3870,4931.946
3871,4930.725
3872,4930.725
3873,4930.725
3874,4930.725
3875,4931.0303
3876,4930.1147
3877,4931.0303
3878,4931.3354
3879,4930.725
3880,4931.0303
3881,4931.0303
3882,4930.725
3883,4931.6406
3884,4931.946
3885,4930.725
3886,4931.6406
3887,4931.3354
3888,4931.0303
3889,4931.3354
3890,4930.725
3891,4931.0303
3892,4931.3354
3893,4931.0303
3894,4931.3354
3895,4931.0303
3896,4931.0303
3897,4930.725
3898,4930.725
3899,4930.725
3900,4931.0303
3901,4931.3354
3902,4931.0303
3903,4931.0303
3904,4930.42
3905,4930.725
3906,4931.3354
3907,4930.725
3908,4930.725
3909,4930.42
3910,4930.1147
3911,4931.6406
3912,4931.0303
3913,4931.3354
3914,4931.3354
3915,4931.0303
3916,4931.0303
3917,4930.42
3918,4931.0303
3919,4931.946
3920,4932.251
3921,4930.42
3922,4930.725
3923,4930.725
3924,4931.3354
3925,4931.3354
3926,4931.0303
3927,4931.3354
3928,4931.3354
3929,4930.42
3930,4931.3354
3931,4931.946
3932,4930.725
3933,4931.3354
3934,4931.3354
3935,4931.0303
3936,4929.8096
3937,4931.6406
3938,4931.6406
3939,4931.3354
3940,4931.0303
3941,4930.725
3942,4931.0303
3943,4931.946
3944,4931.6406
3945,4931.6406
3946,4930.42
3947,4931.6406
3948,4931.0303
3949,4931.0303
3950,4930.1147
3951,4931.0303
3952,4931.0303
3953,4930.725
3954,4930.725
3955,4930.42
3956,4931.3354
3957,4931.0303
3958,4931.3354
3959,4931.6406
3960,4930.725
3961,4930.42
3962,4932.251
3963,4931.0303
3964,4931.0303
3965,4931.3354
3966,4931.3354
3967,4931.0303
3968,4931.3354
3969,4931.6406
3970,4931.3354
3971,4931.0303
3972,4930.725
3973,4931.0303
3974,4931.3354
3975,4931.3354
3976,4931.6406
3977,4931.0303
3978,4931.6406
3979,4931.0303
3980,4930.42
3981,4931.0303
3982,4931.6406
3983,4930.725
3984,4930.42
3985,4931.6406
3986,4930.1147
3987,4931.0303
3988,4931.946
3989,4929.5044
3990,4931.3354
3991,4931.3354
3992,4931.6406
3993,4933.4717
3994,4932.251
3995,4931.0303
3996,4930.1147
3997,4931.6406
3998,4930.42
3999,4930.42
4000,4931.3354
4001,4931.946
4002,4931.3354
4003,4931.0303
4004,4930.725
4005,4930.725
4006,4930.725
4007,4930.725
4008,4930.725
4009,4931.3354
4010,4931.0303
4011,4931.0303
4012,4931.946
4013,4931.3354
4014,4930.725
4015,4932.251
4016,4931.946
4017,4930.725
4018,4931.0303
4019,4931.0303
4020,4931.0303
4021,4931.3354
4022,4931.3354
4023,4931.3354
4024,4930.725
4025,4931.3354
4026,4930.1147
4027,4931.6406
4028,4930.725
4029,4931.0303
4030,4931.3354
4031,4930.42
4032,4930.725
4033,4931.3354
4034,4931.0303
4035,4930.42
4036,4931.0303
4037,4931.0303
4038,4931.6406
4039,4930.725
4040,4931.6406
4041,4931.3354
4042,4931.6406
4043,4931.0303
4044,4931.3354
4045,4931.0303
4046,4930.42
4047,4931.0303
4048,4931.946
4049,4931.0303
4050,4930.725
4051,4931.0303
4052,4931.0303
4053,4931.3354
4054,4930.725
4055,4930.725
4056,4931.0303
4057,4931.0303
4058,4931.0303
4059,4930.725
4060,4930.1147
4061,4930.725
4062,4931.6406
4063,4932.8613
4064,4930.42
4065,4931.3354
4066,4931.3354
4067,4931.3354
4068,4931.6406
4069,4931.3354
4070,4931.3354
4071,4931.3354
4072,4931.3354
4073,4931.3354
4074,4931.0303
4075,4930.42
4076,4931.0303
4077,4931.6406
4078,4931.0303
4079,4931.0303
4080,4931.3354
4081,4931.0303
4082,4931.3354
4083,4931.0303
4084,4931.0303
4085,4930.1147
4086,4931.0303
4087,4931.3354
4088,4931.0303
4089,4931.3354
4090,4931.6406
4091,4931.3354
4092,4930.42
4093,4931.6406
4094,4931.3354
4095,4931.3354
4096,4930.42
4097,4931.6406
4098,4931.6406
4099,4931.3354
4100,4931.3354
4101,4930.725
4102,4931.0303
4103,4930.725
4104,4931.0303
4105,4929.8096
4106,4931.0303
4107,4931.946
4108,4931.946
4109,4931.0303
4110,4930.725
4111,4931.0303
4112,4930.725
4113,4931.0303
4114,4931.0303
4115,4931.946
4116,4931.3354
4117,4931.3354
4118,4932.251
4119,4931.946
4120,4930.42
4121,4930.42
4122,4931.0303
4123,4930.725
4124,4930.725
4125,4929.8096
4126,4931.6406
4127,4929.8096
4128,4930.725
4129,4930.42
4130,4931.3354
4131,4930.725
4132,4931.0303
4133,4930.1147
4134,4931.3354
4135,4931.0303
4136,4931.0303
4137,4931.3354
4138,4930.725
4139,4931.0303
4140,4931.3354
4141,4931.6406
4142,4930.725
4143,4931.3354
4144,4931.3354
4145,4931.3354
4146,4930.1147
4147,4931.3354
4148,4931.3354
4149,4931.6406
4150,4930.725
4151,4931.946
4152,4931.3354
4153,4930.725
4154,4930.1147
4155,4931.3354
4156,4931.3354
4157,4930.1147
4158,4931.0303
4159,4931.0303
4160,4931.0303
4161,4930.42
4162,4930.42
4163,4931.0303
4164,4930.42
4165,4931.946
4166,4931.6406
4167,4930.1147
4168,4932.251
4169,4931.0303
4170,4931.946
4171,4931.0303
4172,4930.725
4173,4931.3354
4174,4931.3354
4175,4930.725
4176,4932.251
4177,4931.3354
4178,4931.0303
4179,4931.3354
4180,4931.3354
4181,4930.725
4182,4930.725
4183,4931.3354
4184,4931.946
4185,4931.6406
4186,4931.0303
4187,4930.42
4188,4930.725
4189,4932.251
4190,4931.0303
4191,4931.0303
4192,4930.42
4193,4930.725
4194,4930.725
4195,4930.725
4196,4931.6406
4197,4931.946
4198,4930.42
4199,4931.3354
4200,4931.6406
4201,4931.3354
4202,4931.3354
4203,4931.3354
4204,4931.3354
4205,4931.6406
4206,4931.0303
4207,4931.3354
4208,4931.3354
4209,4930.42
4210,4931.6406
4211,4931.3354
4212,4931.0303
4213,4931.0303
4214,4931.3354
4215,4931.0303
4216,4931.946
4217,4930.725
4218,4931.3354
4219,4931.946
4220,4930.42
4221,4932.251
4222,4931.0303
4223,4930.42
4224,4931.0303
4225,4931.3354
4226,4931.946
4227,4931.3354
4228,4931.3354
4229,4931.0303
4230,4931.3354
4231,4931.6406
4232,4931.3354
4233,4931.0303
4234,4931.0303
4235,4931.0303
4236,4930.1147
4237,4930.42
4238,4930.42
4239,4931.6406
4240,4932.556
4241,4931.3354
4242,4930.725
4243,4930.725
4244,4931.0303
4245,4931.6406
4246,4931.946
4247,4932.251
4248,4930.42
4249,4931.3354
4250,4931.946
4251,4931.0303
4252,4931.6406
4253,4931.0303
4254,4931.6406
4255,4930.725
4256,4931.3354
4257,4931.6406
4258,4931.0303
4259,4931.0303
4260,4931.3354
4261,4931.0303
4262,4931.946
4263,4931.3354
4264,4930.725
4265,4931.6406
4266,4930.725
4267,4930.725
4268,4931.946
4269,4931.0303
4270,4931.3354
4271,4931.0303
4272,4931.946
4273,4930.725
4274,4930.725
4275,4931.3354
4276,4931.3354
4277,4931.6406
4278,4930.725
4279,4930.725
4280,4930.725
4281,4931.0303
4282,4931.0303
4283,4931.6406
4284,4930.725
4285,4931.3354
4286,4931.0303
4287,4930.1147
4288,4930.725
4289,4931.0303
4290,4931.0303
4291,4931.3354
4292,4931.0303
4293,4931.3354
4294,4930.725
4295,4931.3354
4296,4931.3354
4297,4931.6406
4298,4931.0303
4299,4931.0303
4300,4931.0303
4301,4931.3354
4302,4931.3354
4303,4931.6406
4304,4931.0303
4305,4930.725
4306,4930.42
4307,4931.6406
4308,4931.0303
4309,4931.0303
4310,4932.251
4311,4930.42
4312,4931.0303
4313,4930.42
4314,4931.0303
4315,4930.725
4316,4931.3354
4317,4931.0303
4318,4931.3354
4319,4931.3354
4320,4928.589
4321,4931.6406
4322,4930.42
4323,4931.0303
4324,4931.3354
4325,4929.8096
4326,4931.0303
4327,4932.556
4328,4931.0303
4329,4931.6406
4330,4931.0303
4331,4931.3354
4332,4931.3354
4333,4931.3354
4334,4931.0303
4335,4931.3354
4336,4930.1147
4337,4930.42
4338,4931.3354
4339,4931.3354
4340,4931.6406
4341,4930.42
4342,4930.725
4343,4931.0303
4344,4931.3354
4345,4931.3354
4346,4931.3354
4347,4931.6406
4348,4930.725
4349,4931.6406
4350,4930.42
4351,4931.0303
4352,4930.725
4353,4931.6406
4354,4930.725
4355,4931.0303
4356,4931.0303
4357,4931.946
4358,4931.0303
4359,4931.0303
4360,4931.0303
4361,4930.1147
4362,4931.3354
4363,4931.3354
4364,4931.0303
4365,4931.0303
4366,4931.0303
4367,4930.725
4368,4930.725
4369,4931.0303
4370,4931.3354
4371,4930.42
4372,4931.3354
4373,4930.42
4374,4932.251
4375,4931.6406
4376,4930.1147
4377,4931.0303
4378,4930.725
4379,4932.251
4380,4932.556
4381,4931.3354
4382,4931.3354
4383,4931.3354
4384,4932.251
4385,4931.3354
4386,4931.3354
4387,4931.0303
4388,4932.556
4389,4931.0303
4390,4930.42
4391,4931.946
4392,4930.725
4393,4930.725
4394,4931.6406
4395,4931.3354
4396,4931.3354
4397,4929.8096
4398,4931.0303
4399,4931.3354
4400,4931.6406
4401,4931.6406
4402,4930.725
4403,4931.6406
4404,4930.725
4405,4931.0303
4406,4930.725
4407,4931.0303
4408,4931.946
4409,4931.3354
4410,4931.6406
4411,4931.0303
4412,4930.725
4413,4931.3354
4414,4931.0303
4415,4931.0303
4416,4931.3354
4417,4930.725
4418,4931.946
4419,4931.946
4420,4931.946
4421,4931.0303
4422,4930.725
4423,4931.0303
4424,4931.946
4425,4931.0303
4426,4931.0303
4427,4930.725
4428,4931.0303
4429,4931.0303
4430,4931.3354
4431,4931.3354
4432,4931.0303
4433,4931.6406
4434,4930.725
4435,4930.725
4436,4931.0303
4437,4930.725
4438,4930.725
4439,4930.725
4440,4931.6406
4441,4932.556
4442,4930.725
4443,4930.42
4444,4931.0303
4445,4931.3354
4446,4930.725
4447,4930.725
4448,4930.725
4449,4931.6406
4450,4929.8096
4451,4931.0303
4452,4931.0303
4453,4931.0303
4454,4931.3354
4455,4931.0303
4456,4932.251
4457,4932.556
4458,4931.6406
4459,4931.946
4460,4931.946
4461,4931.3354
4462,4931.946
4463,4930.725
4464,4930.725
4465,4931.0303
4466,4931.6406
4467,4931.0303
4468,4930.42
4469,4932.251
4470,4931.6406
4471,4931.0303
4472,4931.6406
4473,4930.725
4474,4930.725
4475,4930.725
4476,4931.0303
4477,4931.0303
4478,4931.6406
4479,4928.589
4480,4931.3354
4481,4931.0303
4482,4930.42
4483,4930.1147
4484,4931.0303
4485,4931.6406
4486,4931.0303
4487,4932.8613
4488,4931.6406
4489,4930.1147
4490,4931.3354
4491,4931.3354
4492,4931.0303
4493,4930.42
4494,4931.6406
4495,4931.6406
4496,4930.725
4497,4931.3354
4498,4930.725
4499,4931.6406
4500,4931.0303
4501,4931.0303
4502,4931.3354
4503,4931.3354
4504,4930.42
4505,4931.0303
4506,4931.6406
4507,4931.0303
4508,4931.0303
4509,4931.0303
4510,4931.3354
4511,4931.3354
4512,4930.1147
4513,4931.3354
4514,4931.6406
4515,4931.3354
4516,4931.946
4517,4931.0303
4518,4931.0303
4519,4931.0303
4520,4930.725
4521,4931.0303
4522,4930.1147
4523,4930.725
4524,4931.3354
4525,4931.3354
4526,4930.725
4527,4931.6406
4528,4930.725
4529,4930.42
4530,4931.0303
4531,4931.0303
4532,4931.3354
4533,4931.946
4534,4931.3354
4535,4931.0303
4536,4931.3354
4537,4931.0303
4538,4931.0303
4539,4931.0303
4540,4931.3354
4541,4931.6406
4542,4930.725
4543,4931.3354
4544,4931.3354
4545,4930.725
4546,4931.3354
4547,4930.725
4548,4931.0303
4549,4930.725
4550,4931.3354
4551,4930.725
4552,4931.3354
4553,4930.42
4554,4931.0303
4555,4930.725
4556,4930.725
4557,4932.556
4558,4931.0303
4559,4931.946
4560,4931.6406
4561,4930.1147
4562,4930.725
4563,4931.0303
4564,4931.6406
4565,4931.6406
4566,4931.3354
4567,4931.0303
4568,4931.0303
4569,4932.556
4570,4931.0303
4571,4931.3354
4572,4931.6406
4573,4930.42
4574,4931.0303
4575,4931.946
4576,4931.6406
4577,4931.3354
4578,4931.0303
4579,4931.0303
4580,4931.946
4581,4930.725
4582,4930.725
4583,4931.0303
4584,4931.3354
4585,4931.946
4586,4930.725
4587,4931.0303
4588,4930.725
4589,4930.725
4590,4931.946
4591,4931.3354
4592,4931.3354
4593,4930.1147
4594,4931.6406
4595,4931.3354
4596,4931.0303
4597,4930.725
4598,4931.3354
4599,4930.725
4600,4931.6406
4601,4931.6406
4602,4931.0303
4603,4930.725
4604,4931.0303
4605,4930.725
4606,4931.0303
4607,4930.1147
4608,4931.3354
4609,4931.3354
4610,4931.6406
4611,4930.42
4612,4930.725
4613,4931.0303
4614,4931.946
4615,4931.0303
4616,4931.946
4617,4931.946
4618,4931.6406
4619,4931.3354
4620,4930.725
4621,4930.42
4622,4931.946
4623,4929.199
4624,4930.42
4625,4931.3354
4626,4931.3354
4627,4931.946
4628,4931.3354
4629,4931.946
4630,4931.3354
4631,4931.3354
4632,4930.725
4633,4931.3354
4634,4930.725
4635,4931.3354
4636,4930.725
4637,4929.8096
4638,4931.0303
4639,4931.3354
4640,4931.6406
4641,4930.725
4642,4931.0303
4643,4930.42
4644,4931.0303
4645,4931.3354
4646,4931.6406
4647,4932.251
4648,4930.725
4649,4931.3354
4650,4930.42
4651,4931.0303
4652,4930.42
4653,4931.3354
4654,4931.6406
4655,4930.1147
4656,4930.42
4657,4930.725
4658,4931.3354
4659,4931.6406
4660,4931.3354
4661,4931.0303
4662,4931.3354
4663,4931.0303
4664,4931.3354
4665,4932.251
4666,4931.0303
4667,4931.0303
4668,4931.0303
4669,4931.6406
4670,4930.725
4671,4931.6406
4672,4931.6406
4673,4931.0303
4674,4930.42
4675,4931.6406
4676,4930.725
4677,4931.0303
4678,4931.0303
4679,4931.6406
4680,4931.3354
4681,4930.725
4682,4930.725
4683,4931.6406
4684,4931.946
4685,4930.1147
4686,4930.42
4687,4931.3354
4688,4932.251
4689,4930.725
4690,4931.3354
4691,4930.725
4692,4931.0303
4693,4931.0303
4694,4930.725
4695,4931.3354
4696,4931.6406
4697,4931.6406
4698,4931.3354
4699,4931.0303
4700,4931.0303
4701,4930.725
4702,4931.0303
4703,4931.3354
4704,4931.3354
4705,4931.0303
4706,4930.1147
4707,4931.3354
4708,4931.946
4709,4931.3354
4710,4930.42
4711,4930.42
4712,4931.946
4713,4931.6406
4714,4931.6406
4715,4931.0303
4716,4931.3354
4717,4931.0303
4718,4931.0303
4719,4931.3354
4720,4930.725
4721,4931.0303
4722,4931.0303
4723,4930.725
4724,4929.8096
4725,4931.6406
4726,4930.42
4727,4930.42
4728,4931.3354
4729,4931.0303
4730,4929.5044
4731,4931.3354
4732,4931.6406
4733,4930.725
4734,4932.8613
4735,4931.0303
4736,4931.6406
4737,4930.725
4738,4931.3354
4739,4930.725
4740,4931.3354
4741,4931.3354
4742,4931.6406
4743,4931.3354
4744,4930.42
4745,4931.946
4746,4931.6406
4747,4930.725
4748,4930.725
4749,4931.0303
4750,4931.3354
4751,4931.0303
4752,4932.251
4753,4931.946
4754,4930.725
4755,4930.1147
4756,4931.0303
4757,4931.3354
4758,4931.0303
4759,4931.0303
4760,4931.0303
4761,4930.725
4762,4930.42
4763,4931.0303
4764,4931.3354
4765,4931.0303
4766,4930.725
4767,4931.3354
4768,4930.725
4769,4930.42
4770,4930.42
4771,4930.725
4772,4930.725
4773,4931.0303
4774,4930.42
4775,4931.0303
4776,4930.42
4777,4931.3354
4778,4931.3354
4779,4931.3354
4780,4931.3354
4781,4931.0303
4782,4931.6406
4783,4931.0303
4784,4931.3354
4785,4931.0303
4786,4931.6406
4787,4931.3354
4788,4931.3354
4789,4931.6406
4790,4931.0303
4791,4931.3354
4792,4931.3354
4793,4931.0303
4794,4931.3354
4795,4931.3354
4796,4931.946
4797,4931.0303
4798,4931.946
4799,4931.3354
4800,4931.3354
4801,4931.0303
4802,4930.725
4803,4932.251
4804,4931.946
4805,4930.42
4806,4931.3354
4807,4930.725
4808,4931.0303
4809,4931.0303
4810,4931.6406
4811,4930.42
4812,4930.725
4813,4931.6406
4814,4931.6406
4815,4931.0303
4816,4930.725
4817,4930.725
4818,4931.6406
4819,4931.6406
4820,4931.0303
4821,4931.0303
4822,4931.0303
4823,4931.6406
4824,4931.3354
4825,4931.946
4826,4931.3354
4827,4931.6406
4828,4932.251
4829,4930.725
4830,4931.3354
4831,4931.3354
4832,4931.3354
4833,4931.0303
4834,4931.6406
4835,4931.3354
4836,4931.6406
4837,4931.3354
4838,4931.0303
4839,4931.3354
4840,4930.725
4841,4931.0303
4842,4931.0303
4843,4931.3354
4844,4930.725
4845,4931.3354
4846,4931.3354
4847,4930.42
4848,4931.6406
4849,4931.6406
4850,4931.6406
4851,4931.3354
4852,4931.6406
4853,4931.0303
4854,4930.725
4855,4930.725
4856,4930.42
4857,4931.3354
4858,4931.0303
4859,4931.3354
4860,4931.0303
4861,4931.0303
4862,4931.3354
4863,4931.3354
4864,4931.946
4865,4931.3354
4866,4931.946
4867,4932.556
4868,4931.0303
4869,4931.3354
4870,4930.725
4871,4931.3354
4872,4930.1147
4873,4932.251
4874,4931.6406
4875,4931.0303
4876,4931.3354
4877,4931.0303
4878,4931.6406
4879,4931.3354
4880,4931.0303
4881,4931.6406
4882,4931.3354
4883,4930.725
4884,4931.3354
4885,4932.251
4886,4931.946
4887,4930.725
4888,4931.0303
4889,4930.725
4890,4931.946
4891,4931.3354
4892,4931.946
4893,4930.1147
4894,4930.42
4895,4931.6406
4896,4930.725
4897,4931.6406
4898,4931.3354
4899,4931.3354
4900,4931.0303
4901,4931.0303
4902,4930.725
4903,4931.3354
4904,4931.3354
4905,4931.0303
4906,4931.3354
4907,4930.725
4908,4931.0303
4909,4931.3354
4910,4931.3354
4911,4931.6406
4912,4931.0303
4913,4931.946
4914,4931.3354
4915,4931.3354
4916,4930.725
4917,4931.3354
4918,4931.3354
4919,4931.6406
4920,4930.1147
4921,4931.0303
4922,4931.0303
4923,4931.3354
4924,4931.3354
4925,4930.42
4926,4931.0303
4927,4932.251
4928,4931.3354
4929,4931.0303
4930,4930.725
4931,4931.6406
4932,4930.725
4933,4931.0303
4934,4931.0303
4935,4931.3354
4936,4931.0303
4937,4930.725
4938,4931.0303
4939,4931.3354
4940,4930.725
4941,4931.6406
4942,4929.8096
4943,4931.0303
4944,4930.725
4945,4931.0303
4946,4931.3354
4947,4931.6406
4948,4931.0303
4949,4930.725
4950,4930.42
4951,4931.6406
4952,4931.6406
4953,4930.725
4954,4931.946
4955,4931.6406
4956,4929.8096
4957,4932.251
4958,4930.725
4959,4931.6406
4960,4931.0303
4961,4930.725
4962,4931.946
4963,4931.946
4964,4931.0303
4965,4930.42
4966,4931.0303
4967,4931.0303
4968,4931.0303
4969,4930.42
4970,4931.0303
4971,4930.42
4972,4931.946
4973,4931.3354
4974,4930.725
4975,4929.8096
4976,4932.251
4977,4930.1147
4978,4931.946
4979,4931.6406
4980,4930.42
4981,4932.556
4982,4931.0303
4983,4931.3354
4984,4931.3354
4985,4931.0303
4986,4932.251
4987,4931.3354
4988,4930.725
4989,4930.725
4990,4930.42
4991,4931.6406
4992,4931.0303
4993,4930.42
4994,4931.3354
4995,4931.6406
4996,4931.3354
4997,4931.6406
4998,4931.3354
4999,4930.725
5000,4931.0303
5001,4931.0303
5002,4931.3354
5003,4931.6406
5004,4931.3354
5005,4931.0303
5006,4930.725
5007,4931.3354
5008,4931.3354
5009,4931.946
5010,4930.725
5011,4932.251
5012,4931.0303
5013,4931.0303
5014,4931.946
5015,4931.6406
5016,4931.3354
5017,4930.42
5018,4931.0303
5019,4930.725
5020,4931.3354
5021,4930.725
5022,4930.725
5023,4931.946
5024,4930.1147
5025,4931.946
5026,4931.6406
5027,4931.0303
5028,4931.3354
5029,4930.725
5030,4931.6406
5031,4930.725
5032,4931.6406
5033,4931.946
5034,4931.0303
5035,4930.725
5036,4931.3354
5037,4931.3354
5038,4931.0303
5039,4931.0303
5040,4931.6406
5041,4931.6406
5042,4931.3354
5043,4930.42
5044,4931.3354
5045,4931.946
5046,4931.3354
5047,4929.199
5048,4931.0303
5049,4930.42
5050,4931.3354
5051,4932.556
5052,4931.3354
5053,4930.42
5054,4931.0303
5055,4931.6406
5056,4930.1147
5057,4930.725
5058,4930.725
5059,4930.725
5060,4929.8096
5061,4930.725
5062,4931.6406
5063,4930.725
5064,4931.0303
5065,4931.0303
5066,4931.0303
5067,4931.6406
5068,4930.42
5069,4931.0303
5070,4930.42
5071,4931.6406
5072,4931.3354
5073,4931.6406
5074,4930.725
5075,4930.42
5076,4931.3354
5077,4931.0303
5078,4931.6406
5079,4931.0303
5080,4931.0303
5081,4931.0303
5082,4931.6406
5083,4931.946
5084,4930.42
5085,4931.3354
5086,4931.6406
5087,4931.6406
5088,4931.6406
5089,4931.3354
5090,4931.3354
5091,4931.3354
5092,4930.725
5093,4930.725
5094,4931.0303
5095,4931.0303
5096,4931.0303
5097,4930.42
5098,4930.42
5099,4930.725
5100,4931.3354
5101,4930.725
5102,4930.725
5103,4931.0303
5104,4930.42
5105,4931.3354
5106,4930.1147
5107,4931.0303
5108,4931.0303
5109,4930.725
5110,4931.3354
5111,4931.0303
5112,4931.0303
5113,4931.0303
5114,4931.6406
5115,4931.0303
5116,4931.0303
5117,4931.946
5118,4931.0303
5119,4931.6406
5120,4932.251
5121,4931.3354
5122,4931.3354
5123,4931.6406
5124,4931.0303
5125,4931.0303
5126,4931.0303
5127,4931.6406
5128,4931.946
5129,4931.3354
5130,4930.42
5131,4930.42
5132,4931.946
5133,4931.3354
5134,4931.0303
5135,4931.0303
5136,4931.0303
5137,4931.0303
5138,4931.0303
5139,4930.725
5140,4931.6406
5141,4931.3354
5142,4930.42
5143,4931.0303
5144,4931.0303
5145,4931.3354
5146,4931.0303
5147,4930.42
5148,4931.0303
5149,4929.8096
5150,4930.725
5151,4931.6406
5152,4931.946
5153,4931.0303
5154,4931.6406
5155,4931.0303
5156,4931.0303
5157,4931.0303
5158,4931.6406
5159,4930.725
5160,4931.0303
5161,4931.6406
5162,4930.725
5163,4931.3354
5164,4931.3354
5165,4932.251
5166,4930.725
5167,4931.6406
5168,4931.6406
5169,4930.725
5170,4931.6406
5171,4929.199
5172,4931.3354
5173,4930.725
5174,4931.3354
5175,4930.42
5176,4931.0303
5177,4931.0303
5178,4931.3354
5179,4931.0303
5180,4931.0303
5181,4930.725
5182,4932.556
5183,4931.6406
5184,4930.725
5185,4931.0303
5186,4931.3354
5187,4930.1147
5188,4931.6406
5189,4931.3354
5190,4931.6406
5191,4931.946
5192,4931.3354
5193,4931.3354
5194,4931.3354
5195,4931.0303
5196,4931.3354
5197,4930.725
5198,4931.0303
5199,4930.42
5200,4931.3354
5201,4931.3354
5202,4930.725
5203,4931.0303
5204,4930.725
5205,4931.3354
5206,4930.42
5207,4932.8613
5208,4930.725
5209,4930.725
5210,4931.6406
5211,4931.0303
5212,4930.1147
5213,4930.725
5214,4931.946
5215,4930.725
5216,4930.725
5217,4930.42
5218,4931.3354
5219,4931.3354
5220,4930.725
5221,4931.0303
5222,4930.42
5223,4930.725
5224,4929.8096
5225,4931.0303
5226,4930.42
5227,4931.6406
5228,4932.8613
5229,4931.0303
5230,4931.0303
5231,4930.725
5232,4931.3354
5233,4931.3354
5234,4930.42
5235,4931.946
5236,4931.3354
5237,4930.42
5238,4931.3354
5239,4931.3354
5240,4930.725
5241,4930.725
5242,4931.3354
5243,4930.725
5244,4930.1147
5245,4930.42
5246,4931.3354
5247,4931.3354
5248,4930.725
5249,4930.42
5250,4931.6406
5251,4931.0303
5252,4931.3354
5253,4931.6406
5254,4931.0303
5255,4931.3354
5256,4931.0303
5257,4931.0303
5258,4931.3354
5259,4931.3354
5260,4931.6406
5261,4931.3354
5262,4930.725
5263,4931.0303
5264,4931.3354
5265,4931.3354
5266,4931.6406
5267,4931.946
5268,4931.0303
5269,4930.42
5270,4931.6406
5271,4931.6406
5272,4931.946
5273,4930.1147
5274,4931.0303
5275,4930.725
5276,4930.725
5277,4931.946
5278,4931.0303
5279,4931.0303
5280,4930.725
5281,4931.6406
5282,4930.725
5283,4931.3354
5284,4931.0303
5285,4931.6406
5286,4931.3354
5287,4931.6406
5288,4932.251
5289,4931.0303
5290,4931.0303
5291,4931.0303
5292,4931.0303
5293,4930.725
5294,4929.199
5295,4931.3354
5296,4931.0303
5297,4931.3354
5298,4931.946
5299,4931.0303
5300,4931.0303
5301,4930.1147
5302,4931.3354
5303,4931.0303
5304,4930.42
5305,4931.0303
5306,4931.3354
5307,4931.3354
5308,4930.725
5309,4931.0303
5310,4930.42
5311,4930.725
5312,4931.0303
5313,4931.6406
5314,4931.3354
5315,4932.251
5316,4931.3354
5317,4931.6406
5318,4931.946
5319,4931.0303
5320,4931.0303
5321,4931.0303
5322,4931.6406
5323,4930.725
5324,4931.946
5325,4930.725
5326,4931.0303
5327,4931.0303
5328,4931.3354
5329,4930.725
5330,4931.0303
5331,4931.0303
5332,4931.3354
5333,4931.6406
5334,4930.725
5335,4931.3354
5336,4931.6406
5337,4930.725
5338,4931.946
5339,4931.3354
5340,4929.8096
5341,4930.725
5342,4930.725
5343,4930.725
5344,4931.0303
5345,4931.0303
5346,4931.6406
5347,4931.3354
5348,4931.0303
5349,4931.0303
5350,4930.725
5351,4931.3354
5352,4931.0303
5353,4930.725
5354,4931.6406
5355,4931.3354
5356,4930.42
5357,4931.6406
5358,4931.0303
5359,4931.6406
5360,4931.3354
5361,4930.725
5362,4930.725
5363,4932.556
5364,4931.0303
5365,4931.3354
5366,4930.725
5367,4931.0303
5368,4931.946
5369,4931.0303
5370,4931.3354
5371,4930.42
5372,4931.3354
5373,4930.725
5374,4931.946
5375,4931.0303
5376,4931.0303
5377,4931.6406
5378,4931.0303
5379,4931.6406
5380,4930.725
5381,4931.0303
5382,4931.3354
5383,4931.3354
5384,4931.6406
5385,4931.0303
5386,4931.0303
5387,4931.0303
5388,4932.251
5389,4931.6406
5390,4930.725
5391,4931.6406
5392,4931.946
5393,4930.725
5394,4931.3354
5395,4931.946
5396,4931.6406
5397,4931.3354
5398,4931.3354
5399,4931.3354
5400,4930.42
5401,4931.946
5402,4932.251
5403,4930.725
5404,4931.3354
5405,4931.3354
5406,4931.0303
5407,4931.0303
5408,4931.0303
5409,4931.0303
5410,4931.6406
5411,4931.3354
5412,4931.0303
5413,4931.0303
5414,4931.0303
5415,4931.3354
5416,4931.0303
5417,4930.725
5418,4931.0303
5419,4931.3354
5420,4931.0303
5421,4931.3354
5422,4930.725
5423,4931.0303
5424,4931.6406
5425,4931.3354
5426,4930.725
5427,4931.3354
5428,4930.42
5429,4931.0303
5430,4930.42
5431,4930.725
5432,4931.3354
5433,4931.6406
5434,4931.3354
5435,4931.0303
5436,4931.0303
5437,4931.0303
5438,4931.6406
5439,4930.725
5440,4931.0303
5441,4931.946
5442,4931.946
5443,4931.6406
5444,4930.42
5445,4931.6406
5446,4931.0303
5447,4930.42
5448,4931.946
5449,4931.6406
5450,4931.0303
5451,4931.0303
5452,4931.3354
5453,4931.6406
5454,4931.0303
5455,4931.6406
5456,4931.3354
5457,4930.42
5458,4931.0303
5459,4931.3354
5460,4930.725
5461,4932.556
5462,4930.42
5463,4931.6406
5464,4931.0303
5465,4931.3354
5466,4931.6406
5467,4930.725
5468,4931.3354
5469,4931.3354
5470,4931.0303
5471,4930.42
5472,4931.0303
5473,4930.725
5474,4931.3354
5475,4932.251
5476,4931.0303
5477,4931.3354
5478,4931.3354
5479,4931.0303
5480,4931.0303
5481,4931.0303
5482,4931.3354
5483,4932.251
5484,4930.725
5485,4930.725
5486,4930.42
5487,4931.6406
5488,4930.725
5489,4929.8096
5490,4930.725
5491,4931.946
5492,4931.6406
5493,4931.3354
5494,4931.3354
5495,4931.3354
5496,4931.6406
5497,4931.6406
5498,4931.0303
5499,4931.0303
5500,4930.1147
5501,4931.3354
5502,4931.3354
5503,4930.725
5504,4931.3354
5505,4932.251
5506,4930.725
5507,4931.0303
5508,4931.0303
5509,4930.1147
5510,4931.0303
5511,4931.6406
5512,4931.946
5513,4931.0303
5514,4930.725
5515,4930.42
5516,4930.725
5517,4931.0303
5518,4930.42
5519,4931.0303
5520,4931.3354
5521,4930.1147
5522,4931.6406
5523,4931.3354
5524,4931.3354
5525,4931.0303
5526,4930.42
5527,4931.3354
5528,4931.0303
5529,4931.6406
5530,4930.42
5531,4930.1147
5532,4931.3354
5533,4931.0303
5534,4931.3354
5535,4931.3354
5536,4931.946
5537,4930.1147
5538,4930.725
5539,4931.6406
5540,4930.725
5541,4930.725
5542,4930.725
5543,4931.6406
5544,4931.0303
5545,4931.946
5546,4930.42
5547,4931.3354
5548,4931.3354
5549,4931.6406
5550,4930.1147
5551,4931.3354
5552,4932.251
5553,4931.3354
5554,4931.0303
5555,4931.3354
5556,4931.6406
5557,4930.42
5558,4931.6406
5559,4930.725
5560,4931.3354
5561,4931.6406
5562,4931.0303
5563,4930.42
5564,4931.3354
5565,4931.3354
5566,4931.946
5567,4931.3354
5568,4931.946
5569,4931.6406
5570,4930.725
5571,4930.42
5572,4931.3354
5573,4931.6406
5574,4931.0303
5575,4931.0303
5576,4930.42
5577,4931.0303
5578,4930.725
5579,4930.42
5580,4931.3354
5581,4929.8096
5582,4931.3354
5583,4931.6406
5584,4930.725
5585,4930.1147
5586,4930.42
5587,4931.3354
5588,4931.0303
5589,4931.6406
5590,4931.3354
5591,4929.8096
5592,4931.3354
5593,4931.946
5594,4931.3354
5595,4931.0303
5596,4931.3354
5597,4931.6406
5598,4930.42
5599,4930.725
5600,4930.725
5601,4931.3354
5602,4931.3354
5603,4930.42
5604,4931.0303
5605,4931.0303
5606,4930.725
5607,4931.0303
5608,4931.3354
5609,4929.5044
5610,4931.946
5611,4931.6406
5612,4931.6406
5613,4930.42
5614,4931.3354
5615,4931.6406
5616,4931.6406
5617,4931.3354
5618,4931.6406
5619,4931.3354
5620,4930.725
5621,4931.0303
5622,4931.3354
5623,4930.1147
5624,4930.42
5625,4932.251
5626,4930.42
5627,4931.0303
5628,4930.42
5629,4931.6406
5630,4930.725
5631,4930.42
5632,4930.42
5633,4931.946
5634,4931.0303
5635,4931.3354
5636,4931.946
5637,4931.3354
5638,4931.0303
5639,4930.725
5640,4931.6406
5641,4930.725
5642,4930.725
5643,4931.946
5644,4931.0303
5645,4931.0303
5646,4931.6406
5647,4931.3354
5648,4932.556
5649,4931.0303
5650,4931.0303
5651,4930.42
5652,4931.3354
5653,4931.3354
5654,4931.0303
5655,4931.3354
5656,4931.6406
5657,4930.725
5658,4931.3354
5659,4931.6406
5660,4931.0303
5661,4931.6406
5662,4931.0303
5663,4930.1147
5664,4931.6406
5665,4931.3354
5666,4931.0303
5667,4930.725
5668,4931.0303
5669,4930.725
5670,4931.3354
5671,4931.0303
5672,4931.0303
5673,4930.42
5674,4931.0303
5675,4930.1147
5676,4931.0303
5677,4931.0303
5678,4931.0303
5679,4931.0303
5680,4931.0303
5681,4931.0303
5682,4931.3354
5683,4930.725
5684,4931.0303
5685,4931.0303
5686,4931.0303
5687,4931.6406
5688,4931.6406
5689,4931.6406
5690,4930.725
5691,4930.42
5692,4931.3354
5693,4931.0303
5694,4931.0303
5695,4931.0303
5696,4931.0303
5697,4931.946
5698,4931.0303
5699,4931.3354
5700,4931.3354
5701,4931.0303
5702,4930.725
5703,4931.0303
5704,4930.725
5705,4930.1147
5706,4932.251
5707,4930.1147
5708,4930.725
5709,4930.1147
5710,4931.0303
5711,4931.946
5712,4930.42
5713,4930.42
5714,4931.6406
5715,4930.725
5716,4930.725
5717,4931.3354
5718,4929.8096
5719,4929.8096
5720,4931.3354
5721,4931.0303
5722,4932.251
5723,4930.725
5724,4931.3354
5725,4931.6406
5726,4931.0303
5727,4931.0303
5728,4931.946
5729,4931.3354
5730,4931.3354
5731,4931.6406
5732,4931.0303
5733,4931.6406
5734,4931.0303
5735,4930.725
5736,4931.6406
5737,4930.42
5738,4931.3354
5739,4931.0303
5740,4931.6406
5741,4931.3354
5742,4931.0303
5743,4931.6406
5744,4931.0303
5745,4930.725
5746,4931.3354
5747,4931.0303
5748,4931.0303
5749,4931.0303
5750,4931.0303
5751,4930.725
5752,4930.725
5753,4931.3354
5754,4931.0303
5755,4931.0303
5756,4931.6406
5757,4931.0303
5758,4930.725
5759,4930.725
5760,4931.6406
5761,4931.0303
5762,4931.3354
5763,4930.725
5764,4931.0303
5765,4931.3354
5766,4931.0303
5767,4931.6406
5768,4931.0303
5769,4931.0303
5770,4930.42
5771,4931.0303
5772,4931.3354
5773,4931.3354
5774,4931.6406
5775,4931.3354
5776,4930.725
5777,4931.3354
5778,4931.3354
5779,4931.3354
5780,4930.725
5781,4931.0303
5782,4931.6406
5783,4929.8096
5784,4930.725
5785,4931.3354
5786,4930.42
5787,4931.3354
5788,4930.725
5789,4931.3354
5790,4930.725
5791,4931.6406
5792,4932.251
5793,4931.6406
5794,4930.725
5795,4930.725
5796,4931.0303
5797,4930.42
5798,4931.3354
5799,4931.946
5800,4931.0303
5801,4931.0303
5802,4931.3354
5803,4931.0303
5804,4931.0303
5805,4930.725
5806,4931.3354
5807,4930.725
5808,4930.725
5809,4931.0303
5810,4931.0303
5811,4931.946
5812,4931.946
5813,4931.0303
5814,4930.725
5815,4930.42
5816,4931.3354
5817,4931.0303
5818,4931.3354
5819,4930.1147
5820,4931.6406
5821,4931.3354
5822,4931.0303
5823,4930.725
5824,4931.946
5825,4931.0303
5826,4930.1147
5827,4931.3354
5828,4931.3354
5829,4931.0303
5830,4931.0303
5831,4931.0303
5832,4930.42
5833,4931.3354
5834,4931.0303
5835,4931.6406
5836,4930.725
5837,4931.0303
5838,4930.42
5839,4931.0303
5840,4930.725
5841,4931.0303
5842,4931.6406
5843,4931.0303
5844,4930.42
5845,4930.725
5846,4931.0303
5847,4930.725
5848,4931.6406
5849,4931.0303
5850,4930.725
5851,4930.725
5852,4931.3354
5853,4930.42
5854,4930.725
5855,4931.3354
5856,4931.6406
5857,4930.725
5858,4930.1147
5859,4932.251
5860,4931.0303
5861,4931.946
5862,4932.251
5863,4930.42
5864,4931.3354
5865,4931.3354
5866,4933.1665
5867,4930.725
5868,4931.0303
5869,4930.725
5870,4931.3354
5871,4930.725
5872,4931.0303
5873,4930.725
5874,4931.6406
5875,4931.3354
5876,4930.725
5877,4931.3354
5878,4931.0303
5879,4930.725
5880,4931.0303
5881,4931.946
5882,4931.0303
5883,4931.3354
5884,4931.3354
5885,4931.0303
5886,4931.0303
5887,4930.725
5888,4930.725
5889,4931.3354
5890,4931.6406
5891,4931.3354
5892,4930.725
5893,4931.0303
5894,4930.42
5895,4931.0303
5896,4931.3354
5897,4931.0303
5898,4930.725
5899,4931.0303
5900,4931.0303
5901,4931.0303
5902,4931.3354
5903,4931.3354
5904,4931.0303
5905,4931.0303
5906,4931.946
5907,4931.6406
5908,4931.3354
5909,4931.6406
5910,4930.42
5911,4931.946
5912,4931.3354
5913,4931.6406
5914,4930.42
5915,4931.0303
5916,4931.3354
5917,4931.6406
5918,4931.6406
5919,4931.3354
5920,4931.3354
5921,4930.725
5922,4930.725
5923,4931.0303
5924,4930.725
5925,4931.3354
5926,4931.0303
5927,4931.6406
5928,4930.725
5929,4931.0303
5930,4931.3354
5931,4931.3354
5932,4931.0303
5933,4931.3354
5934,4931.6406
5935,4931.6406
5936,4930.725
5937,4931.3354
5938,4930.42
5939,4931.3354
5940,4931.946
5941,4932.251
5942,4931.6406
5943,4931.3354
5944,4931.3354
5945,4930.42
5946,4931.0303
5947,4931.3354
5948,4931.3354
5949,4930.725
5950,4931.0303
5951,4931.6406
5952,4932.251
5953,4930.725
5954,4930.725
5955,4931.0303
5956,4932.251
5957,4930.725
5958,4930.42
5959,4930.42
5960,4930.1147
5961,4930.725
5962,4931.0303
5963,4930.1147
5964,4930.1147
5965,4930.1147
5966,4930.42
5967,4931.946
5968,4930.725
5969,4931.6406
5970,4931.3354
5971,4931.0303
5972,4931.0303
5973,4931.3354
5974,4931.0303
5975,4930.725
5976,4931.946
5977,4930.725
5978,4930.725
5979,4931.3354
5980,4931.946
5981,4931.6406
5982,4929.5044
5983,4931.946
5984,4931.6406
5985,4931.6406
5986,4931.3354
5987,4931.6406
5988,4931.0303
5989,4931.6406
5990,4931.3354
5991,4930.42
5992,4931.6406
5993,4931.6406
5994,4931.3354
5995,4931.0303
5996,4930.1147
5997,4930.725
5998,4931.6406
5999,4930.42
6000,4931.3354
6001,4931.3354
6002,4931.3354
6003,4929.8096
6004,4931.3354
6005,4931.0303
6006,4930.42
6007,4931.946
6008,4931.6406
6009,4931.6406
6010,4931.6406
6011,4930.1147
6012,4931.946
6013,4931.0303
6014,4930.725
6015,4931.6406
6016,4931.3354
6017,4932.251
6018,4931.946
6019,4931.0303
6020,4931.3354
6021,4931.3354
6022,4931.3354
6023,4931.0303
6024,4930.725
6025,4930.42
6026,4931.0303
6027,4930.725
6028,4931.3354
6029,4931.946
6030,4931.6406
6031,4930.42
6032,4931.0303
6033,4931.0303
6034,4931.3354
6035,4930.725
6036,4931.0303
6037,4931.6406
6038,4930.1147
6039,4931.946
6040,4931.6406
6041,4931.946
6042,4930.725
6043,4931.0303
6044,4932.556
6045,4931.3354
6046,4931.3354
6047,4931.3354
6048,4931.0303
6049,4931.3354
6050,4930.42
6051,4930.42
6052,4931.0303
6053,4930.725
6054,4931.3354
6055,4931.0303
6056,4931.6406
6057,4931.0303
6058,4930.725
6059,4931.0303
6060,4931.3354
6061,4931.6406
6062,4931.3354
6063,4931.3354
6064,4930.725
6065,4931.6406
6066,4931.3354
6067,4931.0303
6068,4930.42
6069,4931.0303
6070,4930.42
6071,4930.725
6072,4931.6406
6073,4930.725
6074,4931.3354
6075,4931.946
6076,4931.0303
6077,4930.42
6078,4930.42
6079,4931.0303
6080,4931.0303
6081,4930.725
6082,4930.42
6083,4931.3354
6084,4931.3354
6085,4931.3354
6086,4932.251
6087,4931.946
6088,4930.725
6089,4930.725
6090,4931.6406
6091,4931.3354
6092,4931.0303
6093,4930.725
6094,4930.725
6095,4931.0303
6096,4932.251
6097,4931.3354
6098,4931.3354
6099,4931.3354
6100,4930.725
6101,4930.42
6102,4931.0303
6103,4931.6406
6104,4931.6406
6105,4931.6406
6106,4930.42
6107,4930.725
6108,4931.0303
6109,4931.0303
6110,4931.3354
6111,4930.725
6112,4931.3354
6113,4931.6406
6114,4931.3354
6115,4931.6406
6116,4931.0303
6117,4931.0303
6118,4931.0303
6119,4931.0303
6120,4931.0303
6121,4931.3354
6122,4931.3354
6123,4930.725
6124,4931.3354
6125,4931.0303
6126,4930.725
6127,4930.725
6128,4931.3354
6129,4932.251
6130,4930.725
6131,4931.0303
6132,4930.725
6133,4931.0303
6134,4930.42
6135,4931.0303
6136,4931.0303
6137,4931.946
6138,4930.725
6139,4930.1147
6140,4931.6406
6141,4931.0303
6142,4930.725
6143,4931.946
6144,4931.946
6145,4931.0303
6146,4931.946
6147,4931.3354
6148,4931.6406
6149,4931.3354
6150,4931.0303
6151,4931.0303
6152,4930.725
6153,4930.42
6154,4931.0303
6155,4931.0303
6156,4931.3354
6157,4930.725
6158,4931.3354
6159,4930.42
6160,4931.0303
6161,4931.3354
6162,4931.6406
6163,4931.3354
6164,4931.0303
6165,4930.725
6166,4931.0303
6167,4931.946
6168,4931.3354
6169,4931.3354
6170,4930.725
6171,4931.946
6172,4931.3354
6173,4931.0303
6174,4930.42
6175,4931.0303
6176,4931.0303
6177,4930.725
6178,4929.8096
6179,4931.6406
6180,4931.3354
6181,4931.3354
6182,4931.3354
6183,4931.0303
6184,4930.42
6185,4931.6406
6186,4930.725
6187,4931.0303
6188,4931.0303
6189,4931.0303
6190,4929.8096
6191,4930.725
6192,4931.3354
6193,4931.3354
6194,4932.251
6195,4930.725
6196,4931.0303
6197,4931.0303
6198,4931.0303
6199,4931.3354
6200,4931.0303
6201,4931.3354
6202,4930.725
6203,4930.725
6204,4930.42
6205,4931.6406
6206,4930.1147
6207,4931.0303
6208,4931.6406
6209,4931.3354
6210,4930.42
6211,4931.6406
6212,4929.8096
6213,4931.6406
6214,4931.6406
6215,4930.42
6216,4933.1665
6217,4931.0303
6218,4930.725
6219,4931.0303
6220,4930.42
6221,4930.725
6222,4931.3354
6223,4931.3354
6224,4931.6406
6225,4931.946
6226,4930.1147
6227,4930.725
6228,4931.0303
6229,4931.3354
6230,4931.0303
6231,4931.0303
6232,4931.3354
6233,4930.42
6234,4931.3354
6235,4931.6406
6236,4931.0303
6237,4931.3354
6238,4931.0303
6239,4930.725
6240,4931.6406
6241,4931.6406
6242,4930.725
6243,4931.0303
6244,4931.3354
6245,4931.6406
6246,4930.725
6247,4930.42
6248,4931.6406
6249,4931.6406
6250,4930.42
6251,4931.3354
6252,4931.3354
6253,4931.3354
6254,4930.725
6255,4930.725
6256,4930.42
6257,4931.3354
6258,4930.725
6259,4930.725
6260,4930.725
6261,4931.6406
6262,4931.0303
6263,4932.251
6264,4931.0303
6265,4931.0303
6266,4931.6406
6267,4931.3354
6268,4931.3354
6269,4931.0303
6270,4929.8096
6271,4931.6406
6272,4931.0303
6273,4931.3354
6274,4931.3354
6275,4931.946
6276,4931.0303
6277,4931.0303
6278,4930.725
6279,4931.0303
6280,4931.946
6281,4931.3354
6282,4931.0303
6283,4930.1147
6284,4931.0303
6285,4931.6406
6286,4932.8613
6287,4930.42
6288,4931.0303
6289,4931.6406
6290,4931.0303
6291,4931.0303
6292,4931.6406
6293,4930.725
6294,4931.0303
6295,4930.725
6296,4931.0303
6297,4930.725
6298,4930.42
6299,4931.6406
6300,4931.3354
6301,4930.1147
6302,4931.946
6303,4931.0303
6304,4930.725
6305,4931.3354
6306,4931.0303
6307,4931.0303
6308,4931.0303
6309,4929.8096
6310,4931.0303
6311,4930.42
6312,4931.3354
6313,4931.6406
6314,4930.42
6315,4930.725
6316,4930.42
6317,4931.3354
6318,4931.6406
6319,4930.42
6320,4929.8096
6321,4931.6406
6322,4931.946
6323,4931.3354
6324,4931.0303
6325,4931.3354
6326,4930.42
6327,4930.1147
6328,4931.3354
6329,4931.3354
6330,4931.6406
6331,4931.6406
6332,4931.0303
6333,4930.42
6334,4931.6406
6335,4931.6406
6336,4931.0303
6337,4931.0303
6338,4931.3354
6339,4930.42
6340,4930.725
6341,4931.6406
6342,4930.725
6343,4931.3354
6344,4931.6406
6345,4930.725
6346,4931.946
6347,4931.0303
6348,4931.0303
6349,4931.0303
6350,4931.3354
6351,4930.725
6352,4931.6406
6353,4931.3354
6354,4931.0303
6355,4931.0303
6356,4932.251
6357,4930.725
6358,4930.725
6359,4931.6406
6360,4931.0303
6361,4930.725
6362,4931.946
6363,4931.3354
6364,4930.725
6365,4929.8096
6366,4931.3354
6367,4931.6406
6368,4932.251
6369,4931.0303
6370,4931.0303
6371,4931.3354
6372,4931.3354
6373,4930.725
6374,4932.556
6375,4931.3354
6376,4930.725
6377,4930.42
6378,4931.0303
6379,4931.3354
6380,4932.251
6381,4931.0303
6382,4931.0303
6383,4931.0303
6384,4931.3354
6385,4930.725
6386,4930.725
6387,4931.6406
6388,4931.6406
6389,4929.5044
6390,4930.725
6391,4931.3354
6392,4931.6406
6393,4932.556
6394,4932.556
6395,4931.3354
6396,4930.725
6397,4931.6406
6398,4931.3354
6399,4931.6406
6400,4931.0303
6401,4931.3354
6402,4931.6406
6403,4931.6406
6404,4931.0303
6405,4931.6406
6406,4930.42
6407,4932.251
6408,4931.6406
6409,4931.6406
6410,4931.0303
6411,4930.725
6412,4931.3354
6413,4931.0303
6414,4930.1147
6415,4930.725
6416,4930.725
6417,4930.42
6418,4931.0303
6419,4931.3354
6420,4931.3354
6421,4931.3354
6422,4931.3354
6423,4931.0303
6424,4931.0303
6425,4931.946
6426,4930.1147
6427,4931.3354
6428,4931.3354
6429,4931.6406
6430,4931.3354
6431,4931.0303
6432,4931.0303
6433,4931.0303
6434,4931.6406
6435,4931.946
6436,4931.0303
6437,4931.946
6438,4930.725
6439,4930.42
6440,4930.725
6441,4931.946
6442,4931.0303
6443,4931.0303
6444,4931.0303
6445,4930.1147
6446,4930.42
6447,4931.3354
6448,4930.42
6449,4931.0303
6450,4931.6406
6451,4931.3354
6452,4931.0303
6453,4931.3354
6454,4931.3354
6455,4931.3354
6456,4931.0303
6457,4931.6406
6458,4931.6406
6459,4930.1147
6460,4931.0303
6461,4931.0303
6462,4931.0303
6463,4933.1665
6464,4930.725
6465,4930.1147
6466,4931.3354
6467,4931.6406
6468,4930.725
6469,4931.3354
6470,4931.3354
6471,4931.3354
6472,4931.6406
6473,4930.725
6474,4930.725
6475,4931.6406
6476,4931.6406
6477,4931.0303
6478,4931.6406
6479,4931.6406
6480,4931.3354
6481,4931.0303
6482,4931.0303
6483,4931.0303
6484,4930.42
6485,4932.251
6486,4930.725
6487,4930.725
6488,4930.725
6489,4930.725
6490,4931.6406
6491,4931.3354
6492,4930.42
6493,4930.725
6494,4931.946
6495,4931.6406
6496,4930.42
6497,4931.0303
6498,4931.0303
6499,4931.3354
6500,4931.3354
6501,4931.6406
6502,4931.3354
6503,4931.3354
6504,4931.946
6505,4931.946
6506,4931.0303
6507,4931.0303
6508,4931.0303
6509,4931.0303
6510,4931.0303
6511,4931.0303
6512,4931.3354
6513,4931.3354
6514,4931.0303
6515,4931.6406
6516,4931.3354
6517,4930.725
6518,4931.0303
6519,4931.946
6520,4930.42
6521,4931.0303
6522,4931.946
6523,4929.8096
6524,4931.0303
6525,4930.725
6526,4931.3354
6527,4930.725
6528,4931.0303
6529,4931.0303
6530,4931.3354
6531,4931.6406
6532,4930.725
6533,4931.3354
6534,4931.3354
6535,4931.6406
6536,4932.556
6537,4931.946
6538,4931.0303
6539,4931.3354
6540,4931.946
6541,4930.725
6542,4930.725
6543,4931.6406
6544,4931.6406
6545,4931.0303
6546,4930.42
6547,4931.6406
6548,4931.6406
6549,4931.0303
6550,4931.0303
6551,4930.725
6552,4931.946
6553,4931.6406
6554,4931.0303
6555,4931.3354
6556,4931.0303
6557,4932.251
6558,4931.3354
6559,4931.3354
6560,4931.0303
6561,4931.0303
6562,4931.0303
6563,4931.6406
6564,4931.0303
6565,4930.42
6566,4931.0303
6567,4931.3354
6568,4931.0303
6569,4931.3354
6570,4929.8096
6571,4930.42
6572,4930.725
6573,4931.0303
6574,4930.725
6575,4931.0303
6576,4931.3354
6577,4930.725
6578,4930.725
6579,4931.0303
6580,4931.0303
6581,4931.0303
6582,4930.725
6583,4931.0303
6584,4931.0303
6585,4931.3354
6586,4931.3354
6587,4930.725
6588,4931.0303
6589,4930.725
6590,4931.0303
6591,4931.0303
6592,4930.725
6593,4931.6406
6594,4931.6406
6595,4931.0303
6596,4930.725
6597,4930.725
6598,4931.946
6599,4931.0303
6600,4931.3354
6601,4931.0303
6602,4930.1147
6603,4931.946
6604,4931.946
6605,4931.3354
6606,4930.725
6607,4931.0303
6608,4930.42
6609,4931.3354
6610,4930.725
6611,4930.42
6612,4931.3354
6613,4931.3354
6614,4931.6406
6615,4931.0303
6616,4931.0303
6617,4930.42
6618,4931.0303
6619,4932.251
6620,4930.42
6621,4931.0303
6622,4931.946
6623,4931.6406
6624,4930.1147
6625,4930.725
6626,4931.3354
6627,4931.0303
6628,4931.0303
6629,4932.251
6630,4931.0303
6631,4931.0303
6632,4931.0303
6633,4931.3354
6634,4930.725
6635,4931.3354
6636,4930.1147
6637,4931.3354
6638,4930.42
6639,4931.3354
6640,4931.946
6641,4931.3354
6642,4931.6406
6643,4931.946
6644,4931.0303
6645,4931.6406
6646,4930.1147
6647,4931.6406
6648,4930.725
6649,4930.42
6650,4931.3354
6651,4931.0303
6652,4930.725
6653,4931.946
6654,4929.8096
6655,4930.42
6656,4930.42
6657,4931.6406
6658,4930.725
6659,4931.0303
6660,4931.3354
6661,4930.725
6662,4931.0303
6663,4931.946
6664,4932.251
6665,4931.3354
6666,4930.725
6667,4932.251
6668,4931.3354
6669,4931.3354
6670,4931.3354
6671,4930.42
6672,4931.3354
6673,4931.0303
6674,4931.0303
6675,4931.946
6676,4931.0303
6677,4930.42
6678,4930.725
6679,4931.6406
6680,4931.6406
6681,4931.3354
6682,4930.725
6683,4931.3354
6684,4930.725
6685,4931.3354
6686,4931.0303
6687,4931.946
6688,4930.42
6689,4930.42
6690,4931.0303
6691,4930.725
6692,4931.6406
6693,4931.3354
6694,4931.0303
6695,4931.6406
6696,4931.0303
6697,4930.42
6698,4930.1147
6699,4930.725
6700,4931.946
6701,4931.3354
6702,4930.42
6703,4930.725
6704,4931.6406
6705,4931.0303
6706,4930.42
6707,4931.6406
6708,4931.3354
6709,4931.3354
6710,4932.556
6711,4931.6406
6712,4930.725
6713,4931.6406
6714,4931.6406
6715,4930.725
6716,4931.3354
6717,4931.6406
6718,4931.3354
6719,4930.1147
6720,4931.6406
6721,4931.6406
6722,4931.946
6723,4930.1147
6724,4931.0303
6725,4931.6406
6726,4930.42
6727,4930.42
6728,4931.3354
6729,4930.42
6730,4931.3354
6731,4931.0303
6732,4931.3354
6733,4931.3354
6734,4930.42
6735,4931.3354
6736,4931.6406
6737,4931.0303
6738,4931.6406
6739,4931.3354
6740,4930.725
6741,4931.0303
6742,4931.6406
6743,4931.0303
6744,4931.0303
6745,4932.251
6746,4932.251
6747,4931.0303
6748,4931.0303
6749,4930.725
6750,4931.0303
6751,4930.725
6752,4930.725
6753,4931.3354
6754,4931.0303
6755,4931.0303
6756,4932.251
6757,4931.6406
6758,4931.3354
6759,4931.0303
6760,4931.3354
6761,4930.725
6762,4931.946
6763,4931.6406
6764,4931.0303
6765,4930.725
6766,4931.6406
6767,4931.6406
6768,4931.0303
6769,4931.3354
6770,4931.0303
6771,4930.42
6772,4931.6406
6773,4931.0303
6774,4931.0303
6775,4930.725
6776,4931.3354
6777,4931.0303
6778,4931.0303
6779,4930.725
6780,4932.251
6781,4930.725
6782,4931.3354
6783,4931.0303
6784,4929.199
6785,4931.0303
6786,4931.3354
6787,4931.0303
6788,4931.0303
6789,4931.3354
6790,4930.725
6791,4930.1147
6792,4931.0303
6793,4931.6406
6794,4931.946
6795,4932.251
6796,4931.0303
6797,4930.42
6798,4931.6406
6799,4931.0303
6800,4931.6406
6801,4931.0303
6802,4930.42
6803,4931.3354
6804,4931.6406
6805,4931.0303
6806,4931.946
6807,4931.6406
6808,4929.8096
6809,4930.725
6810,4931.0303
6811,4931.946
6812,4931.3354
6813,4932.251
6814,4931.946
6815,4930.725
6816,4929.199
6817,4930.42
6818,4929.8096
6819,4930.1147
6820,4931.0303
6821,4931.0303
6822,4930.725
6823,4931.3354
6824,4930.42
6825,4930.725
6826,4931.0303
6827,4931.6406
6828,4933.1665
6829,4932.8613
6830,4932.556
6831,4931.6406
6832,4931.946
6833,4930.42
6834,4930.725
6835,4930.725
6836,4930.725
6837,4931.6406
6838,4930.42
6839,4929.8096
6840,4930.42
6841,4931.3354
6842,4931.0303
6843,4931.3354
6844,4931.3354
6845,4932.251
6846,4931.3354
6847,4931.6406
6848,4932.251
6849,4932.251
6850,4932.556
6851,4931.6406
6852,4931.6406
6853,4931.0303
6854,4931.3354
6855,4931.3354
6856,4931.3354
6857,4930.42
6858,4930.42
6859,4930.725
6860,4930.42
6861,4931.0303
6862,4930.725
6863,4930.42
6864,4930.1147
6865,4930.725
6866,4931.0303
6867,4930.725
6868,4931.6406
6869,4931.0303
6870,4932.251
6871,4930.42
6872,4931.3354
6873,4932.251
6874,4931.946
6875,4930.725
6876,4931.6406
6877,4930.42
6878,4931.3354
6879,4931.3354
6880,4931.6406
6881,4931.6406
6882,4931.6406
6883,4929.199
6884,4930.725
6885,4930.725
6886,4931.0303
6887,4932.8613
6888,4931.0303
6889,4931.0303
6890,4931.3354
6891,4931.0303
6892,4931.0303
6893,4930.725
6894,4931.0303
6895,4931.946
6896,4930.725
6897,4930.1147
6898,4931.3354
6899,4931.3354
6900,4930.1147
6901,4930.725
6902,4930.725
6903,4930.1147
6904,4931.6406
6905,4930.725
6906,4931.0303
6907,4931.6406
6908,4930.42
6909,4931.0303
6910,4931.0303
6911,4930.725
6912,4931.0303
6913,4931.6406
6914,4932.251
6915,4930.725
6916,4933.1665
6917,4931.6406
6918,4931.6406
6919,4931.3354
6920,4930.42
6921,4931.0303
6922,4931.6406
6923,4931.6406
6924,4931.6406
6925,4930.725
6926,4930.725
6927,4930.42
6928,4930.725
6929,4931.0303
6930,4931.0303
6931,4931.946
6932,4930.725
6933,4930.42
6934,4930.42
6935,4931.3354
6936,4932.556
6937,4931.3354
6938,4930.725
6939,4930.1147
6940,4931.0303
6941,4931.6406
6942,4931.0303
6943,4931.6406
6944,4931.0303
6945,4931.0303
6946,4931.0303
6947,4931.6406
6948,4931.6406
6949,4932.251
6950,4930.725
6951,4931.3354
6952,4931.3354
6953,4930.1147
6954,4931.3354
6955,4931.6406
6956,4930.42
6957,4932.8613
6958,4931.3354
6959,4932.556
6960,4931.946
6961,4931.0303
6962,4931.3354
6963,4931.0303
6964,4931.3354
6965,4931.0303
6966,4931.3354
6967,4931.0303
6968,4931.6406
6969,4931.946
6970,4931.0303
6971,4931.0303
6972,4930.42
6973,4931.946
6974,4931.3354
6975,4931.3354
6976,4931.946
6977,4931.3354
6978,4930.42
6979,4930.725
6980,4931.0303
6981,4931.0303
6982,4930.42
6983,4930.725
6984,4931.6406
6985,4931.0303
6986,4931.0303
6987,4931.0303
6988,4930.725
6989,4930.725
6990,4931.0303
6991,4931.6406
6992,4930.725
6993,4931.0303
6994,4931.0303
6995,4931.946
6996,4931.3354
6997,4930.1147
6998,4931.6406
6999,4930.725
7000,4930.725
7001,4931.946
7002,4931.3354
7003,4930.725
7004,4931.0303
7005,4931.3354
7006,4930.725
7007,4931.3354
7008,4931.3354
7009,4931.0303
7010,4931.0303
7011,4931.0303
7012,4931.3354
7013,4931.0303
7014,4930.42
7015,4931.0303
7016,4931.3354
7017,4931.3354
7018,4931.946
7019,4931.3354
7020,4930.725
7021,4930.725
7022,4931.6406
7023,4930.42
7024,4931.6406
7025,4931.6406
7026,4930.42
7027,4931.946
7028,4931.0303
7029,4931.0303
7030,4931.0303
7031,4931.6406
7032,4930.725
7033,4930.725
7034,4931.3354
7035,4931.3354
7036,4931.0303
7037,4931.3354
7038,4930.42
7039,4931.0303
7040,4931.0303
7041,4931.0303
7042,4931.0303
7043,4931.3354
7044,4930.725
7045,4931.0303
7046,4931.0303
7047,4931.0303
7048,4931.0303
7049,4931.6406
7050,4931.946
7051,4931.946
7052,4930.725
7053,4931.6406
7054,4931.6406
7055,4931.6406
7056,4931.0303
7057,4931.0303
7058,4931.3354
7059,4931.0303
7060,4931.3354
7061,4930.42
7062,4930.725
7063,4931.3354
7064,4930.725
7065,4930.725
7066,4931.0303
7067,4930.725
7068,4931.3354
7069,4931.0303
7070,4932.251
7071,4931.3354
7072,4931.6406
7073,4930.1147
7074,4930.725
7075,4931.0303
7076,4931.0303
7077,4930.725
7078,4931.0303
7079,4931.0303
7080,4931.0303
7081,4931.0303
7082,4931.0303
7083,4931.3354
7084,4931.0303
7085,4930.42
7086,4931.0303
7087,4931.0303
7088,4932.251
7089,4930.42
7090,4930.42
7091,4931.3354
7092,4931.0303
7093,4931.6406
7094,4931.3354
7095,4931.946
7096,4931.6406
7097,4931.6406
7098,4930.1147
7099,4931.0303
7100,4931.0303
7101,4931.6406
7102,4930.42
7103,4931.0303
7104,4931.3354
7105,4930.1147
7106,4931.0303
7107,4931.6406
7108,4930.1147
7109,4931.3354
7110,4931.0303
7111,4931.0303
7112,4931.0303
7113,4931.3354
7114,4931.3354
7115,4931.0303
7116,4930.725
7117,4930.725
7118,4930.725
7119,4931.0303
7120,4930.42
7121,4931.3354
7122,4931.3354
7123,4931.0303
7124,4931.3354
7125,4931.3354
7126,4930.42
7127,4931.0303
7128,4931.946
7129,4930.42
7130,4930.1147
7131,4931.0303
7132,4931.3354
7133,4930.725
7134,4931.946
7135,4931.6406
7136,4930.725
7137,4931.6406
7138,4930.42
7139,4930.725
7140,4931.0303
7141,4930.42
7142,4930.725
7143,4931.0303
7144,4931.0303
7145,4931.0303
7146,4931.0303
7147,4930.725
7148,4931.0303
7149,4931.0303
7150,4931.6406
7151,4931.0303
7152,4930.725
7153,4931.3354
7154,4931.0303
7155,4931.3354
7156,4930.725
7157,4931.0303
7158,4931.3354
7159,4930.42
7160,4931.3354
7161,4931.3354
7162,4931.3354
7163,4931.0303
7164,4931.3354
7165,4930.42
7166,4931.0303
7167,4931.3354
7168,4931.0303
7169,4931.3354
7170,4931.6406
7171,4930.725
7172,4931.3354
7173,4930.725
7174,4931.0303
7175,4931.0303
7176,4930.725
7177,4931.0303
7178,4932.251
7179,4931.3354
7180,4930.42
7181,4931.6406
7182,4931.0303
7183,4931.6406
7184,4930.1147
7185,4931.3354
7186,4930.725
7187,4930.1147
7188,4931.6406
7189,4931.6406
7190,4930.725
7191,4931.0303
7192,4931.0303
7193,4931.0303
7194,4931.0303
7195,4931.0303
7196,4931.0303
7197,4930.725
7198,4931.3354
7199,4931.3354
7200,4930.42
7201,4930.725
7202,4930.42
7203,4931.3354
7204,4932.556
7205,4931.3354
7206,4932.251
7207,4932.556
7208,4930.42
7209,4931.946
7210,4931.6406
7211,4931.6406
7212,4931.0303
7213,4931.3354
7214,4931.6406
7215,4930.1147
7216,4931.6406
7217,4930.725
7218,4931.946
7219,4931.3354
7220,4931.6406
7221,4930.1147
7222,4931.6406
7223,4931.3354
7224,4931.6406
7225,4931.0303
7226,4931.0303
7227,4930.725
7228,4930.42
7229,4931.3354
7230,4931.0303
7231,4931.3354
7232,4931.946
7233,4931.0303
7234,4931.0303
7235,4931.3354
7236,4931.0303
7237,4931.3354
7238,4931.3354
7239,4931.3354
7240,4931.6406
7241,4931.0303
7242,4931.6406
7243,4931.3354
7244,4930.725
7245,4931.3354
7246,4931.0303
7247,4931.3354
7248,4931.6406
7249,4931.6406
7250,4932.556
7251,4930.725
7252,4931.0303
7253,4931.0303
7254,4930.725
7255,4931.3354
7256,4931.0303
7257,4930.725
7258,4930.725
7259,4931.3354
7260,4931.3354
7261,4931.3354
7262,4930.42
7263,4931.0303
7264,4931.3354
7265,4931.0303
7266,4931.3354
7267,4929.8096
7268,4931.3354
7269,4931.0303
7270,4931.0303
7271,4930.1147
7272,4930.42
7273,4931.0303
7274,4931.946
7275,4930.725
7276,4931.3354
7277,4931.3354
7278,4931.6406
7279,4930.725
7280,4930.1147
7281,4931.3354
7282,4931.6406
7283,4931.3354
7284,4930.1147
7285,4931.946
7286,4931.0303
7287,4931.6406
7288,4931.6406
7289,4931.3354
7290,4930.725
7291,4931.3354
7292,4931.3354
7293,4931.0303
7294,4931.3354
7295,4931.3354
7296,4930.42
7297,4931.3354
7298,4930.725
7299,4931.0303
7300,4931.0303
7301,4930.42
7302,4931.0303
7303,4930.42
7304,4931.0303
7305,4931.3354
7306,4931.3354
7307,4931.3354
7308,4930.1147
7309,4930.725
7310,4930.725
7311,4931.6406
7312,4930.42
7313,4931.0303
7314,4931.0303
7315,4930.1147
7316,4931.0303
7317,4931.0303
7318,4932.251
7319,4930.42
7320,4931.0303
7321,4930.42
7322,4931.3354
7323,4932.251
7324,4931.3354
7325,4931.3354
7326,4931.3354
7327,4931.0303
7328,4931.3354
7329,4930.1147
7330,4930.725
7331,4931.0303
7332,4931.0303
7333,4930.42
7334,4931.3354
7335,4931.946
7336,4931.0303
7337,4931.0303
7338,4931.6406
7339,4930.725
7340,4931.0303
7341,4931.6406
7342,4931.0303
7343,4931.0303
7344,4931.0303
7345,4931.3354
7346,4930.42
7347,4931.6406
7348,4931.3354
7349,4929.8096
7350,4931.0303
7351,4931.0303
7352,4930.725
7353,4931.0303
7354,4932.251
7355,4932.251
7356,4930.725
7357,4930.725
7358,4930.725
7359,4931.3354
7360,4930.1147
7361,4931.0303
7362,4931.3354
7363,4932.251
7364,4930.725
7365,4930.725
7366,4931.6406
7367,4931.6406
7368,4931.0303
7369,4930.42
7370,4931.6406
7371,4930.42
7372,4931.3354
7373,4931.3354
7374,4932.556
7375,4931.946
7376,4931.3354
7377,4928.2837
7378,4931.0303
7379,4931.6406
7380,4930.725
7381,4932.556
7382,4930.725
7383,4931.0303
7384,4929.8096
7385,4931.3354
7386,4931.0303
7387,4930.725
7388,4931.6406
7389,4930.42
7390,4930.725
7391,4931.3354
7392,4931.0303
7393,4931.6406
7394,4931.0303
7395,4931.3354
7396,4931.3354
7397,4930.1147
7398,4931.3354
7399,4931.946
7400,4931.3354
7401,4931.6406
7402,4930.725
7403,4930.725
7404,4930.1147
7405,4931.3354
7406,4931.0303
7407,4931.0303
7408,4932.251
7409,4931.3354
7410,4931.6406
7411,4931.3354
7412,4931.3354
7413,4931.3354
7414,4931.0303
7415,4931.0303
7416,4931.3354
7417,4931.6406
7418,4928.589
7419,4931.946
7420,4930.42
7421,4930.725
7422,4931.946
7423,4931.3354
7424,4931.946
7425,4931.0303
7426,4930.725
7427,4930.725
7428,4930.725
7429,4930.725
7430,4931.3354
7431,4930.1147
7432,4931.3354
7433,4931.3354
7434,4931.6406
7435,4930.42
7436,4931.0303
7437,4931.6406
7438,4931.0303
7439,4930.1147
7440,4930.725
7441,4930.725
7442,4931.0303
7443,4930.42
7444,4931.3354
7445,4931.3354
7446,4930.725
7447,4930.42
7448,4931.3354
7449,4931.0303
7450,4931.0303
7451,4933.1665
7452,4931.3354
7453,4930.42
7454,4931.3354
7455,4931.3354
7456,4930.725
7457,4931.0303
7458,4931.0303
7459,4930.725
7460,4931.3354
7461,4931.0303
7462,4931.946
7463,4931.0303
7464,4930.42
7465,4931.3354
7466,4931.0303
7467,4930.725
7468,4930.42
7469,4931.6406
7470,4931.3354
7471,4930.42
7472,4930.1147
7473,4930.725
7474,4930.725
7475,4930.42
7476,4930.725
7477,4930.1147
7478,4931.3354
7479,4930.725
7480,4931.0303
7481,4930.725
7482,4930.725
7483,4931.0303
7484,4931.0303
7485,4930.725
7486,4931.3354
7487,4931.0303
7488,4931.0303
7489,4930.725
7490,4931.3354
7491,4931.6406
7492,4931.6406
7493,4931.6406
7494,4931.6406
7495,4931.0303
7496,4930.1147
7497,4931.0303
7498,4931.3354
7499,4931.3354
7500,4931.0303
7501,4931.0303
7502,4931.6406
7503,4931.0303
7504,4931.3354
7505,4931.3354
7506,4931.3354
7507,4931.3354
7508,4930.725
7509,4930.42
7510,4931.946
7511,4931.3354
7512,4930.725
7513,4930.725
7514,4931.0303
7515,4931.3354
7516,4931.3354
7517,4930.725
7518,4930.725
7519,4931.6406
7520,4931.0303
7521,4931.946
7522,4931.3354
7523,4931.3354
7524,4931.0303
7525,4930.1147
7526,4931.0303
7527,4930.725
7528,4931.946
7529,4931.0303
7530,4931.6406
7531,4930.725
7532,4930.725
7533,4931.946
7534,4931.6406
7535,4931.0303
7536,4931.946
7537,4931.6406
7538,4931.3354
7539,4931.3354
7540,4931.6406
7541,4931.6406
7542,4931.6406
7543,4931.0303
7544,4930.42
7545,4930.725
7546,4930.725
7547,4931.6406
7548,4931.3354
7549,4930.725
7550,4931.3354
7551,4932.251
7552,4930.1147
7553,4931.3354
7554,4931.3354
7555,4931.3354
7556,4931.3354
7557,4930.725
7558,4930.725
7559,4930.725
7560,4931.3354
7561,4931.6406
7562,4931.3354
7563,4930.42
7564,4930.725
7565,4931.0303
7566,4931.3354
7567,4931.0303
7568,4931.6406
7569,4931.6406
7570,4931.6406
7571,4931.0303
7572,4931.6406
7573,4931.3354
7574,4932.251
7575,4931.6406
7576,4931.0303
7577,4930.42
7578,4931.3354
7579,4931.3354
7580,4931.6406
7581,4931.6406
7582,4931.946
7583,4930.725
7584,4930.42
7585,4931.0303
7586,4931.3354
7587,4931.0303
7588,4931.6406
7589,4931.3354
7590,4931.0303
7591,4931.946
7592,4931.3354
7593,4931.3354
7594,4931.0303
7595,4929.199
7596,4930.1147
7597,4931.0303
7598,4931.3354
7599,4931.6406
7600,4931.3354
7601,4931.0303
7602,4931.0303
7603,4931.0303
7604,4931.3354
7605,4931.3354
7606,4931.946
7607,4931.6406
7608,4930.42
7609,4931.6406
7610,4931.3354
7611,4930.42
7612,4930.1147
7613,4931.0303
7614,4931.3354
7615,4931.0303
7616,4930.42
7617,4931.6406
7618,4931.3354
7619,4931.6406
7620,4931.0303
7621,4930.42
7622,4930.1147
7623,4931.946
7624,4930.1147
7625,4931.946
7626,4930.725
7627,4931.0303
7628,4932.556
7629,4931.6406
7630,4931.3354
7631,4931.0303
7632,4931.0303
7633,4931.0303
7634,4930.1147
7635,4930.1147
7636,4929.5044
7637,4930.725
7638,4931.3354
7639,4931.3354
7640,4931.3354
7641,4930.725
7642,4932.251
7643,4931.0303
7644,4931.3354
7645,4931.0303
7646,4930.42
7647,4931.946
7648,4931.0303
7649,4930.725
7650,4931.6406
7651,4931.0303
7652,4930.725
7653,4930.725
7654,4930.725
7655,4931.3354
7656,4931.0303
7657,4931.0303
7658,4930.725
7659,4931.0303
7660,4931.946
7661,4931.3354
7662,4931.0303
7663,4930.725
7664,4931.3354
7665,4931.3354
7666,4930.725
7667,4931.0303
7668,4931.0303
7669,4931.0303
7670,4931.3354
7671,4930.42
7672,4931.0303
7673,4931.3354
7674,4931.0303
7675,4931.946
7676,4931.3354
7677,4930.725
7678,4931.3354
7679,4931.3354
7680,4930.42
7681,4931.0303
7682,4930.42
7683,4931.0303
7684,4930.725
7685,4931.3354
7686,4930.42
7687,4930.42
7688,4931.6406
7689,4930.42
7690,4930.1147
7691,4930.725
7692,4931.3354
7693,4933.1665
7694,4930.42
7695,4931.946
7696,4931.3354
7697,4931.0303
7698,4932.556
7699,4931.6406
7700,4932.251
7701,4931.0303
7702,4931.3354
7703,4930.42
7704,4931.6406
7705,4931.6406
7706,4931.3354
7707,4931.0303
7708,4930.42
7709,4930.725
7710,4931.6406
7711,4931.0303
7712,4930.42
7713,4931.3354
7714,4930.42
7715,4931.0303
7716,4931.0303
7717,4931.0303
7718,4931.3354
7719,4931.0303
7720,4930.42
7721,4930.725
7722,4930.42
7723,4930.725
7724,4931.6406
7725,4932.251
7726,4930.42
7727,4929.8096
7728,4931.0303
7729,4930.725
7730,4930.725
7731,4931.0303
7732,4930.42
7733,4930.725
7734,4931.946
7735,4931.3354
7736,4930.725
7737,4930.725
7738,4931.0303
7739,4930.725
7740,4930.725
7741,4930.725
7742,4930.42
7743,4931.6406
7744,4930.725
7745,4931.6406
7746,4931.0303
7747,4930.725
7748,4931.0303
7749,4930.42
7750,4931.3354
7751,4931.0303
7752,4929.8096
7753,4931.3354
7754,4931.0303
7755,4931.0303
7756,4931.3354
7757,4931.946
7758,4930.42
7759,4930.725
7760,4931.0303
7761,4931.0303
7762,4931.3354
7763,4931.6406
7764,4930.42
7765,4931.0303
7766,4931.3354
7767,4931.946
7768,4931.3354
7769,4931.3354
7770,4931.6406
7771,4931.0303
7772,4931.0303
7773,4931.6406
7774,4931.0303
7775,4931.3354
7776,4931.3354
7777,4931.6406
7778,4931.3354
7779,4930.42
7780,4930.725
7781,4931.3354
7782,4931.946
7783,4931.3354
7784,4931.946
7785,4930.42
7786,4931.3354
7787,4931.6406
7788,4931.0303
7789,4931.6406
7790,4931.0303
7791,4931.3354
7792,4931.946
7793,4931.6406
7794,4930.42
7795,4931.0303
7796,4930.725
7797,4931.0303
7798,4932.251
7799,4931.0303
7800,4931.3354
7801,4931.3354
7802,4930.42
7803,4931.3354
7804,4931.3354
7805,4931.3354
7806,4930.725
7807,4930.725
7808,4930.42
7809,4931.3354
7810,4930.1147
7811,4931.0303
7812,4931.3354
7813,4932.251
7814,4930.42
7815,4931.3354
7816,4931.946
7817,4931.0303
7818,4930.725
7819,4930.725
7820,4931.0303
7821,4931.0303
7822,4930.725
7823,4930.1147
7824,4931.6406
7825,4931.6406
7826,4930.725
7827,4931.0303
7828,4931.946
7829,4930.725
7830,4931.6406
7831,4931.0303
7832,4931.0303
7833,4930.725
7834,4931.6406
7835,4931.0303
7836,4930.725
7837,4931.0303
7838,4931.6406
7839,4931.0303
7840,4931.0303
7841,4931.3354
7842,4931.946
7843,4930.725
7844,4931.6406
7845,4931.6406
7846,4931.0303
7847,4931.0303
7848,4931.6406
7849,4931.3354
7850,4931.6406
7851,4931.0303
7852,4931.6406
7853,4931.6406
7854,4931.3354
7855,4931.946
7856,4931.0303
7857,4931.6406
7858,4930.725
7859,4930.725
7860,4931.0303
7861,4931.3354
7862,4931.3354
7863,4931.0303
7864,4930.725
7865,4930.725
7866,4930.42
7867,4931.3354
7868,4930.725
7869,4931.0303
7870,4931.6406
7871,4929.8096
7872,4931.6406
7873,4931.0303
7874,4930.725
7875,4932.556
7876,4931.3354
7877,4930.42
7878,4931.3354
7879,4931.0303
7880,4931.3354
7881,4931.0303
7882,4931.0303
7883,4930.725
7884,4931.946
7885,4930.42
7886,4930.725
7887,4931.0303
7888,4931.0303
7889,4931.3354
7890,4931.0303
7891,4931.6406
7892,4930.725
7893,4931.3354
7894,4930.725
7895,4931.3354
7896,4930.725
7897,4931.0303
7898,4931.3354
7899,4931.3354
7900,4931.0303
7901,4931.3354
7902,4930.1147
7903,4931.0303
7904,4931.0303
7905,4931.0303
7906,4931.3354
7907,4932.251
7908,4929.8096
7909,4931.6406
7910,4931.0303
7911,4931.3354
7912,4931.3354
7913,4931.3354
7914,4930.725
7915,4931.6406
7916,4931.6406
7917,4930.1147
7918,4931.3354
7919,4930.725
7920,4932.556
7921,4931.3354
7922,4930.725
7923,4930.1147
7924,4931.3354
7925,4930.725
7926,4931.0303
7927,4931.0303
7928,4930.725
7929,4931.0303
7930,4931.3354
7931,4931.3354
7932,4931.0303
7933,4929.5044
7934,4931.6406
7935,4931.0303
7936,4930.725
7937,4931.0303
7938,4931.0303
7939,4931.0303
7940,4931.0303
7941,4930.1147
7942,4930.725
7943,4931.6406
7944,4931.0303
7945,4932.556
7946,4930.42
7947,4931.0303
7948,4931.3354
7949,4930.725
7950,4931.3354
7951,4932.251
7952,4931.946
7953,4930.725
7954,4931.0303
7955,4931.3354
7956,4931.6406
7957,4931.0303
7958,4931.0303
7959,4931.0303
7960,4931.3354
7961,4931.6406
7962,4931.0303
7963,4930.42
7964,4930.42
7965,4931.0303
7966,4931.0303
7967,4931.0303
7968,4931.3354
7969,4931.6406
7970,4931.0303
7971,4930.725
7972,4930.42
7973,4931.0303
7974,4931.0303
7975,4931.0303
7976,4931.0303
7977,4930.725
7978,4931.6406
7979,4931.3354
7980,4931.6406
7981,4931.946
7982,4930.42
7983,4931.3354
7984,4931.3354
7985,4932.251
7986,4931.6406
7987,4931.946
7988,4931.3354
7989,4931.6406
7990,4931.0303
7991,4931.3354
7992,4930.725
7993,4931.946
7994,4931.3354
7995,4931.3354
7996,4931.0303
7997,4931.0303
7998,4932.251
7999,4931.0303
8000,4931.0303
8001,4931.6406
8002,4931.0303
8003,4929.8096
8004,4931.0303
8005,4931.3354
8006,4931.0303
8007,4930.725
8008,4931.3354
8009,4931.0303
8010,4929.5044
8011,4930.42
8012,4931.6406
8013,4930.725
8014,4931.0303
8015,4931.946
8016,4930.725
8017,4931.3354
8018,4932.251
8019,4931.0303
8020,4930.725
8021,4930.42
8022,4931.0303
8023,4931.0303
8024,4931.0303
8025,4930.725
8026,4931.0303
8027,4931.3354
8028,4932.251
8029,4931.3354
8030,4931.0303
8031,4930.725
8032,4931.0303
8033,4931.0303
8034,4931.946
8035,4931.6406
8036,4931.6406
8037,4931.0303
8038,4931.3354
8039,4930.42
8040,4930.42
8041,4930.42
8042,4931.0303
8043,4931.0303
8044,4930.725
8045,4931.0303
8046,4929.8096
8047,4931.0303
8048,4930.725
8049,4930.725
8050,4931.3354
8051,4931.0303
8052,4931.3354
8053,4930.725
8054,4931.6406
8055,4931.0303
8056,4931.6406
8057,4931.3354
8058,4931.3354
8059,4931.0303
8060,4930.725
8061,4930.725
8062,4931.3354
8063,4931.6406
8064,4930.725
8065,4931.3354
8066,4931.0303
8067,4930.1147
8068,4931.6406
8069,4931.0303
8070,4931.3354
8071,4931.946
8072,4931.0303
8073,4931.0303
8074,4930.1147
8075,4931.6406
8076,4931.3354
8077,4930.42
8078,4931.0303
8079,4931.0303
8080,4931.0303
8081,4930.1147
8082,4931.3354
8083,4931.3354
8084,4931.3354
8085,4931.946
8086,4931.6406
8087,4931.0303
8088,4931.3354
8089,4931.6406
8090,4931.3354
8091,4930.42
8092,4931.3354
8093,4929.8096
8094,4930.42
8095,4931.3354
8096,4930.725
8097,4931.6406
8098,4930.725
8099,4931.6406
8100,4930.42
8101,4931.0303
8102,4931.0303
8103,4931.0303
8104,4931.6406
8105,4930.42
8106,4930.725
8107,4931.3354
8108,4930.725
8109,4931.0303
8110,4931.0303
8111,4931.946
8112,4931.6406
8113,4931.3354
8114,4931.3354
8115,4931.0303
8116,4931.6406
8117,4931.946
8118,4930.725
8119,4931.3354
8120,4931.946
8121,4930.725
8122,4932.556
8123,4931.0303
8124,4931.946
8125,4931.0303
8126,4931.3354
8127,4929.8096
8128,4930.725
8129,4931.0303
8130,4931.0303
8131,4930.725
8132,4931.0303
8133,4931.0303
8134,4931.6406
8135,4931.6406
8136,4931.946
8137,4929.5044
8138,4930.725
8139,4931.6406
8140,4931.3354
8141,4931.3354
8142,4931.0303
8143,4931.946
8144,4931.0303
8145,4931.3354
8146,4930.725
8147,4931.3354
8148,4931.0303
8149,4930.725
8150,4931.3354
8151,4931.0303
8152,4931.3354
8153,4931.0303
8154,4931.3354
8155,4931.3354
8156,4931.6406
8157,4931.6406
8158,4931.0303
8159,4930.42
8160,4931.6406
8161,4931.0303
8162,4931.3354
8163,4931.0303
8164,4931.0303
8165,4931.3354
8166,4930.725
8167,4931.0303
8168,4931.0303
8169,4930.1147
8170,4931.946
8171,4930.725
8172,4929.8096
8173,4930.42
8174,4931.6406
8175,4931.3354
8176,4930.725
8177,4931.0303
8178,4931.6406
8179,4931.6406
8180,4930.725
8181,4931.0303
8182,4931.0303
8183,4930.1147
8184,4931.6406
8185,4931.3354
8186,4931.946
8187,4931.0303
8188,4930.725
8189,4932.251
8190,4931.0303
8191,4931.3354
8192,4933.1665
8193,4931.6406
8194,4931.6406
8195,4931.0303
8196,4931.0303
8197,4930.725
8198,4931.6406
8199,4931.6406
8200,4930.1147
8201,4931.0303
8202,4930.42
8203,4931.946
8204,4931.6406
8205,4930.725
8206,4931.6406
8207,4931.3354
8208,4931.0303
8209,4929.8096
8210,4931.0303
8211,4931.3354
8212,4931.0303
8213,4931.0303
8214,4931.3354
8215,4931.0303
8216,4931.0303
8217,4930.725
8218,4931.3354
8219,4931.3354
8220,4930.725
8221,4931.6406
8222,4930.42
8223,4930.725
8224,4931.0303
8225,4931.0303
8226,4930.725
8227,4931.0303
8228,4931.6406
8229,4932.251
8230,4931.3354
8231,4931.3354
8232,4931.3354
8233,4930.42
8234,4931.6406
8235,4931.0303
8236,4931.0303
8237,4930.725
8238,4932.251
8239,4931.0303
8240,4931.0303
8241,4930.725
8242,4931.946
8243,4931.0303
8244,4931.6406
8245,4931.0303
8246,4931.0303
8247,4931.3354
8248,4931.3354
8249,4932.251
8250,4930.42
8251,4931.0303
8252,4931.0303
8253,4931.3354
8254,4931.6406
8255,4931.3354
8256,4931.3354
8257,4930.725
8258,4929.8096
8259,4931.0303
8260,4931.3354
8261,4929.8096
8262,4931.6406
8263,4931.6406
8264,4931.3354
8265,4930.725
8266,4931.0303
8267,4931.0303
8268,4931.3354
8269,4930.42
8270,4930.725
8271,4931.0303
8272,4931.0303
8273,4931.3354
8274,4931.3354
8275,4931.0303
8276,4931.0303
8277,4931.0303
8278,4930.725
8279,4930.725
8280,4931.3354
8281,4931.3354
8282,4932.556
8283,4931.0303
8284,4931.6406
8285,4931.3354
8286,4930.725
8287,4930.42
8288,4931.0303
8289,4931.6406
8290,4931.0303
8291,4930.42
8292,4931.3354
8293,4931.0303
8294,4931.3354
8295,4931.3354
8296,4930.1147
8297,4930.1147
8298,4931.6406
8299,4931.946
8300,4930.1147
8301,4931.3354
8302,4930.42
8303,4931.3354
8304,4931.0303
8305,4931.0303
8306,4931.0303
8307,4931.0303
8308,4931.0303
8309,4931.6406
8310,4930.725
8311,4931.0303
8312,4931.3354
8313,4931.6406
8314,4931.0303
8315,4931.3354
8316,4931.3354
8317,4931.0303
8318,4931.3354
8319,4931.0303
8320,4931.3354
8321,4931.3354
8322,4931.6406
8323,4931.3354
8324,4931.6406
8325,4930.725
8326,4931.6406
8327,4931.0303
8328,4931.6406
8329,4930.725
8330,4931.0303
8331,4931.6406
8332,4931.0303
8333,4930.42
8334,4931.3354
8335,4931.0303
8336,4931.3354
8337,4930.42
8338,4931.6406
8339,4931.3354
8340,4931.3354
8341,4930.42
8342,4931.6406
8343,4931.0303
8344,4931.6406
8345,4931.0303
8346,4930.1147
8347,4931.0303
8348,4932.251
8349,4931.946
8350,4931.0303
8351,4931.0303
8352,4931.0303
8353,4930.725
8354,4931.3354
8355,4931.0303
8356,4931.3354
8357,4930.725
8358,4930.725
8359,4931.3354
8360,4931.3354
8361,4931.3354
8362,4931.0303
8363,4931.3354
8364,4931.0303
8365,4929.5044
8366,4931.3354
8367,4931.6406
8368,4930.42
8369,4932.8613
8370,4931.3354
8371,4930.725
8372,4931.3354
8373,4931.3354
8374,4931.3354
8375,4930.725
8376,4931.0303
8377,4931.0303
8378,4931.3354
8379,4930.725
8380,4931.946
8381,4930.725
8382,4930.725
8383,4931.946
8384,4930.725
8385,4931.3354
8386,4930.42
8387,4931.6406
8388,4931.0303
8389,4932.251
8390,4930.725
8391,4931.0303
8392,4930.725
8393,4931.3354
8394,4931.3354
8395,4932.251
8396,4930.1147
8397,4931.946
8398,4931.3354
8399,4931.0303
8400,4931.3354
8401,4931.0303
8402,4930.42
8403,4930.1147
8404,4930.1147
8405,4931.3354
8406,4931.3354
8407,4931.6406
8408,4932.556
8409,4931.3354
8410,4931.0303
8411,4931.0303
8412,4931.3354
8413,4932.251
8414,4931.3354
8415,4930.725
8416,4931.946
8417,4931.3354
8418,4930.725
8419,4931.0303
8420,4930.42
8421,4930.725
8422,4931.0303
8423,4931.0303
8424,4930.725
8425,4931.0303
8426,4931.0303
8427,4930.725
8428,4931.3354
8429,4931.3354
8430,4931.946
8431,4931.0303
8432,4930.725
8433,4932.251
8434,4931.0303
8435,4930.725
8436,4931.0303
8437,4931.0303
8438,4931.0303
8439,4932.556
8440,4931.0303
8441,4932.8613
8442,4931.3354
8443,4931.6406
8444,4931.946
8445,4931.3354
8446,4930.1147
8447,4930.725
8448,4931.0303
8449,4931.946
8450,4931.0303
8451,4931.3354
8452,4930.42
8453,4930.725
8454,4931.3354
8455,4931.0303
8456,4930.42
8457,4931.3354
8458,4931.946
8459,4931.3354
8460,4930.1147
8461,4930.725
8462,4931.3354
8463,4930.725
8464,4930.1147
8465,4930.725
8466,4931.0303
8467,4930.725
8468,4931.0303
8469,4931.0303
8470,4931.0303
8471,4930.725
8472,4931.0303
8473,4930.725
8474,4931.3354
8475,4931.3354
8476,4931.6406
8477,4931.3354
8478,4931.3354
8479,4931.6406
8480,4931.6406
8481,4930.725
8482,4930.725
8483,4931.3354
8484,4931.3354
8485,4931.0303
8486,4931.946
8487,4931.0303
8488,4931.3354
8489,4931.0303
8490,4930.42
8491,4930.725
8492,4930.725
8493,4931.0303
8494,4931.6406
8495,4931.946
8496,4929.8096
8497,4930.42
8498,4931.0303
8499,4931.3354
8500,4931.6406
8501,4930.725
8502,4930.725
8503,4931.946
8504,4931.0303
8505,4931.6406
8506,4931.0303
8507,4930.725
8508,4930.725
8509,4931.3354
8510,4930.42
8511,4931.0303
8512,4931.6406
8513,4931.6406
8514,4930.725
8515,4930.1147
8516,4930.1147
8517,4931.0303
8518,4931.3354
8519,4931.3354
8520,4930.725
8521,4930.725
8522,4931.0303
8523,4931.0303
8524,4931.0303
8525,4931.946
8526,4931.3354
8527,4931.0303
8528,4931.0303
8529,4931.3354
8530,4931.3354
8531,4931.6406
8532,4931.6406
8533,4931.0303
8534,4931.0303
8535,4931.3354
8536,4931.946
8537,4931.3354
8538,4930.1147
8539,4931.3354
8540,4931.0303
8541,4931.0303
8542,4931.0303
8543,4931.3354
8544,4931.6406
8545,4931.6406
8546,4931.3354
8547,4931.3354
8548,4931.3354
8549,4930.725
8550,4932.251
8551,4931.3354
8552,4929.8096
8553,4931.6406
8554,4931.6406
8555,4931.6406
8556,4931.6406
8557,4931.0303
8558,4931.3354
8559,4930.725
8560,4931.3354
8561,4931.3354
8562,4931.3354
8563,4931.6406
8564,4931.3354
8565,4931.3354
8566,4929.8096
8567,4930.725
8568,4930.1147
8569,4931.3354
8570,4930.725
8571,4930.42
8572,4931.6406
8573,4931.0303
8574,4930.725
8575,4931.0303
8576,4931.3354
8577,4930.42
8578,4931.0303
8579,4931.0303
8580,4931.6406
8581,4930.725
8582,4931.0303
8583,4931.6406
8584,4930.725
8585,4930.42
8586,4931.0303
8587,4931.3354
8588,4931.3354
8589,4930.42
8590,4931.6406
8591,4931.0303
8592,4931.946
8593,4931.0303
8594,4930.725
8595,4931.6406
8596,4930.1147
8597,4932.251
8598,4931.6406
8599,4931.3354
8600,4931.6406
8601,4931.0303
8602,4931.0303
8603,4931.0303
8604,4930.725
8605,4929.8096
8606,4931.6406
8607,4931.946
8608,4931.3354
8609,4931.3354
8610,4930.725
8611,4931.0303
8612,4929.5044
8613,4931.3354
8614,4931.0303
8615,4930.725
8616,4932.8613
8617,4931.3354
8618,4931.3354
8619,4931.3354
8620,4930.42
8621,4931.3354
8622,4931.0303
8623,4930.725
8624,4933.1665
8625,4930.42
8626,4930.725
8627,4930.42
8628,4931.3354
8629,4931.6406
8630,4931.3354
8631,4932.8613
8632,4931.3354
8633,4930.725
8634,4931.0303
8635,4931.946
8636,4931.0303
8637,4929.8096
8638,4929.8096
8639,4931.6406
8640,4931.0303
8641,4930.42
8642,4930.42
8643,4930.42
8644,4931.0303
8645,4931.3354
8646,4931.0303
8647,4931.0303
8648,4931.0303
8649,4932.251
8650,4930.42
8651,4930.1147
8652,4930.725
8653,4931.6406
8654,4931.0303
8655,4930.725
8656,4931.0303
8657,4931.0303
8658,4930.1147
8659,4930.725
8660,4931.0303
8661,4931.3354
8662,4931.3354
8663,4931.3354
8664,4931.3354
8665,4930.42
8666,4930.42
8667,4931.6406
8668,4931.0303
8669,4931.6406
8670,4931.6406
8671,4931.3354
8672,4931.6406
8673,4931.946
8674,4931.6406
8675,4930.42
8676,4931.946
8677,4930.725
8678,4931.0303
8679,4931.0303
8680,4931.0303
8681,4931.946
8682,4931.0303
8683,4931.3354
8684,4930.725
8685,4931.0303
8686,4933.1665
8687,4931.3354
8688,4931.946
8689,4931.946
8690,4930.725
8691,4931.3354
8692,4931.6406
8693,4931.6406
8694,4931.6406
8695,4931.6406
8696,4930.725
8697,4930.725
8698,4931.0303
8699,4931.3354
8700,4931.0303
8701,4931.3354
8702,4931.0303
8703,4930.725
8704,4931.6406
8705,4930.42
8706,4932.556
8707,4931.6406
8708,4931.3354
8709,4931.0303
8710,4931.3354
8711,4931.3354
8712,4930.725
8713,4931.0303
8714,4930.725
8715,4930.1147
8716,4931.946
8717,4931.6406
8718,4931.6406
8719,4931.3354
8720,4931.0303
8721,4931.6406
8722,4931.6406
8723,4931.6406
8724,4931.3354
8725,4932.251
8726,4931.0303
8727,4930.725
8728,4931.0303
8729,4930.42
8730,4931.3354
8731,4931.6406
8732,4931.3354
8733,4931.6406
8734,4931.6406
8735,4931.6406
8736,4931.3354
8737,4930.725
8738,4931.3354
8739,4931.3354
8740,4930.725
8741,4931.3354
8742,4931.0303
8743,4930.725
8744,4930.42
8745,4931.6406
8746,4930.42
8747,4931.0303
8748,4931.3354
8749,4931.3354
8750,4931.3354
8751,4930.725
8752,4930.725
8753,4930.725
8754,4931.3354
8755,4930.42
8756,4932.556
8757,4930.725
8758,4930.725
8759,4931.946
8760,4931.3354
8761,4931.0303
8762,4931.946
8763,4931.0303
8764,4930.42
8765,4931.0303
8766,4931.0303
8767,4931.6406
8768,4931.0303
8769,4930.725
8770,4931.6406
8771,4930.725
8772,4930.42
8773,4931.0303
8774,4931.0303
8775,4931.0303
8776,4930.725
8777,4931.6406
8778,4930.725
8779,4931.0303
8780,4931.0303
8781,4931.0303
8782,4931.0303
8783,4930.42
8784,4930.725
8785,4931.0303
8786,4931.0303
8787,4931.3354
8788,4931.6406
8789,4931.6406
8790,4930.42
8791,4931.0303
8792,4931.6406
8793,4930.725
8794,4931.6406
8795,4931.0303
8796,4931.0303
8797,4931.0303
8798,4931.6406
8799,4931.0303
8800,4931.6406
8801,4931.0303
8802,4930.1147
8803,4931.6406
8804,4931.3354
8805,4930.1147
8806,4931.3354
8807,4930.42
8808,4931.0303
8809,4931.6406
8810,4932.251
8811,4931.0303
8812,4931.3354
8813,4931.3354
8814,4931.0303
8815,4931.0303
8816,4930.42
8817,4931.0303
8818,4932.251
8819,4931.6406
8820,4931.0303
8821,4930.725
8822,4930.1147
8823,4931.0303
8824,4931.0303
8825,4930.725
8826,4931.0303
8827,4930.1147
8828,4931.3354
8829,4931.3354
8830,4931.3354
8831,4931.6406
8832,4931.3354
8833,4931.946
8834,4931.6406
8835,4930.1147
8836,4930.725
8837,4931.0303
8838,4931.0303
8839,4930.1147
8840,4930.725
8841,4931.6406
8842,4931.0303
8843,4931.0303
8844,4932.251
8845,4931.3354
8846,4931.0303
8847,4930.725
8848,4929.8096
8849,4931.946
8850,4931.6406
8851,4931.3354
8852,4930.725
8853,4930.725
8854,4931.946
8855,4931.0303
8856,4930.42
8857,4930.42
8858,4931.3354
8859,4929.5044
8860,4931.0303
8861,4931.0303
8862,4931.3354
8863,4932.251
8864,4931.3354
8865,4931.0303
8866,4931.0303
8867,4930.725
8868,4931.946
8869,4931.3354
8870,4931.3354
8871,4931.3354
8872,4930.725
8873,4932.251
8874,4931.6406
8875,4931.3354
8876,4931.6406
8877,4931.3354
8878,4930.725
8879,4931.3354
8880,4931.0303
8881,4931.0303
8882,4930.725
8883,4931.6406
8884,4930.725
8885,4931.0303
8886,4931.6406
8887,4931.6406
8888,4930.725
8889,4931.0303
8890,4930.725
8891,4931.6406
8892,4931.946
8893,4931.0303
8894,4931.0303
8895,4931.6406
8896,4931.3354
8897,4931.0303
8898,4931.6406
8899,4931.0303
8900,4931.3354
8901,4931.3354
8902,4931.6406
8903,4930.725
8904,4931.6406
8905,4930.725
8906,4931.0303
8907,4930.1147
8908,4931.3354
8909,4930.725
8910,4930.725
8911,4931.6406
8912,4931.6406
8913,4929.5044
8914,4930.42
8915,4930.725
8916,4930.725
8917,4930.42
8918,4931.6406
8919,4930.725
8920,4930.725
8921,4930.1147
8922,4931.0303
8923,4931.0303
8924,4931.0303
8925,4931.0303
8926,4931.3354
8927,4931.3354
8928,4931.0303
8929,4930.1147
8930,4930.42
8931,4931.6406
8932,4931.0303
8933,4932.556
8934,4931.3354
8935,4931.3354
8936,4931.946
8937,4932.251
8938,4929.5044
8939,4931.3354
8940,4931.0303
8941,4930.725
8942,4931.6406
8943,4930.725
8944,4931.3354
8945,4931.6406
8946,4930.725
8947,4930.42
8948,4930.725
8949,4930.42
8950,4930.42
8951,4931.946
8952,4929.8096
8953,4930.725
8954,4930.725
8955,4931.3354
8956,4931.946
8957,4931.3354
8958,4930.42
8959,4930.725
8960,4931.0303
8961,4930.725
8962,4931.6406
8963,4931.6406
8964,4931.0303
8965,4930.1147
8966,4930.725
8967,4931.3354
8968,4931.6406
8969,4931.6406
8970,4931.0303
8971,4931.3354
8972,4931.3354
8973,4931.3354
8974,4931.6406
8975,4931.6406
8976,4931.6406
8977,4929.8096
8978,4930.42
8979,4931.0303
8980,4931.0303
8981,4932.251
8982,4932.8613
8983,4930.725
8984,4930.725
8985,4931.0303
8986,4931.3354
8987,4930.725
8988,4930.1147
8989,4930.725
8990,4931.6406
8991,4930.725
8992,4930.42
8993,4931.0303
8994,4931.3354
8995,4931.0303
8996,4930.1147
8997,4931.0303
8998,4931.3354
8999,4930.725
9000,4931.946
9001,4931.0303
9002,4931.3354
9003,4932.556
9004,4931.6406
9005,4931.6406
9006,4931.0303
9007,4931.6406
9008,4930.725
9009,4931.3354
9010,4931.0303
9011,4931.0303
9012,4931.3354
9013,4932.251
9014,4931.3354
9015,4931.3354
9016,4930.725
9017,4930.725
9018,4931.6406
9019,4931.3354
9020,4931.3354
9021,4930.42
9022,4931.3354
9023,4931.6406
9024,4931.0303
9025,4930.725
9026,4930.725
9027,4931.0303
9028,4930.42
9029,4931.3354
9030,4930.725
9031,4930.725
9032,4931.6406
9033,4931.0303
9034,4930.42
9035,4930.725
9036,4933.1665
9037,4931.6406
9038,4931.0303
9039,4930.725
9040,4931.0303
9041,4931.6406
9042,4931.0303
9043,4931.3354
9044,4931.0303
9045,4931.3354
9046,4931.6406
9047,4931.3354
9048,4931.0303
9049,4931.6406
9050,4931.6406
9051,4931.946
9052,4931.3354
9053,4931.3354
9054,4931.3354
9055,4931.6406
9056,4931.6406
9057,4931.0303
9058,4931.6406
9059,4930.42
9060,4931.946
9061,4929.5044
9062,4931.3354
9063,4931.0303
9064,4931.946
9065,4930.42
9066,4929.8096
9067,4931.0303
9068,4931.3354
9069,4931.0303
9070,4930.42
9071,4931.6406
9072,4931.0303
9073,4931.3354
9074,4930.725
9075,4931.3354
9076,4930.725
9077,4931.3354
9078,4930.42
9079,4931.0303
9080,4931.3354
9081,4930.725
9082,4931.6406
9083,4931.3354
9084,4930.42
9085,4931.0303
9086,4930.725
9087,4931.6406
9088,4931.6406
9089,4930.725
9090,4931.0303
9091,4931.0303
9092,4930.725
9093,4930.725
9094,4930.42
9095,4930.725
9096,4931.0303
9097,4931.3354
9098,4930.725
9099,4930.725
9100,4931.6406
9101,4931.0303
9102,4930.42
9103,4930.725
9104,4931.3354
9105,4930.725
9106,4929.5044
9107,4931.0303
9108,4931.0303
9109,4930.725
9110,4932.251
9111,4930.725
9112,4930.725
9113,4931.0303
9114,4930.725
9115,4930.42
9116,4930.42
9117,4931.6406
9118,4931.946
9119,4930.725
9120,4931.3354
9121,4931.0303
9122,4931.3354
9123,4929.8096
9124,4931.0303
9125,4930.42
9126,4931.0303
9127,4931.0303
9128,4931.0303
9129,4930.725
9130,4931.6406
9131,4931.0303
9132,4931.0303
9133,4931.3354
9134,4930.725
9135,4930.1147
9136,4931.0303
9137,4931.3354
9138,4930.725
9139,4930.725
9140,4931.0303
9141,4931.3354
9142,4931.3354
9143,4931.0303
9144,4931.3354
9145,4931.3354
9146,4931.3354
9147,4930.725
9148,4931.0303
9149,4931.946
9150,4931.0303
9151,4931.0303
9152,4930.725
9153,4931.0303
9154,4931.946
9155,4931.3354
9156,4931.0303
9157,4931.6406
9158,4931.946
9159,4931.6406
9160,4929.8096
9161,4930.725
9162,4931.0303
9163,4931.3354
9164,4931.6406
9165,4930.42
9166,4930.725
9167,4931.6406
9168,4930.725
9169,4931.0303
9170,4931.3354
9171,4931.0303
9172,4931.6406
9173,4930.725
9174,4931.6406
9175,4931.3354
9176,4930.725
9177,4931.3354
9178,4930.725
9179,4931.946
9180,4933.777
9181,4931.6406
9182,4931.3354
9183,4931.0303
9184,4931.946
9185,4931.6406
9186,4931.6406
9187,4931.0303
9188,4931.0303
9189,4931.3354
9190,4931.0303
9191,4931.0303
9192,4931.6406
9193,4931.0303
9194,4930.725
9195,4931.3354
9196,4931.946
9197,4931.0303
9198,4930.725
9199,4931.3354
9200,4933.1665
9201,4930.725
9202,4931.946
9203,4931.0303
9204,4931.3354
9205,4931.6406
9206,4931.3354
9207,4931.0303
9208,4931.3354
9209,4930.725
9210,4931.6406
9211,4931.3354
9212,4931.0303
9213,4931.3354
9214,4931.0303
9215,4930.725
9216,4931.0303
9217,4931.3354
9218,4932.251
9219,4931.6406
9220,4931.3354
9221,4931.946
9222,4930.725
9223,4931.0303
9224,4932.251
9225,4931.3354
9226,4931.0303
9227,4931.3354
9228,4931.6406
9229,4930.725
9230,4931.3354
9231,4932.251
9232,4930.725
9233,4932.251
9234,4931.0303
9235,4931.3354
9236,4931.0303
9237,4931.3354
9238,4931.6406
9239,4931.0303
9240,4930.42
9241,4931.0303
9242,4930.42
9243,4931.3354
9244,4931.0303
9245,4930.42
9246,4931.0303
9247,4930.42
9248,4931.0303
9249,4931.946
9250,4932.556
9251,4930.1147
9252,4931.6406
9253,4931.0303
9254,4931.6406
9255,4931.946
9256,4931.6406
9257,4931.0303
9258,4931.6406
9259,4931.0303
9260,4931.6406
9261,4931.6406
9262,4931.3354
9263,4931.6406
9264,4931.6406
9265,4931.0303
9266,4931.3354
9267,4930.42
9268,4931.946
9269,4931.3354
9270,4930.725
9271,4930.725
9272,4931.0303
9273,4931.3354
9274,4931.0303
9275,4931.6406
9276,4930.725
9277,4931.946
9278,4930.725
9279,4930.1147
9280,4931.3354
9281,4930.725
9282,4931.0303
9283,4931.0303
9284,4930.725
9285,4930.42
9286,4931.3354
9287,4931.946
9288,4931.0303
9289,4930.42
9290,4930.42
9291,4931.3354
9292,4931.0303
9293,4931.3354
9294,4931.0303
9295,4931.946
9296,4931.946
9297,4931.0303
9298,4931.0303
9299,4931.3354
9300,4931.6406
9301,4930.42
9302,4931.0303
9303,4931.0303
9304,4931.0303
9305,4931.946
9306,4930.725
9307,4931.0303
9308,4931.0303
9309,4929.8096
9310,4931.6406
9311,4931.3354
9312,4930.725
9313,4931.3354
9314,4931.946
9315,4931.6406
9316,4931.0303
9317,4930.725
9318,4931.0303
9319,4931.6406
9320,4931.6406
9321,4930.42
9322,4931.0303
9323,4932.251
9324,4930.725
9325,4931.3354
9326,4931.0303
9327,4931.3354
9328,4930.725
9329,4930.725
9330,4931.3354
9331,4930.725
9332,4930.725
9333,4931.946
9334,4931.0303
9335,4931.3354
9336,4931.6406
9337,4931.6406
9338,4931.0303
9339,4931.0303
9340,4930.725
9341,4930.42
9342,4930.725
9343,4931.946
9344,4932.251
9345,4931.3354
9346,4931.0303
9347,4931.6406
9348,4930.725
9349,4931.3354
9350,4930.725
9351,4931.6406
9352,4930.725
9353,4929.5044
9354,4930.42
9355,4930.725
9356,4931.3354
9357,4932.251
9358,4931.0303
9359,4931.6406
9360,4931.0303
9361,4931.6406
9362,4931.0303
9363,4931.3354
9364,4931.0303
9365,4931.0303
9366,4930.42
9367,4930.725
9368,4931.0303
9369,4931.3354
9370,4931.3354
9371,4930.725
9372,4929.8096
9373,4931.6406
9374,4931.3354
9375,4930.725
9376,4931.0303
9377,4932.251
9378,4930.725
9379,4931.3354
9380,4931.3354
9381,4930.725
9382,4930.725
9383,4931.0303
9384,4931.3354
9385,4930.42
9386,4931.0303
9387,4931.0303
9388,4931.3354
9389,4931.0303
9390,4930.42
9391,4931.6406
9392,4930.725
9393,4931.3354
9394,4931.946
9395,4930.725
9396,4930.725
9397,4930.42
9398,4930.725
9399,4929.5044
9400,4931.0303
9401,4931.0303
9402,4931.6406
9403,4930.42
9404,4931.6406
9405,4931.6406
9406,4931.3354
9407,4931.3354
9408,4931.3354
9409,4930.42
9410,4930.725
9411,4930.42
9412,4931.0303
9413,4931.0303
9414,4931.3354
9415,4931.6406
9416,4930.1147
9417,4931.0303
9418,4931.6406
9419,4931.6406
9420,4931.3354
9421,4931.0303
9422,4931.0303
9423,4931.3354
9424,4931.3354
9425,4931.6406
9426,4931.0303
9427,4932.8613
9428,4930.1147
9429,4931.3354
9430,4931.0303
9431,4931.0303
9432,4931.0303
9433,4931.6406
9434,4930.725
9435,4930.1147
9436,4930.42
9437,4931.0303
9438,4931.3354
9439,4931.6406
9440,4930.42
9441,4932.8613
9442,4931.6406
9443,4931.3354
9444,4931.0303
9445,4930.725
9446,4930.725
9447,4931.3354
9448,4931.0303
9449,4931.6406
9450,4931.0303
9451,4932.556
9452,4931.946
9453,4930.42
9454,4931.3354
9455,4931.0303
9456,4930.42
9457,4931.3354
9458,4931.3354
9459,4930.42
9460,4931.0303
9461,4931.0303
9462,4930.725
9463,4930.725
9464,4931.3354
9465,4931.0303
9466,4930.1147
9467,4931.6406
9468,4931.3354
9469,4931.0303
9470,4931.6406
9471,4931.0303
9472,4931.0303
9473,4930.725
9474,4931.0303
9475,4931.0303
9476,4930.725
9477,4931.3354
9478,4930.725
9479,4931.3354
9480,4931.6406
9481,4930.725
9482,4931.0303
9483,4931.0303
9484,4930.725
9485,4930.1147
9486,4930.42
9487,4930.725
9488,4931.0303
9489,4931.0303
9490,4931.3354
9491,4930.725
9492,4931.3354
9493,4931.0303
9494,4931.6406
9495,4930.725
9496,4931.0303
9497,4931.6406
9498,4931.3354
9499,4931.3354
9500,4931.6406
9501,4931.3354
9502,4931.0303
9503,4930.1147
9504,4930.725
9505,4931.3354
9506,4931.0303
9507,4931.3354
9508,4931.3354
9509,4929.199
9510,4931.6406
9511,4931.3354
9512,4930.725
9513,4931.6406
9514,4931.3354
9515,4930.42
9516,4930.725
9517,4931.0303
9518,4931.0303
9519,4931.6406
9520,4931.3354
9521,4931.0303
9522,4930.725
9523,4931.3354
9524,4931.0303
9525,4931.6406
9526,4930.42
9527,4930.42
9528,4931.3354
9529,4931.946
9530,4931.946
9531,4931.3354
9532,4931.3354
9533,4931.6406
9534,4930.725
9535,4930.725
9536,4931.3354
9537,4931.3354
9538,4930.725
9539,4931.0303
9540,4931.0303
9541,4931.6406
9542,4931.3354
9543,4931.0303
9544,4930.42
9545,4931.3354
9546,4931.3354
9547,4931.3354
9548,4931.0303
9549,4931.6406
9550,4931.6406
9551,4931.6406
9552,4930.1147
9553,4930.42
9554,4931.6406
9555,4930.42
9556,4931.3354
9557,4931.3354
9558,4931.3354
9559,4931.0303
9560,4931.3354
9561,4930.725
9562,4930.725
9563,4930.42
9564,4931.3354
9565,4931.0303
9566,4930.725
9567,4930.725
9568,4930.725
9569,4931.946
9570,4931.0303
9571,4931.0303
9572,4931.3354
9573,4931.0303
9574,4931.0303
9575,4931.6406
9576,4931.3354
9577,4930.725
9578,4931.946
9579,4932.556
9580,4930.1147
9581,4931.946
9582,4931.3354
9583,4931.3354
9584,4930.725
9585,4930.725
9586,4932.8613
9587,4930.725
9588,4931.6406
9589,4931.0303
9590,4931.3354
9591,4931.0303
9592,4931.3354
9593,4931.3354
9594,4930.725
9595,4931.3354
9596,4931.0303
9597,4931.0303
9598,4930.725
9599,4931.6406
9600,4929.8096
9601,4932.251
9602,4931.0303
9603,4931.6406
9604,4932.251
9605,4930.725
9606,4931.0303
9607,4931.0303
9608,4930.725
9609,4930.1147
9610,4931.946
9611,4931.946
9612,4930.42
9613,4931.3354
9614,4931.3354
9615,4931.0303
9616,4930.725
9617,4930.725
9618,4931.3354
9619,4931.3354
9620,4931.3354
9621,4930.725
9622,4931.0303
9623,4930.725
9624,4931.3354
9625,4931.6406
9626,4931.3354
9627,4931.946
9628,4931.6406
9629,4931.0303
9630,4930.725
9631,4931.6406
9632,4930.725
9633,4931.6406
9634,4929.5044
9635,4931.0303
9636,4931.946
9637,4930.725
9638,4931.3354
9639,4931.0303
9640,4930.725
9641,4931.0303
9642,4931.3354
9643,4931.3354
9644,4931.3354
9645,4931.3354
9646,4931.946
9647,4931.0303
9648,4931.0303
9649,4931.0303
9650,4930.725
9651,4931.3354
9652,4930.725
9653,4930.1147
9654,4931.3354
9655,4930.725
9656,4931.3354
9657,4931.3354
9658,4930.725
9659,4930.725
9660,4931.0303
9661,4931.0303
9662,4931.3354
9663,4931.0303
9664,4931.6406
9665,4931.3354
9666,4931.6406
9667,4931.0303
9668,4931.0303
9669,4931.6406
9670,4930.42
9671,4930.725
9672,4930.725
9673,4930.42
9674,4932.8613
9675,4931.946
9676,4930.725
9677,4931.6406
9678,4931.0303
9679,4931.3354
9680,4931.0303
9681,4931.0303
9682,4930.725
9683,4931.0303
9684,4930.725
9685,4931.3354
9686,4931.0303
9687,4931.0303
9688,4930.725
9689,4931.6406
9690,4930.42
9691,4930.1147
9692,4931.6406
9693,4931.6406
9694,4931.3354
9695,4930.725
9696,4931.3354
9697,4930.725
9698,4930.725
9699,4931.0303
9700,4931.946
9701,4931.3354
9702,4931.6406
9703,4931.0303
9704,4931.6406
9705,4931.0303
9706,4931.6406
9707,4931.6406
9708,4930.725
9709,4931.0303
9710,4931.946
9711,4931.3354
9712,4931.0303
9713,4931.6406
9714,4931.6406
9715,4931.0303
9716,4931.0303
9717,4931.0303
9718,4931.0303
9719,4929.8096
9720,4931.3354
9721,4931.0303
9722,4930.725
9723,4931.3354
9724,4930.42
9725,4931.3354
9726,4931.946
9727,4930.725
9728,4930.725
9729,4931.3354
9730,4931.0303
9731,4931.6406
9732,4929.5044
9733,4931.3354
9734,4930.725
9735,4932.251
9736,4930.1147
9737,4931.0303
9738,4931.6406
9739,4931.0303
9740,4930.725
9741,4931.0303
9742,4931.946
9743,4931.6406
9744,4931.946
9745,4931.3354
9746,4931.3354
9747,4932.556
9748,4931.3354
9749,4931.6406
9750,4931.0303
9751,4931.3354
9752,4931.946
9753,4931.0303
9754,4931.0303
9755,4931.3354
9756,4931.6406
9757,4931.0303
9758,4930.725
9759,4931.0303
9760,4931.3354
9761,4931.3354
9762,4931.946
9763,4931.0303
9764,4931.0303
9765,4930.42
9766,4930.725
9767,4930.725
9768,4930.725
9769,4931.0303
9770,4931.6406
9771,4931.3354
9772,4930.1147
9773,4931.3354
9774,4931.3354
9775,4930.725
9776,4931.0303
9777,4931.3354
9778,4931.3354
9779,4931.3354
9780,4930.42
9781,4931.6406
9782,4930.42
9783,4931.946
9784,4931.3354
9785,4931.3354
9786,4931.0303
9787,4931.3354
9788,4933.1665
9789,4931.6406
9790,4929.8096
9791,4931.3354
9792,4931.3354
9793,4931.0303
9794,4930.725
9795,4931.3354
9796,4931.3354
9797,4930.725
9798,4931.3354
9799,4930.725
9800,4931.3354
9801,4930.725
9802,4931.0303
9803,4931.3354
9804,4931.0303
9805,4931.6406
9806,4931.0303
9807,4931.3354
9808,4930.725
9809,4930.42
9810,4930.42
9811,4931.0303
9812,4931.946
9813,4931.3354
9814,4931.3354
9815,4931.0303
9816,4931.6406
9817,4931.0303
9818,4930.725
9819,4930.725
9820,4931.3354
9821,4931.3354
9822,4931.3354
9823,4931.3354
9824,4931.3354
9825,4930.725
9826,4930.1147
9827,4930.42
9828,4930.42
9829,4931.0303
9830,4931.0303
9831,4931.0303
9832,4931.6406
9833,4931.6406
9834,4931.3354
9835,4931.3354
9836,4931.3354
9837,4931.6406
9838,4931.3354
9839,4931.3354
9840,4931.0303
9841,4931.0303
9842,4931.3354
9843,4930.725
9844,4931.6406
9845,4931.6406
9846,4931.0303
9847,4929.8096
9848,4931.6406
9849,4930.42
9850,4931.3354
9851,4934.082
9852,4931.0303
9853,4930.1147
9854,4931.3354
9855,4931.6406
9856,4931.3354
9857,4930.725
9858,4931.3354
9859,4930.725
9860,4930.1147
9861,4930.725
9862,4931.0303
9863,4931.946
9864,4930.42
9865,4931.3354
9866,4931.3354
9867,4931.6406
9868,4931.3354
9869,4931.3354
9870,4931.3354
9871,4931.0303
9872,4929.8096
9873,4931.0303
9874,4931.6406
9875,4931.6406
9876,4931.3354
9877,4931.3354
9878,4930.725
9879,4930.42
9880,4931.0303
9881,4930.1147
9882,4931.0303
9883,4931.0303
9884,4930.42
9885,4931.6406
9886,4931.0303
9887,4931.3354
9888,4930.1147
9889,4930.725
9890,4931.6406
9891,4930.725
9892,4931.3354
9893,4931.946
9894,4931.3354
9895,4931.0303
9896,4930.725
9897,4930.725
9898,4931.6406
9899,4931.0303
9900,4931.6406
9901,4931.3354
9902,4931.946
9903,4930.725
9904,4930.725
9905,4931.0303
9906,4930.42
9907,4931.3354
9908,4931.3354
9909,4931.6406
9910,4930.725
9911,4931.6406
9912,4931.6406
9913,4930.42
9914,4931.0303
9915,4931.3354
9916,4931.3354
9917,4931.0303
9918,4931.0303
9919,4931.3354
9920,4931.946
9921,4932.8613
9922,4930.725
9923,4931.0303
9924,4931.6406
9925,4931.3354
9926,4931.3354
9927,4930.42
9928,4930.1147
9929,4931.3354
9930,4931.6406
9931,4931.0303
9932,4930.725
9933,4931.6406
9934,4931.0303
9935,4930.725
9936,4930.725
9937,4930.725
9938,4930.42
9939,4931.6406
9940,4931.6406
9941,4930.42
9942,4931.0303
9943,4931.946
9944,4931.946
9945,4931.6406
9946,4931.0303
9947,4930.42
9948,4931.946
9949,4931.3354
9950,4929.8096
9951,4931.0303
9952,4931.3354
9953,4930.42
9954,4931.0303
9955,4931.0303
9956,4931.0303
9957,4931.946
9958,4931.6406
9959,4931.3354
9960,4931.3354
9961,4931.3354
9962,4931.0303
9963,4930.1147
9964,4930.725
9965,4931.6406
9966,4930.725
9967,4930.725
9968,4931.0303
9969,4931.6406
9970,4931.6406
9971,4931.0303
9972,4930.725
9973,4930.725
9974,4931.3354
9975,4931.0303
9976,4931.6406
9977,4931.0303
9978,4930.725
9979,4931.0303
9980,4931.0303
9981,4930.1147
9982,4931.6406
9983,4931.3354
9984,4930.725
9985,4931.3354
9986,4931.0303
9987,4931.3354
9988,4931.3354
9989,4931.3354
9990,4930.725
9991,4931.6406
9992,4931.6406
9993,4931.946
9994,4931.3354
9995,4932.251
9996,4930.725
9997,4931.3354
9998,4931.0303
9999,4931.3354
10000,4931.0303
10001,4930.42
10002,4931.6406
10003,4930.42
10004,4930.725
10005,4931.6406
10006,4931.0303
10007,4929.8096
10008,4930.1147
10009,4930.725
10010,4931.946
10011,4931.0303
10012,4930.725
10013,4931.3354
10014,4931.3354
10015,4930.725
10016,4930.725
10017,4931.0303
10018,4931.6406
10019,4931.6406
10020,4931.0303
10021,4931.3354
10022,4930.42
10023,4930.725
10024,4930.42
10025,4932.251
10026,4931.3354
10027,4930.725
10028,4931.0303
10029,4930.725
10030,4932.556
10031,4931.0303
10032,4930.725
10033,4931.3354
10034,4930.42
10035,4931.0303
10036,4931.6406
10037,4931.0303
10038,4931.6406
10039,4930.725
10040,4931.0303
10041,4931.3354
10042,4931.6406
10043,4931.6406
10044,4931.0303
10045,4931.0303
10046,4932.251
10047,4931.3354
10048,4931.6406
10049,4931.3354
10050,4930.42
10051,4931.0303
10052,4931.6406
10053,4930.42
10054,4931.0303
10055,4930.725
10056,4931.3354
10057,4931.0303
10058,4931.3354
10059,4931.0303
10060,4930.1147
10061,4931.6406
10062,4931.3354
10063,4931.946
10064,4931.946
10065,4931.0303
10066,4931.3354
10067,4931.6406
10068,4931.3354
10069,4931.3354
10070,4930.1147
10071,4931.946
10072,4931.0303
10073,4930.42
10074,4931.3354
10075,4931.3354
10076,4931.6406
10077,4930.725
10078,4930.1147
10079,4931.946
10080,4931.0303
10081,4930.725
10082,4931.946
10083,4931.3354
10084,4930.725
10085,4931.3354
10086,4930.725
10087,4930.42
10088,4931.0303
10089,4931.3354
10090,4931.0303
10091,4930.1147
10092,4931.946
10093,4931.6406
10094,4930.1147
10095,4931.6406
10096,4931.6406
10097,4930.725
10098,4930.725
10099,4931.0303
10100,4931.0303
10101,4931.0303
10102,4931.3354
10103,4931.3354
10104,4931.3354
10105,4930.725
10106,4931.6406
10107,4932.556
10108,4931.3354
10109,4930.725
10110,4931.3354
10111,4931.3354
10112,4931.6406
10113,4931.3354
10114,4931.6406
10115,4931.3354
10116,4931.0303
10117,4931.6406
10118,4930.725
10119,4930.725
10120,4930.1147
10121,4931.0303
10122,4931.3354
10123,4930.42
10124,4931.3354
10125,4931.946
10126,4930.725
10127,4931.3354
10128,4931.0303
10129,4931.0303
10130,4931.6406
10131,4930.725
10132,4931.0303
10133,4931.6406
10134,4931.0303
10135,4931.946
10136,4930.725
10137,4930.1147
10138,4931.6406
10139,4930.42
10140,4931.3354
10141,4930.725
10142,4930.725
10143,4931.3354
10144,4930.42
10145,4931.946
10146,4930.725
10147,4930.725
10148,4931.3354
10149,4931.946
10150,4930.725
10151,4931.0303
10152,4931.3354
10153,4931.3354
10154,4931.3354
10155,4932.556
10156,4930.725
10157,4931.0303
10158,4930.725
10159,4931.0303
10160,4931.6406
10161,4930.725
10162,4931.0303
10163,4931.0303
10164,4930.1147
10165,4930.725
10166,4930.725
10167,4930.725
10168,4931.3354
10169,4930.42
10170,4931.0303
10171,4931.946
10172,4931.946
10173,4929.8096
10174,4931.946
10175,4931.6406
10176,4931.0303
10177,4931.6406
10178,4931.946
10179,4930.42
10180,4931.3354
10181,4931.3354
10182,4930.725
10183,4930.725
10184,4930.725
10185,4930.725
10186,4930.725
10187,4930.725
10188,4931.946
10189,4930.725
10190,4930.42
10191,4931.6406
10192,4931.6406
10193,4931.0303
10194,4930.1147
10195,4931.6406
10196,4932.556
10197,4931.3354
10198,4930.725
10199,4931.6406
10200,4932.251
10201,4930.725
10202,4931.0303
10203,4931.3354
10204,4930.42
10205,4931.6406
10206,4931.3354
10207,4931.946
10208,4931.3354
10209,4931.3354
10210,4931.0303
10211,4930.725
10212,4931.6406
10213,4932.556
10214,4930.42
10215,4931.0303
10216,4931.3354
10217,4931.0303
10218,4930.42
10219,4930.42
10220,4931.0303
10221,4931.0303
10222,4930.42
10223,4931.946
10224,4931.3354
10225,4931.946
10226,4930.1147
10227,4931.0303
10228,4930.42
10229,4931.0303
10230,4931.3354
10231,4930.42
10232,4931.3354
10233,4931.0303
10234,4929.8096
10235,4931.3354
10236,4930.725
10237,4930.725
10238,4932.556
10239,4931.3354
10240,4932.556
10241,4931.0303
10242,4931.946
10243,4931.3354
10244,4931.3354
10245,4931.6406
10246,4931.0303
10247,4930.725
10248,4931.0303
10249,4931.6406
10250,4931.0303
10251,4931.0303
10252,4931.6406
10253,4932.251
10254,4930.42
10255,4929.8096
10256,4930.725
10257,4931.0303
10258,4931.0303
10259,4930.725
10260,4931.0303
10261,4931.0303
10262,4931.0303
10263,4931.3354
10264,4931.3354
10265,4930.1147
10266,4931.0303
10267,4930.42
10268,4931.6406
10269,4930.1147
10270,4931.3354
10271,4931.3354
10272,4931.0303
10273,4931.3354
10274,4931.3354
10275,4931.6406
10276,4931.0303
10277,4931.946
10278,4931.0303
10279,4931.3354
10280,4931.946
10281,4931.6406
10282,4931.0303
10283,4931.0303
10284,4931.3354
10285,4930.725
10286,4931.3354
10287,4930.42
10288,4931.6406
10289,4931.3354
10290,4930.725
10291,4930.725
10292,4931.0303
10293,4931.0303
10294,4931.6406
10295,4930.42
10296,4930.1147
10297,4930.42
10298,4931.3354
10299,4931.3354
10300,4929.8096
10301,4930.725
10302,4931.3354
10303,4931.946
10304,4930.725
10305,4930.725
10306,4930.725
10307,4931.6406
10308,4931.0303
10309,4930.725
10310,4931.0303
10311,4931.3354
10312,4931.6406
10313,4931.6406
10314,4931.3354
10315,4931.946
10316,4931.0303
10317,4931.0303
10318,4931.0303
10319,4931.3354
10320,4930.42
10321,4930.725
10322,4931.3354
10323,4931.3354
10324,4931.3354
10325,4930.42
10326,4931.6406
10327,4931.3354
10328,4930.725
10329,4931.6406
10330,4931.3354
10331,4931.0303
10332,4931.3354
10333,4930.1147
10334,4930.725
10335,4931.3354
10336,4931.3354
10337,4931.3354
10338,4931.6406
10339,4931.6406
10340,4930.725
10341,4929.8096
10342,4931.0303
10343,4930.725
10344,4931.946
10345,4932.556
10346,4931.6406
10347,4931.6406
10348,4931.0303
10349,4932.251
10350,4930.725
10351,4931.3354
10352,4931.3354
10353,4931.3354
10354,4931.3354
10355,4931.6406
10356,4931.6406
10357,4931.0303
10358,4931.6406
10359,4930.725
10360,4931.6406
10361,4931.3354
10362,4931.3354
10363,4931.3354
10364,4931.0303
10365,4931.0303
10366,4930.725
10367,4931.0303
10368,4931.0303
10369,4931.6406
10370,4931.6406
10371,4930.725
10372,4931.0303
10373,4930.725
10374,4931.6406
10375,4931.3354
10376,4932.251
10377,4931.0303
10378,4931.3354
10379,4931.3354
10380,4931.6406
10381,4931.3354
10382,4930.725
10383,4930.725
10384,4931.0303
10385,4931.0303
10386,4931.3354
10387,4931.3354
10388,4931.3354
10389,4931.0303
10390,4930.725
10391,4930.1147
10392,4930.725
10393,4932.251
10394,4931.6406
10395,4931.0303
10396,4931.0303
10397,4931.0303
10398,4931.946
10399,4930.725
10400,4931.0303
10401,4931.0303
10402,4930.42
10403,4930.725
10404,4931.3354
10405,4931.3354
10406,4931.6406
10407,4931.3354
10408,4931.6406
10409,4931.0303
10410,4930.42
10411,4931.0303
10412,4931.6406
10413,4931.3354
10414,4931.0303
10415,4932.8613
10416,4931.0303
10417,4930.1147
10418,4931.3354
10419,4931.0303
10420,4930.1147
10421,4930.725
10422,4930.725
10423,4930.725
10424,4930.42
10425,4931.3354
10426,4931.6406
10427,4931.3354
10428,4930.42
10429,4930.725
10430,4931.3354
10431,4930.42
10432,4930.42
10433,4931.3354
10434,4930.725
10435,4931.6406
10436,4930.725
10437,4931.6406
10438,4930.42
10439,4931.6406
10440,4931.6406
10441,4930.42
10442,4931.0303
10443,4931.6406
10444,4932.251
10445,4931.3354
10446,4931.0303
10447,4931.3354
10448,4931.0303
10449,4931.0303
10450,4930.725
10451,4931.0303
10452,4931.946
10453,4931.6406
10454,4931.3354
10455,4931.3354
10456,4930.725
10457,4932.251
10458,4931.0303
10459,4930.1147
10460,4930.725
10461,4931.6406
10462,4931.0303
10463,4930.42
10464,4931.0303
10465,4931.6406
10466,4930.725
10467,4931.0303
10468,4931.6406
10469,4931.3354
10470,4930.725
10471,4931.0303
10472,4931.6406
10473,4931.3354
10474,4930.725
10475,4931.0303
10476,4931.6406
10477,4931.3354
10478,4931.0303
10479,4931.0303
10480,4931.6406
10481,4931.0303
10482,4931.0303
10483,4931.3354
10484,4931.0303
10485,4932.251
10486,4931.946
10487,4931.6406
10488,4930.725
10489,4931.3354
10490,4930.725
10491,4931.3354
10492,4931.0303
10493,4931.0303
10494,4931.6406
10495,4931.3354
10496,4931.946
10497,4931.3354
10498,4931.0303
10499,4931.0303
10500,4930.725
10501,4930.42
10502,4931.0303
10503,4930.725
10504,4931.3354
10505,4930.725
10506,4930.42
10507,4931.3354
10508,4931.3354
10509,4930.725
10510,4930.725
10511,4930.42
10512,4931.3354
10513,4932.556
10514,4931.3354
10515,4931.946
10516,4930.42
10517,4931.3354
10518,4931.3354
10519,4931.6406
10520,4931.946
10521,4929.5044
10522,4931.6406
10523,4931.0303
10524,4931.6406
10525,4931.6406
10526,4931.3354
10527,4931.0303
10528,4931.0303
10529,4931.3354
10530,4931.6406
10531,4931.6406
10532,4931.946
10533,4931.3354
10534,4931.3354
10535,4931.3354
10536,4931.6406
10537,4931.6406
10538,4930.725
10539,4931.3354
10540,4930.42
10541,4932.251
10542,4930.42
10543,4931.0303
10544,4930.725
10545,4931.0303
10546,4931.0303
10547,4931.3354
10548,4931.0303
10549,4930.725
10550,4931.6406
10551,4931.3354
10552,4929.8096
10553,4931.0303
10554,4931.0303
10555,4931.3354
10556,4930.725
10557,4931.0303
10558,4931.6406
10559,4930.42
10560,4931.0303
10561,4931.946
10562,4931.3354
10563,4931.3354
10564,4931.3354
10565,4931.0303
10566,4931.946
10567,4931.0303
10568,4930.725
10569,4930.725
10570,4930.42
10571,4931.3354
10572,4931.6406
10573,4931.0303
10574,4931.6406
10575,4931.3354
10576,4931.0303
10577,4930.725
10578,4930.42
10579,4931.0303
10580,4931.0303
10581,4931.0303
10582,4931.0303
10583,4931.3354
10584,4931.3354
10585,4931.0303
10586,4931.6406
10587,4931.0303
10588,4929.5044
10589,4931.0303
10590,4930.42
10591,4931.0303
10592,4932.8613
10593,4931.3354
10594,4931.0303
10595,4931.3354
10596,4931.0303
10597,4930.725
10598,4931.0303
10599,4931.3354
10600,4931.3354
10601,4930.725
10602,4931.0303
10603,4931.0303
10604,4931.0303
10605,4930.42
10606,4931.946
10607,4931.3354
10608,4931.0303
10609,4930.725
10610,4930.42
10611,4932.556
10612,4931.0303
10613,4930.725
10614,4931.3354
10615,4930.1147
10616,4931.0303
10617,4931.0303
10618,4931.0303
10619,4930.725
10620,4931.0303
10621,4931.3354
10622,4930.42
10623,4930.725
10624,4931.3354
10625,4931.0303
10626,4930.725
10627,4931.0303
10628,4931.0303
10629,4931.0303
10630,4931.0303
10631,4931.6406
10632,4931.3354
10633,4930.725
10634,4930.42
10635,4931.3354
10636,4931.0303
10637,4931.0303
10638,4930.725
10639,4930.42
10640,4931.3354
10641,4931.3354
10642,4931.6406
10643,4931.0303
10644,4931.3354
10645,4931.946
10646,4931.0303
10647,4930.42
10648,4930.42
10649,4931.3354
10650,4931.0303
10651,4931.0303
10652,4931.6406
10653,4930.725
10654,4930.725
10655,4930.725
10656,4931.6406
10657,4930.42
10658,4930.42
10659,4930.1147
10660,4931.3354
10661,4931.6406
10662,4933.1665
10663,4931.3354
10664,4930.1147
10665,4931.946
10666,4931.0303
10667,4931.6406
10668,4930.42
10669,4931.3354
10670,4931.0303
10671,4930.725
10672,4931.0303
10673,4931.3354
10674,4931.3354
10675,4930.42
10676,4930.42
10677,4930.1147
10678,4931.3354
10679,4931.0303
10680,4931.0303
10681,4930.725
10682,4931.0303
10683,4930.42
10684,4930.725
10685,4930.725
10686,4931.6406
10687,4930.725
10688,4931.3354
10689,4932.251
10690,4931.0303
10691,4930.725
10692,4931.6406
10693,4931.3354
10694,4931.6406
10695,4930.42
10696,4930.725
10697,4931.6406
10698,4931.0303
10699,4932.556
10700,4930.42
10701,4931.0303
10702,4931.0303
10703,4931.946
10704,4930.725
10705,4930.42
10706,4931.0303
10707,4931.0303
10708,4931.0303
10709,4931.3354
10710,4931.0303
10711,4931.3354
10712,4930.42
10713,4931.3354
10714,4930.725
10715,4930.42
10716,4931.0303
10717,4931.946
10718,4931.0303
10719,4930.725
10720,4931.0303
10721,4931.3354
10722,4931.0303
10723,4930.42
10724,4931.3354
10725,4931.0303
10726,4931.3354
10727,4931.3354
10728,4931.3354
10729,4930.42
10730,4931.946
10731,4931.6406
10732,4930.42
10733,4930.725
10734,4931.0303
10735,4931.3354
10736,4931.3354
10737,4930.725
10738,4931.0303
10739,4930.42
10740,4930.725
10741,4931.0303
10742,4931.0303
10743,4931.0303
10744,4931.946
10745,4931.0303
10746,4930.42
10747,4930.42
10748,4931.6406
10749,4930.725
10750,4930.1147
10751,4931.0303
10752,4931.0303
10753,4930.725
10754,4930.725
10755,4931.6406
10756,4931.3354
10757,4931.0303
10758,4930.725
10759,4930.1147
10760,4931.3354
10761,4930.1147
10762,4931.6406
10763,4931.3354
10764,4931.6406
10765,4931.3354
10766,4931.0303
10767,4931.6406
10768,4932.556
10769,4931.6406
10770,4930.725
10771,4931.0303
10772,4930.42
10773,4931.946
10774,4931.3354
10775,4930.725
10776,4930.42
10777,4931.6406
10778,4931.0303
10779,4931.3354
10780,4931.6406
10781,4931.6406
10782,4931.3354
10783,4931.6406
10784,4931.0303
10785,4931.0303
10786,4930.725
10787,4931.3354
10788,4931.6406
10789,4931.3354
10790,4931.0303
10791,4931.3354
10792,4931.3354
10793,4931.946
10794,4930.725
10795,4931.0303
10796,4931.0303
10797,4929.8096
10798,4931.6406
10799,4931.0303
10800,4930.725
10801,4932.251
10802,4931.3354
10803,4930.42
10804,4931.3354
10805,4930.725
10806,4930.725
10807,4930.725
10808,4930.42
10809,4931.3354
10810,4931.6406
10811,4930.42
10812,4931.6406
10813,4931.6406
10814,4930.725
10815,4929.8096
10816,4931.0303
10817,4931.946
10818,4931.3354
10819,4931.3354
10820,4931.3354
10821,4931.946
10822,4931.0303
10823,4931.6406
10824,4931.0303
10825,4931.3354
10826,4931.6406
10827,4932.251
10828,4930.42
10829,4931.0303
10830,4931.946
10831,4931.0303
10832,4931.3354
10833,4930.42
10834,4931.0303
10835,4930.1147
10836,4931.946
10837,4931.0303
10838,4931.0303
10839,4931.3354
10840,4931.0303
10841,4930.725
10842,4931.0303
10843,4931.3354
10844,4930.725
10845,4931.6406
10846,4931.0303
10847,4930.725
10848,4931.3354
10849,4931.0303
10850,4930.725
10851,4931.946
10852,4930.725
10853,4931.3354
10854,4931.3354
10855,4932.251
10856,4930.725
10857,4930.725
10858,4931.6406
10859,4930.42
10860,4930.1147
10861,4931.3354
10862,4931.6406
10863,4931.3354
10864,4931.6406
10865,4931.0303
10866,4931.0303
10867,4931.3354
10868,4931.3354
10869,4930.725
10870,4930.725
10871,4931.6406
10872,4931.3354
10873,4931.6406
10874,4931.0303
10875,4930.42
10876,4931.6406
10877,4930.725
10878,4930.42
10879,4931.3354
10880,4930.725
10881,4931.946
10882,4931.0303
10883,4931.0303
10884,4931.0303
10885,4931.0303
10886,4929.5044
10887,4931.6406
10888,4931.0303
10889,4930.42
10890,4932.251
10891,4930.42
10892,4931.3354
10893,4931.3354
10894,4930.42
10895,4931.6406
10896,4931.6406
10897,4930.725
10898,4931.0303
10899,4931.0303
10900,4932.556
10901,4931.0303
10902,4931.3354
10903,4931.0303
10904,4930.725
10905,4930.725
10906,4931.6406
10907,4931.0303
10908,4931.0303
10909,4932.8613
10910,4931.6406
10911,4930.725
10912,4931.0303
10913,4931.3354
10914,4931.0303
10915,4931.0303
10916,4931.0303
10917,4931.0303
10918,4930.725
10919,4931.3354
10920,4931.3354
10921,4931.0303
10922,4931.0303
10923,4931.0303
10924,4931.0303
10925,4931.3354
10926,4931.946
10927,4930.725
10928,4930.725
10929,4931.3354
10930,4930.42
10931,4931.3354
10932,4931.6406
10933,4931.3354
10934,4930.42
10935,4930.42
10936,4931.3354
10937,4931.0303
10938,4930.725
10939,4929.8096
10940,4931.0303
10941,4931.3354
10942,4931.0303
10943,4931.6406
10944,4931.6406
10945,4931.3354
10946,4931.0303
10947,4930.42
10948,4931.3354
10949,4931.3354
10950,4931.0303
10951,4931.0303
10952,4930.725
10953,4930.1147
10954,4931.6406
10955,4931.3354
10956,4931.0303
10957,4931.3354
10958,4931.0303
10959,4930.42
10960,4931.946
10961,4931.946
10962,4930.725
10963,4931.0303
10964,4931.6406
10965,4931.0303
10966,4930.1147
10967,4930.725
10968,4931.0303
10969,4931.3354
10970,4929.5044
10971,4931.0303
10972,4931.6406
10973,4930.42
10974,4931.6406
10975,4931.3354
10976,4931.3354
10977,4931.3354
10978,4931.0303
10979,4931.946
10980,4931.3354
10981,4931.0303
10982,4931.3354
10983,4931.6406
10984,4930.725
10985,4930.725
10986,4932.556
10987,4930.1147
10988,4931.3354
10989,4931.3354
10990,4931.6406
10991,4931.946
10992,4931.0303
10993,4931.3354
10994,4931.0303
10995,4930.725
10996,4930.42
10997,4930.42
10998,4930.725
10999,4931.6406
11000,4931.6406
11001,4931.6406
11002,4931.0303
11003,4931.0303
11004,4931.0303
11005,4930.725
11006,4931.0303
11007,4931.6406
11008,4931.946
11009,4930.725
11010,4931.0303
11011,4930.42
11012,4929.8096
11013,4931.3354
11014,4931.0303
11015,4930.725
11016,4932.251
11017,4930.725
11018,4931.6406
11019,4931.3354
11020,4930.42
11021,4931.0303
11022,4931.3354
11023,4930.725
11024,4931.0303
11025,4930.42
11026,4931.6406
11027,4931.3354
11028,4931.3354
11029,4930.42
11030,4930.725
11031,4930.725
11032,4932.251
11033,4931.0303
11034,4931.0303
11035,4931.0303
11036,4930.725
11037,4931.0303
11038,4931.3354
11039,4931.3354
11040,4930.725
11041,4931.0303
11042,4931.3354
11043,4931.3354
11044,4931.946
11045,4931.0303
11046,4931.6406
11047,4931.3354
11048,4931.0303
11049,4931.3354
11050,4931.946
11051,4931.6406
11052,4931.3354
11053,4930.725
11054,4930.725
11055,4931.3354
11056,4930.725
11057,4931.6406
11058,4931.0303
11059,4930.725
11060,4931.3354
11061,4931.3354
11062,4931.0303
11063,4931.6406
11064,4931.6406
11065,4931.0303
11066,4931.3354
11067,4931.3354
11068,4932.556
11069,4931.6406
11070,4930.42
11071,4931.6406
11072,4931.0303
11073,4931.0303
11074,4930.725
11075,4930.725
11076,4931.3354
11077,4931.3354
11078,4930.42
11079,4930.725
11080,4930.725
11081,4930.725
11082,4930.42
11083,4931.0303
11084,4930.725
11085,4931.0303
11086,4932.556
11087,4931.0303
11088,4931.6406
11089,4931.3354
11090,4930.725
11091,4931.0303
11092,4931.0303
11093,4931.0303
11094,4931.946
11095,4930.725
11096,4930.725
11097,4931.0303
11098,4931.6406
11099,4931.3354
11100,4931.0303
11101,4931.3354
11102,4931.3354
11103,4930.725
11104,4931.0303
11105,4931.3354
11106,4931.3354
11107,4931.0303
11108,4931.3354
11109,4931.3354
11110,4931.0303
11111,4931.3354
11112,4931.3354
11113,4931.946
11114,4931.6406
11115,4930.42
11116,4931.0303
11117,4931.946
11118,4931.6406
11119,4931.0303
11120,4931.0303
11121,4931.0303
11122,4931.3354
11123,4931.0303
11124,4931.0303
11125,4930.725
11126,4931.0303
11127,4931.946
11128,4930.1147
11129,4930.42
11130,4930.725
11131,4931.0303
11132,4931.0303
11133,4931.3354
11134,4930.725
11135,4931.3354
11136,4931.0303
11137,4931.3354
11138,4931.946
11139,4931.0303
11140,4930.42
11141,4931.3354
11142,4931.6406
11143,4931.3354
11144,4931.3354
11145,4931.3354
11146,4931.6406
11147,4931.946
11148,4931.0303
11149,4930.725
11150,4930.725
11151,4931.0303
11152,4930.725
11153,4931.0303
11154,4931.0303
11155,4930.725
11156,4931.946
11157,4930.725
11158,4931.3354
11159,4931.0303
11160,4931.3354
11161,4930.42
11162,4931.0303
11163,4931.0303
11164,4931.946
11165,4930.725
11166,4930.725
11167,4930.725
11168,4932.251
11169,4931.3354
11170,4931.3354
11171,4930.725
11172,4930.42
11173,4930.725
11174,4931.3354
11175,4931.3354
11176,4931.3354
11177,4932.556
11178,4931.3354
11179,4930.42
11180,4931.6406
11181,4931.3354
11182,4931.3354
11183,4930.725
11184,4930.725
11185,4931.0303
11186,4930.725
11187,4931.3354
11188,4931.0303
11189,4930.42
11190,4931.0303
11191,4931.3354
11192,4931.3354
11193,4930.725
11194,4931.3354
11195,4931.946
11196,4931.3354
11197,4930.725
11198,4931.0303
11199,4931.3354
11200,4931.6406
11201,4930.725
11202,4930.725
11203,4930.1147
11204,4931.0303
11205,4931.6406
11206,4930.42
11207,4931.0303
11208,4931.0303
11209,4931.0303
11210,4930.42
11211,4931.0303
11212,4930.725
11213,4931.0303
11214,4931.3354
11215,4931.0303
11216,4931.3354
11217,4930.42
11218,4931.3354
11219,4931.3354
11220,4930.725
11221,4931.0303
11222,4930.42
11223,4931.6406
11224,4930.725
11225,4931.946
11226,4930.725
11227,4932.251
11228,4930.725
11229,4930.725
11230,4931.3354
11231,4931.0303
11232,4931.946
11233,4931.0303
11234,4930.42
11235,4930.725
11236,4931.3354
11237,4931.3354
11238,4931.3354
11239,4930.725
11240,4930.725
11241,4931.3354
11242,4931.946
11243,4931.3354
11244,4931.0303
11245,4931.0303
11246,4931.6406
11247,4931.3354
11248,4930.1147
11249,4931.0303
11250,4930.725
11251,4931.0303
11252,4931.3354
11253,4930.42
11254,4931.0303
11255,4931.0303
11256,4931.6406
11257,4931.0303
11258,4931.0303
11259,4929.5044
11260,4931.0303
11261,4931.3354
11262,4931.3354
11263,4932.8613
11264,4931.6406
11265,4930.42
11266,4931.3354
11267,4931.6406
11268,4930.725
11269,4931.0303
11270,4931.6406
11271,4931.3354
11272,4931.0303
11273,4931.3354
11274,4931.0303
11275,4931.3354
11276,4931.946
11277,4931.0303
11278,4931.6406
11279,4930.42
11280,4930.725
11281,4931.6406
11282,4931.3354
11283,4931.946
11284,4930.725
11285,4930.42
11286,4932.556
11287,4931.3354
11288,4930.42
11289,4931.3354
11290,4930.42
11291,4931.6406
11292,4931.0303
11293,4931.0303
11294,4931.3354
11295,4932.251
11296,4931.6406
11297,4931.0303
11298,4931.3354
11299,4931.3354
11300,4931.0303
11301,4931.3354
11302,4931.3354
11303,4931.0303
11304,4931.0303
11305,4931.3354
11306,4931.0303
11307,4931.0303
11308,4930.1147
11309,4931.946
11310,4931.0303
11311,4931.3354
11312,4931.6406
11313,4931.0303
11314,4930.725
11315,4931.0303
11316,4930.725
11317,4931.3354
11318,4931.0303
11319,4931.946
11320,4930.42
11321,4930.42
11322,4930.725
11323,4931.6406
11324,4931.3354
11325,4930.1147
11326,4930.42
11327,4931.6406
11328,4931.6406
11329,4929.5044
11330,4931.3354
11331,4930.725
11332,4931.3354
11333,4932.556
11334,4931.0303
11335,4930.42
11336,4931.3354
11337,4931.0303
11338,4931.0303
11339,4931.3354
11340,4931.3354
11341,4931.0303
11342,4930.725
11343,4931.946
11344,4931.0303
11345,4931.3354
11346,4931.3354
11347,4931.946
11348,4930.725
11349,4932.556
11350,4931.0303
11351,4931.3354
11352,4931.3354
11353,4931.0303
11354,4930.725
11355,4931.3354
11356,4930.725
11357,4930.42
11358,4931.3354
11359,4930.725
11360,4931.0303
11361,4930.1147
11362,4931.0303
11363,4930.725
11364,4931.3354
11365,4931.0303
11366,4930.725
11367,4931.0303
11368,4931.0303
11369,4930.725
11370,4931.0303
11371,4930.725
11372,4931.0303
11373,4931.3354
11374,4931.0303
11375,4930.725
11376,4930.42
11377,4931.6406
11378,4931.3354
11379,4930.725
11380,4931.0303
11381,4931.3354
11382,4931.3354
11383,4931.6406
11384,4931.0303
11385,4931.3354
11386,4930.725
11387,4931.0303
11388,4931.6406
11389,4931.6406
11390,4931.6406
11391,4931.6406
11392,4930.725
11393,4931.946
11394,4931.0303
11395,4931.6406
11396,4930.42
11397,4930.42
11398,4930.725
11399,4930.1147
11400,4931.3354
11401,4931.946
11402,4931.0303
11403,4931.6406
11404,4931.0303
11405,4931.3354
11406,4931.3354
11407,4930.42
11408,4931.3354
11409,4931.0303
11410,4931.6406
11411,4931.3354
11412,4930.725
11413,4930.42
11414,4930.725
11415,4930.1147
11416,4930.42
11417,4930.725
11418,4931.0303
11419,4931.6406
11420,4931.3354
11421,4931.0303
11422,4931.3354
11423,4930.42
11424,4930.42
11425,4931.3354
11426,4931.3354
11427,4931.946
11428,4931.0303
11429,4931.946
11430,4931.0303
11431,4931.3354
11432,4931.3354
11433,4931.0303
11434,4930.725
11435,4931.0303
11436,4931.0303
11437,4931.3354
11438,4931.6406
11439,4931.3354
11440,4930.725
11441,4930.42
11442,4931.0303
11443,4930.725
11444,4931.0303
11445,4930.42
11446,4930.725
11447,4930.725
11448,4931.0303
11449,4931.0303
11450,4930.725
11451,4931.6406
11452,4931.0303
11453,4930.725
11454,4930.725
11455,4931.6406
11456,4930.42
11457,4931.0303
11458,4931.3354
11459,4931.3354
11460,4931.3354
11461,4930.725
11462,4931.0303
11463,4931.3354
11464,4932.556
11465,4931.0303
11466,4930.725
11467,4931.3354
11468,4933.1665
11469,4932.8613
11470,4930.725
11471,4930.725
11472,4930.42
11473,4931.946
11474,4930.42
11475,4931.3354
11476,4930.725
11477,4930.725
11478,4931.6406
11479,4931.0303
11480,4931.3354
11481,4931.6406
11482,4931.0303
11483,4931.0303
11484,4930.725
11485,4930.725
11486,4931.0303
11487,4931.3354
11488,4932.251
11489,4931.3354
11490,4930.1147
11491,4931.6406
11492,4931.6406
11493,4931.3354
11494,4930.725
11495,4930.725
11496,4931.0303
11497,4931.3354
11498,4930.42
11499,4930.725
11500,4931.3354
11501,4931.946
11502,4930.42
11503,4930.725
11504,4931.6406
11505,4931.0303
11506,4930.42
11507,4931.6406
11508,4931.946
11509,4931.946
11510,4932.8613
11511,4931.0303
11512,4931.0303
11513,4931.3354
11514,4931.0303
11515,4931.0303
11516,4931.6406
11517,4931.3354
11518,4931.6406
11519,4931.6406
11520,4930.42
11521,4930.1147
11522,4931.3354
11523,4931.946
11524,4930.725
11525,4931.3354
11526,4930.42
11527,4931.3354
11528,4931.6406
11529,4931.3354
11530,4931.3354
11531,4930.725
11532,4930.42
11533,4931.6406
11534,4931.0303
11535,4931.0303
11536,4931.6406
11537,4931.3354
11538,4931.3354
11539,4931.6406
11540,4931.946
11541,4931.0303
11542,4931.6406
11543,4931.6406
11544,4931.0303
11545,4930.42
11546,4931.6406
11547,4931.0303
11548,4931.0303
11549,4931.0303
11550,4931.3354
11551,4931.6406
11552,4930.725
11553,4931.3354
11554,4930.725
11555,4931.3354
11556,4931.6406
11557,4930.725
11558,4931.6406
11559,4931.3354
11560,4931.0303
11561,4931.0303
11562,4930.725
11563,4930.42
11564,4931.0303
11565,4930.42
11566,4930.725
11567,4930.725
11568,4931.3354
11569,4931.6406
11570,4931.946
11571,4931.0303
11572,4931.0303
11573,4930.42
11574,4930.725
11575,4931.0303
11576,4928.589
11577,4931.0303
11578,4931.3354
11579,4931.946
11580,4931.946
11581,4931.0303
11582,4931.6406
11583,4931.6406
11584,4930.42
11585,4931.3354
11586,4931.6406
11587,4932.556
11588,4931.0303
11589,4930.42
11590,4930.42
11591,4931.0303
11592,4931.3354
11593,4931.3354
11594,4931.0303
11595,4931.6406
11596,4931.946
11597,4931.0303
11598,4930.725
11599,4931.3354
11600,4931.3354
11601,4930.725
11602,4930.725
11603,4931.6406
11604,4930.725
11605,4931.0303
11606,4931.3354
11607,4931.6406
11608,4931.0303
11609,4931.3354
11610,4931.0303
11611,4931.6406
11612,4930.725
11613,4930.725
11614,4931.0303
11615,4930.42
11616,4931.6406
11617,4931.0303
11618,4930.42
11619,4931.6406
11620,4931.6406
11621,4931.0303
11622,4930.725
11623,4931.0303
11624,4931.6406
11625,4931.0303
11626,4930.42
11627,4931.0303
11628,4930.42
11629,4931.0303
11630,4931.3354
11631,4931.6406
11632,4930.725
11633,4931.3354
11634,4931.0303
11635,4931.3354
11636,4931.3354
11637,4931.3354
11638,4931.3354
11639,4931.3354
11640,4930.725
11641,4931.3354
11642,4931.0303
11643,4931.3354
11644,4930.1147
11645,4931.3354
11646,4930.42
11647,4930.725
11648,4930.725
11649,4930.725
11650,4933.1665
11651,4930.725
11652,4930.725
11653,4931.0303
11654,4930.42
11655,4931.0303
11656,4931.6406
11657,4930.725
11658,4931.0303
11659,4931.3354
11660,4930.42
11661,4931.0303
11662,4931.6406
11663,4931.3354
11664,4931.3354
11665,4931.3354
11666,4931.3354
11667,4931.0303
11668,4931.0303
11669,4930.725
11670,4931.3354
11671,4930.1147
11672,4931.0303
11673,4931.946
11674,4931.3354
11675,4931.3354
11676,4931.0303
11677,4931.3354
11678,4931.0303
11679,4931.0303
11680,4930.42
11681,4931.946
11682,4931.946
11683,4931.0303
11684,4930.725
11685,4931.3354
11686,4931.6406
11687,4931.0303
11688,4930.42
11689,4932.556
11690,4930.1147
11691,4931.946
11692,4931.3354
11693,4931.0303
11694,4931.946
11695,4931.0303
11696,4931.0303
11697,4930.42
11698,4931.3354
11699,4931.0303
11700,4930.725
11701,4931.6406
11702,4931.0303
11703,4930.725
11704,4930.1147
11705,4931.3354
11706,4931.6406
11707,4931.3354
11708,4930.725
11709,4931.3354
11710,4931.946
11711,4931.3354
11712,4931.3354
11713,4931.946
11714,4931.0303
11715,4930.725
11716,4931.3354
11717,4931.0303
11718,4931.0303
11719,4931.3354
11720,4932.8613
11721,4930.725
11722,4931.0303
11723,4931.6406
11724,4931.0303
11725,4930.725
11726,4931.3354
11727,4931.0303
11728,4931.3354
11729,4931.6406
11730,4930.725
11731,4930.725
11732,4932.251
11733,4930.725
11734,4930.42
11735,4931.946
11736,4930.42
11737,4931.6406
11738,4931.0303
11739,4931.6406
11740,4931.946
11741,4931.3354
11742,4931.6406
11743,4931.0303
11744,4931.3354
11745,4931.3354
11746,4929.8096
11747,4931.0303
11748,4931.0303
11749,4929.8096
11750,4930.42
11751,4931.3354
11752,4931.0303
11753,4929.5044
11754,4930.725
11755,4930.725
11756,4931.0303
11757,4932.8613
11758,4931.3354
11759,4931.6406
11760,4931.6406
11761,4931.946
11762,4931.3354
11763,4931.3354
11764,4931.0303
11765,4930.725
11766,4931.6406
11767,4931.0303
11768,4931.946
11769,4931.0303
11770,4930.42
11771,4930.725
11772,4930.42
11773,4931.946
11774,4930.725
11775,4931.0303
11776,4931.3354
11777,4931.0303
11778,4930.725
11779,4931.0303
11780,4931.0303
11781,4930.725
11782,4930.725
11783,4931.6406
11784,4931.3354
11785,4930.725
11786,4931.3354
11787,4931.0303
11788,4931.946
11789,4931.3354
11790,4931.3354
11791,4930.725
11792,4931.0303
11793,4930.725
11794,4930.725
11795,4931.6406
11796,4931.0303
11797,4930.725
11798,4931.6406
11799,4930.725
11800,4931.3354
11801,4930.725
11802,4931.0303
11803,4931.0303
11804,4930.725
11805,4931.6406
11806,4931.6406
11807,4931.0303
11808,4931.3354
11809,4931.3354
11810,4931.3354
11811,4930.725
11812,4931.3354
11813,4931.3354
11814,4931.0303
11815,4930.42
11816,4930.42
11817,4931.3354
11818,4931.0303
11819,4930.725
11820,4931.6406
11821,4930.725
11822,4931.3354
11823,4930.1147
11824,4931.3354
11825,4930.725
11826,4931.946
11827,4932.556
11828,4931.0303
11829,4931.946
11830,4932.251
11831,4931.3354
11832,4931.0303
11833,4931.3354
11834,4931.0303
11835,4930.42
11836,4930.725
11837,4931.3354
11838,4931.0303
11839,4931.6406
11840,4931.6406
11841,4931.3354
11842,4931.6406
11843,4931.3354
11844,4931.0303
11845,4931.3354
11846,4931.3354
11847,4930.725
11848,4931.0303
11849,4930.725
11850,4930.42
11851,4931.3354
11852,4931.3354
11853,4930.725
11854,4929.5044
11855,4931.6406
11856,4931.3354
11857,4931.3354
11858,4931.0303
11859,4931.3354
11860,4930.725
11861,4930.42
11862,4931.3354
11863,4930.42
11864,4930.725
11865,4930.42
11866,4930.725
11867,4930.725
11868,4931.3354
11869,4930.725
11870,4931.3354
11871,4930.42
11872,4931.6406
11873,4931.3354
11874,4931.3354
11875,4931.0303
11876,4931.946
11877,4930.725
11878,4931.3354
11879,4931.946
11880,4931.3354
11881,4930.725
11882,4931.3354
11883,4931.6406
11884,4931.6406
11885,4930.725
11886,4931.3354
11887,4931.0303
11888,4931.6406
11889,4931.3354
11890,4930.42
11891,4930.1147
11892,4931.3354
11893,4931.3354
11894,4930.725
11895,4931.0303
11896,4930.725
11897,4932.556
11898,4931.3354
11899,4931.3354
11900,4930.42
11901,4930.725
11902,4930.42
11903,4931.0303
11904,4930.725
11905,4930.42
11906,4930.725
11907,4931.3354
11908,4929.8096
11909,4930.1147
11910,4931.0303
11911,4931.946
11912,4931.0303
11913,4931.0303
11914,4930.725
11915,4931.3354
11916,4931.0303
11917,4931.3354
11918,4931.6406
11919,4931.3354
11920,4931.6406
11921,4930.42
11922,4930.725
11923,4931.3354
11924,4931.3354
11925,4931.3354
11926,4931.0303
11927,4931.0303
11928,4930.725
11929,4931.0303
11930,4931.6406
11931,4931.3354
11932,4930.42
11933,4931.6406
11934,4931.3354
11935,4931.0303
11936,4931.0303
11937,4931.6406
11938,4931.0303
11939,4931.3354
11940,4932.251
11941,4930.725
11942,4930.725
11943,4931.0303
11944,4931.3354
11945,4931.3354
11946,4930.725
11947,4930.725
11948,4931.0303
11949,4931.6406
11950,4931.6406
11951,4930.725
11952,4931.3354
11953,4931.0303
11954,4931.3354
11955,4930.42
11956,4930.42
11957,4930.725
11958,4931.946
11959,4930.1147
11960,4930.725
11961,4931.3354
11962,4931.3354
11963,4930.725
11964,4930.725
11965,4931.3354
11966,4930.725
11967,4931.3354
11968,4931.3354
11969,4931.6406
11970,4931.0303
11971,4931.6406
11972,4931.3354
11973,4931.0303
11974,4931.6406
11975,4931.6406
11976,4931.3354
11977,4931.3354
11978,4931.0303
11979,4931.3354
11980,4930.725
11981,4930.42
11982,4931.6406
11983,4931.0303
11984,4931.0303
11985,4931.3354
11986,4930.42
11987,4931.946
11988,4931.0303
11989,4931.946
11990,4930.725
11991,4931.0303
11992,4930.725
11993,4931.946
11994,4931.0303
11995,4931.0303
11996,4930.725
11997,4931.946
11998,4931.6406
11999,4931.0303
12000,4930.42
12001,4930.42
12002,4930.725
12003,4931.0303
12004,4932.8613
12005,4931.3354
12006,4931.3354
12007,4931.6406
12008,4931.0303
12009,4930.42
12010,4930.42
12011,4931.3354
12012,4932.251
12013,4930.725
12014,4931.3354
12015,4930.42
12016,4931.6406
12017,4930.42
12018,4931.0303
12019,4931.0303
12020,4931.3354
12021,4929.8096
12022,4931.3354
12023,4931.3354
12024,4931.0303
12025,4931.0303
12026,4931.3354
12027,4930.725
12028,4930.725
12029,4931.0303
12030,4930.725
12031,4931.3354
12032,4931.946
12033,4931.6406
12034,4931.6406
12035,4931.6406
12036,4931.3354
12037,4931.0303
12038,4931.6406
12039,4931.3354
12040,4930.725
12041,4930.725
12042,4930.1147
12043,4931.3354
12044,4931.6406
12045,4931.0303
12046,4929.5044
12047,4931.6406
12048,4931.946
12049,4931.946
12050,4931.0303
12051,4931.6406
12052,4931.3354
12053,4930.725
12054,4931.6406
12055,4930.725
12056,4931.6406
12057,4932.251
12058,4930.42
12059,4930.1147
12060,4930.725
12061,4931.3354
12062,4931.3354
12063,4931.3354
12064,4930.42
12065,4930.725
12066,4930.1147
12067,4930.42
12068,4931.3354
12069,4930.725
12070,4929.5044
12071,4931.0303
12072,4932.8613
12073,4931.0303
12074,4932.556
12075,4931.0303
12076,4930.725
12077,4931.0303
12078,4931.0303
12079,4931.3354
12080,4931.0303
12081,4931.0303
12082,4931.0303
12083,4931.3354
12084,4931.3354
12085,4931.6406
12086,4930.1147
12087,4931.3354
12088,4931.6406
12089,4930.42
12090,4931.3354
12091,4931.6406
12092,4931.6406
12093,4931.946
12094,4931.0303
12095,4931.0303
12096,4931.0303
12097,4931.0303
12098,4931.3354
12099,4931.3354
12100,4930.1147
12101,4931.0303
12102,4931.3354
12103,4931.0303
12104,4931.0303
12105,4930.42
12106,4930.1147
12107,4931.3354
12108,4931.946
12109,4931.0303
12110,4931.3354
12111,4931.0303
12112,4931.0303
12113,4931.0303
12114,4931.3354
12115,4931.0303
12116,4931.0303
12117,4930.725
12118,4931.0303
12119,4931.6406
12120,4931.0303
12121,4931.0303
12122,4931.0303
12123,4931.3354
12124,4931.946
12125,4931.6406
12126,4930.725
12127,4931.0303
12128,4930.725
12129,4931.3354
12130,4931.946
12131,4931.6406
12132,4931.0303
12133,4930.42
12134,4930.725
12135,4932.556
12136,4930.725
12137,4930.1147
12138,4931.3354
12139,4931.0303
12140,4931.0303
12141,4931.6406
12142,4931.3354
12143,4931.0303
12144,4932.251
12145,4931.0303
12146,4931.3354
12147,4930.725
12148,4930.725
12149,4931.6406
12150,4931.0303
12151,4931.0303
12152,4931.946
12153,4931.3354
12154,4931.0303
12155,4931.3354
12156,4931.0303
12157,4931.0303
12158,4931.0303
12159,4931.946
12160,4931.0303
12161,4931.3354
12162,4931.0303
12163,4931.6406
12164,4931.0303
12165,4931.0303
12166,4931.946
12167,4931.0303
12168,4930.42
12169,4932.251
12170,4931.6406
12171,4930.42
12172,4930.725
12173,4931.0303
12174,4932.251
12175,4931.3354
12176,4931.0303
12177,4931.0303
12178,4931.3354
12179,4931.3354
12180,4931.6406
12181,4930.725
12182,4931.0303
12183,4931.3354
12184,4932.251
12185,4930.1147
12186,4931.0303
12187,4930.42
12188,4932.251
12189,4930.725
12190,4930.42
12191,4930.1147
12192,4931.3354
12193,4931.0303
12194,4931.946
12195,4931.3354
12196,4930.42
12197,4931.3354
12198,4931.0303
12199,4932.556
12200,4931.0303
12201,4931.0303
12202,4931.0303
12203,4931.3354
12204,4930.725
12205,4931.0303
12206,4931.0303
12207,4931.0303
12208,4931.6406
12209,4931.0303
12210,4931.0303
12211,4931.0303
12212,4931.6406
12213,4931.3354
12214,4932.556
12215,4930.42
12216,4931.0303
12217,4931.3354
12218,4931.6406
12219,4930.42
12220,4931.3354
12221,4931.3354
12222,4930.725
12223,4931.0303
12224,4930.42
12225,4931.3354
12226,4931.6406
12227,4931.0303
12228,4931.3354
12229,4931.3354
12230,4931.6406
12231,4931.0303
12232,4931.3354
12233,4931.0303
12234,4931.0303
12235,4930.42
12236,4930.725
12237,4930.725
12238,4931.3354
12239,4931.3354
12240,4930.1147
12241,4931.3354
12242,4931.0303
12243,4931.0303
12244,4931.3354
12245,4931.3354
12246,4930.725
12247,4929.8096
12248,4931.3354
12249,4931.6406
12250,4930.42
12251,4933.1665
12252,4931.3354
12253,4931.3354
12254,4930.725
12255,4931.3354
12256,4931.0303
12257,4931.6406
12258,4931.0303
12259,4931.0303
12260,4931.3354
12261,4931.3354
12262,4931.0303
12263,4930.725
12264,4930.42
12265,4930.42
12266,4931.6406
12267,4930.725
12268,4931.0303
12269,4931.0303
12270,4932.251
12271,4930.725
12272,4931.3354
12273,4930.725
12274,4930.42
12275,4931.3354
12276,4930.725
12277,4931.946
12278,4931.3354
12279,4930.725
12280,4931.6406
12281,4930.725
12282,4930.725
12283,4931.0303
12284,4930.42
12285,4931.6406
12286,4931.0303
12287,4931.3354
12288,4931.6406
12289,4931.3354
12290,4931.0303
12291,4931.6406
12292,4930.725
12293,4931.0303
12294,4931.0303
12295,4931.0303
12296,4930.725
12297,4931.0303
12298,4931.3354
12299,4931.3354
12300,4931.3354
12301,4931.3354
12302,4931.6406
12303,4931.946
12304,4930.42
12305,4931.0303
12306,4931.0303
12307,4931.6406
12308,4931.6406
12309,4930.725
12310,4931.946
12311,4931.6406
12312,4931.6406
12313,4931.6406
12314,4931.3354
12315,4930.725
12316,4931.6406
12317,4930.1147
12318,4931.6406
12319,4931.6406
12320,4931.0303
12321,4932.251
12322,4931.0303
12323,4931.3354
12324,4931.3354
12325,4931.6406
12326,4931.946
12327,4931.6406
12328,4930.42
12329,4930.42
12330,4931.3354
12331,4931.3354
12332,4930.725
12333,4931.0303
12334,4930.42
12335,4931.6406
12336,4931.3354
12337,4931.3354
12338,4931.0303
12339,4931.3354
12340,4930.725
12341,4931.3354
12342,4931.0303
12343,4930.725
12344,4931.0303
12345,4932.8613
12346,4930.725
12347,4930.42
12348,4930.725
12349,4931.6406
12350,4930.725
12351,4931.0303
12352,4931.0303
12353,4931.6406
12354,4931.6406
12355,4931.0303
12356,4931.0303
12357,4931.0303
12358,4931.6406
12359,4931.3354
12360,4931.0303
12361,4930.725
12362,4931.3354
12363,4931.0303
12364,4931.0303
12365,4930.1147
12366,4931.3354
12367,4931.6406
12368,4931.0303
12369,4931.3354
12370,4931.0303
12371,4931.0303
12372,4931.0303
12373,4930.725
12374,4932.251
12375,4931.946
12376,4931.946
12377,4931.0303
12378,4930.725
12379,4931.3354
12380,4931.0303
12381,4931.3354
12382,4930.725
12383,4932.251
12384,4930.725
12385,4931.3354
12386,4931.6406
12387,4930.42
12388,4931.0303
12389,4931.6406
12390,4930.42
12391,4932.251
12392,4930.42
12393,4931.6406
12394,4931.946
12395,4931.3354
12396,4931.0303
12397,4931.3354
12398,4931.3354
12399,4930.725
12400,4931.0303
12401,4931.0303
12402,4931.0303
12403,4931.0303
12404,4930.725
12405,4931.6406
12406,4931.3354
12407,4931.3354
12408,4931.946
12409,4930.725
12410,4929.8096
12411,4931.3354
12412,4930.725
12413,4931.3354
12414,4931.6406
12415,4931.3354
12416,4930.1147
12417,4930.725
12418,4931.3354
12419,4931.3354
12420,4931.3354
12421,4931.0303
12422,4931.3354
12423,4931.0303
12424,4930.725
12425,4930.725
12426,4931.946
12427,4931.0303
12428,4930.725
12429,4931.3354
12430,4931.0303
12431,4931.6406
12432,4931.3354
12433,4930.725
12434,4929.5044
12435,4932.251
12436,4931.946
12437,4930.42
12438,4931.0303
12439,4931.6406
12440,4931.0303
12441,4931.0303
12442,4930.725
12443,4931.0303
12444,4931.3354
12445,4930.725
12446,4931.0303
12447,4930.42
12448,4931.0303
12449,4931.3354
12450,4931.946
12451,4931.0303
12452,4931.6406
12453,4930.42
12454,4931.6406
12455,4930.1147
12456,4930.725
12457,4931.3354
12458,4930.725
12459,4931.0303
12460,4930.725
12461,4931.946
12462,4931.6406
12463,4931.6406
12464,4930.1147
12465,4931.6406
12466,4931.0303
12467,4931.0303
12468,4931.6406
12469,4931.0303
12470,4931.3354
12471,4930.725
12472,4932.556
12473,4931.3354
12474,4931.3354
12475,4931.0303
12476,4931.6406
12477,4931.6406
12478,4929.5044
12479,4930.725
12480,4931.6406
12481,4930.725
12482,4931.3354
12483,4931.0303
12484,4930.42
12485,4931.6406
12486,4931.3354
12487,4930.725
12488,4930.725
12489,4931.0303
12490,4931.6406
12491,4930.725
12492,4931.3354
12493,4931.0303
12494,4930.42
12495,4931.946
12496,4931.3354
12497,4931.946
12498,4932.556
12499,4931.0303
12500,4931.6406
12501,4931.3354
12502,4931.0303
12503,4931.0303
12504,4931.0303
12505,4930.42
12506,4931.946
12507,4930.725
12508,4931.3354
12509,4931.3354
12510,4931.0303
12511,4931.946
12512,4930.725
12513,4931.3354
12514,4931.0303
12515,4930.725
12516,4930.42
12517,4931.3354
12518,4931.3354
12519,4930.42
12520,4931.0303
12521,4931.3354
12522,4931.3354
12523,4931.0303
12524,4931.0303
12525,4931.0303
12526,4932.251
12527,4930.42
12528,4931.0303
12529,4931.3354
12530,4931.0303
12531,4931.0303
12532,4931.0303
12533,4931.6406
12534,4931.6406
12535,4932.556
12536,4931.6406
12537,4931.3354
12538,4931.3354
12539,4931.3354
12540,4930.725
12541,4931.0303
12542,4931.3354
12543,4933.1665
12544,4931.3354
12545,4931.0303
12546,4931.0303
12547,4931.6406
12548,4931.3354
12549,4932.251
12550,4931.946
12551,4931.0303
12552,4931.6406
12553,4931.3354
12554,4931.3354
12555,4930.42
12556,4930.725
12557,4931.0303
12558,4931.6406
12559,4931.3354
12560,4931.0303
12561,4931.0303
12562,4931.6406
12563,4931.0303
12564,4930.725
12565,4930.42
12566,4930.725
12567,4931.0303
12568,4932.556
12569,4931.3354
12570,4931.3354
12571,4930.725
12572,4931.0303
12573,4931.946
12574,4931.3354
12575,4931.3354
12576,4931.3354
12577,4931.3354
12578,4930.42
12579,4931.0303
12580,4931.3354
12581,4931.0303
12582,4930.725
12583,4931.0303
12584,4931.3354
12585,4931.3354
12586,4931.0303
12587,4930.725
12588,4931.6406
12589,4930.725
12590,4930.1147
12591,4930.42
12592,4930.725
12593,4930.42
12594,4930.1147
12595,4930.1147
12596,4930.42
12597,4931.0303
12598,4931.3354
12599,4931.0303
12600,4931.0303
12601,4931.0303
12602,4931.6406
12603,4931.3354
12604,4931.6406
12605,4931.3354
12606,4931.946
12607,4931.0303
12608,4930.725
12609,4931.3354
12610,4931.3354
12611,4931.6406
12612,4931.0303
12613,4931.3354
12614,4931.6406
12615,4931.0303
12616,4931.0303
12617,4931.3354
12618,4931.3354
12619,4931.6406
12620,4931.3354
12621,4932.251
12622,4931.3354
12623,4931.6406
12624,4931.946
12625,4931.6406
12626,4930.725
12627,4931.0303
12628,4930.725
12629,4930.725
12630,4930.42
12631,4932.251
12632,4931.6406
12633,4931.3354
12634,4930.725
12635,4931.3354
12636,4930.725
12637,4930.725
12638,4931.3354
12639,4931.3354
12640,4930.725
12641,4931.0303
12642,4930.42
12643,4930.725
12644,4929.5044
12645,4932.556
12646,4931.0303
12647,4929.5044
12648,4930.1147
12649,4931.3354
12650,4931.0303
12651,4931.3354
12652,4931.0303
12653,4931.0303
12654,4931.6406
12655,4930.725
12656,4931.0303
12657,4931.0303
12658,4931.6406
12659,4930.725
12660,4931.3354
12661,4931.0303
12662,4931.0303
12663,4931.0303
12664,4931.3354
12665,4930.42
12666,4930.725
12667,4931.6406
12668,4931.946
12669,4931.0303
12670,4931.3354
12671,4930.725
12672,4930.1147
12673,4930.725
12674,4931.6406
12675,4930.725
12676,4931.3354
12677,4931.3354
12678,4931.3354
12679,4931.0303
12680,4931.0303
12681,4932.556
12682,4931.3354
12683,4930.42
12684,4931.0303
12685,4931.3354
12686,4931.0303
12687,4931.3354
12688,4931.0303
12689,4930.42
12690,4931.0303
12691,4931.0303
12692,4930.725
12693,4931.6406
12694,4930.725
12695,4931.3354
12696,4931.0303
12697,4930.42
12698,4931.946
12699,4931.6406
12700,4931.6406
12701,4931.3354
12702,4931.6406
12703,4931.3354
12704,4930.725
12705,4931.3354
12706,4931.946
12707,4931.0303
12708,4931.3354
12709,4932.251
12710,4930.725
12711,4931.0303
12712,4931.0303
12713,4931.0303
12714,4931.0303
12715,4930.725
12716,4931.3354
12717,4931.6406
12718,4931.3354
12719,4930.725
12720,4931.0303
12721,4930.1147
12722,4930.42
12723,4931.3354
12724,4930.725
12725,4930.725
12726,4931.3354
12727,4931.6406
12728,4931.0303
12729,4930.42
12730,4931.3354
12731,4931.3354
12732,4931.3354
12733,4930.725
12734,4931.0303
12735,4931.6406
12736,4931.3354
12737,4930.725
12738,4931.3354
12739,4931.3354
12740,4931.0303
12741,4929.8096
12742,4931.3354
12743,4930.725
12744,4930.725
12745,4933.4717
12746,4930.725
12747,4931.3354
12748,4931.0303
12749,4931.3354
12750,4931.946
12751,4931.3354
12752,4931.3354
12753,4931.3354
12754,4930.725
12755,4930.42
12756,4931.0303
12757,4931.6406
12758,4931.3354
12759,4931.0303
12760,4930.725
12761,4930.42
12762,4931.6406
12763,4931.0303
12764,4931.0303
12765,4931.6406
12766,4930.725
12767,4930.42
12768,4930.725
12769,4930.725
12770,4930.42
12771,4930.725
12772,4931.0303
12773,4931.0303
12774,4931.0303
12775,4931.3354
12776,4931.3354
12777,4930.725
12778,4930.42
12779,4930.42
12780,4931.3354
12781,4931.6406
12782,4931.3354
12783,4931.0303
12784,4931.3354
12785,4931.0303
12786,4931.6406
12787,4931.0303
12788,4931.6406
12789,4930.42
12790,4931.946
12791,4930.725
12792,4931.3354
12793,4931.3354
12794,4931.0303
12795,4931.946
12796,4931.3354
12797,4930.42
12798,4931.6406
12799,4930.42
12800,4930.1147
12801,4931.946
12802,4930.42
12803,4929.8096
12804,4930.1147
12805,4931.3354
12806,4931.3354
12807,4930.725
12808,4931.6406
12809,4930.1147
12810,4931.6406
12811,4929.8096
12812,4931.0303
12813,4931.0303
12814,4930.725
12815,4932.556
12816,4931.0303
12817,4931.0303
12818,4931.0303
12819,4931.6406
12820,4931.0303
12821,4930.42
12822,4931.0303
12823,4931.6406
12824,4930.725
12825,4931.0303
12826,4931.3354
12827,4931.3354
12828,4930.42
12829,4930.1147
12830,4931.0303
12831,4931.6406
12832,4931.3354
12833,4931.3354
12834,4931.0303
12835,4931.3354
12836,4931.946
12837,4930.725
12838,4931.3354
12839,4930.725
12840,4931.946
12841,4931.946
12842,4930.725
12843,4931.3354
12844,4931.0303
12845,4931.3354
12846,4930.42
12847,4931.6406
12848,4931.0303
12849,4931.0303
12850,4931.3354
12851,4932.251
12852,4931.6406
12853,4930.42
12854,4931.3354
12855,4931.946
12856,4931.0303
12857,4931.0303
12858,4931.3354
12859,4931.6406
12860,4930.725
12861,4931.3354
12862,4931.3354
12863,4931.3354
12864,4931.6406
12865,4931.6406
12866,4931.0303
12867,4931.0303
12868,4931.3354
12869,4930.42
12870,4931.3354
12871,4930.42
12872,4931.0303
12873,4931.6406
12874,4931.3354
12875,4931.946
12876,4931.3354
12877,4931.3354
12878,4930.42
12879,4930.725
12880,4931.3354
12881,4930.42
12882,4930.42
12883,4931.3354
12884,4931.6406
12885,4932.251
12886,4930.725
12887,4931.3354
12888,4930.725
12889,4931.946
12890,4931.946
12891,4930.42
12892,4931.3354
12893,4931.3354
12894,4931.3354
12895,4931.0303
12896,4930.725
12897,4930.725
12898,4930.725
12899,4931.3354
12900,4931.6406
12901,4930.42
12902,4931.3354
12903,4930.42
12904,4931.3354
12905,4931.3354
12906,4929.8096
12907,4931.0303
12908,4931.3354
12909,4931.0303
12910,4930.725
12911,4931.3354
12912,4931.6406
12913,4931.3354
12914,4931.0303
12915,4931.0303
12916,4930.725
12917,4930.725
12918,4932.251
12919,4931.6406
12920,4931.0303
12921,4931.3354
12922,4931.6406
12923,4931.3354
12924,4931.6406
12925,4931.0303
12926,4931.3354
12927,4931.6406
12928,4931.0303
12929,4931.6406
12930,4931.3354
12931,4930.725
12932,4931.0303
12933,4931.0303
12934,4930.725
12935,4931.0303
12936,4931.0303
12937,4930.725
12938,4931.3354
12939,4931.3354
12940,4931.946
12941,4931.3354
12942,4931.3354
12943,4930.725
12944,4931.3354
12945,4930.42
12946,4931.6406
12947,4931.6406
12948,4931.0303
12949,4931.0303
12950,4931.0303
12951,4931.0303
12952,4931.3354
12953,4930.725
12954,4931.3354
12955,4931.6406
12956,4931.0303
12957,4931.0303
12958,4931.946
12959,4930.725
12960,4931.3354
12961,4931.0303
12962,4931.3354
12963,4931.3354
12964,4931.0303
12965,4931.3354
12966,4930.42
12967,4931.946
12968,4931.3354
12969,4931.0303
12970,4931.0303
12971,4931.946
12972,4930.42
12973,4931.3354
12974,4931.3354
12975,4931.6406
12976,4931.0303
12977,4931.0303
12978,4929.8096
12979,4930.725
12980,4931.0303
12981,4931.0303
12982,4932.251
12983,4931.3354
12984,4930.725
12985,4931.0303
12986,4931.6406
12987,4931.946
12988,4927.9785
12989,4931.6406
12990,4931.6406
12991,4931.6406
12992,4932.251
12993,4931.3354
12994,4931.0303
12995,4931.0303
12996,4931.0303
12997,4930.42
12998,4930.725
12999,4931.3354
13000,4931.3354
13001,4931.6406
13002,4930.42
13003,4930.725
13004,4932.251
13005,4929.199
13006,4931.0303
13007,4930.42
13008,4931.0303
13009,4931.3354
13010,4931.0303
13011,4931.0303
13012,4931.6406
13013,4930.725
13014,4930.725
13015,4931.6406
13016,4931.0303
13017,4931.0303
13018,4932.556
13019,4930.725
13020,4931.6406
13021,4931.0303
13022,4931.0303
13023,4931.3354
13024,4931.3354
13025,4931.6406
13026,4931.946
13027,4931.3354
13028,4932.251
13029,4931.0303
13030,4931.3354
13031,4931.3354
13032,4931.3354
13033,4931.946
13034,4930.42
13035,4931.0303
13036,4931.0303
13037,4931.3354
13038,4930.1147
13039,4930.725
13040,4930.725
13041,4930.42
13042,4931.0303
13043,4930.725
13044,4930.725
13045,4931.3354
13046,4931.6406
13047,4930.42
13048,4930.725
13049,4931.3354
13050,4930.725
13051,4930.42
13052,4931.0303
13053,4931.6406
13054,4931.3354
13055,4931.0303
13056,4931.6406
13057,4930.725
13058,4929.8096
13059,4930.42
13060,4931.946
13061,4931.0303
13062,4930.725
13063,4932.8613
13064,4931.6406
13065,4931.3354
13066,4930.725
13067,4931.6406
13068,4931.6406
13069,4931.6406
13070,4931.3354
13071,4930.1147
13072,4931.6406
13073,4931.946
13074,4931.3354
13075,4931.3354
13076,4931.0303
13077,4931.3354
13078,4931.0303
13079,4931.0303
13080,4930.725
13081,4931.0303
13082,4932.251
13083,4932.556
13084,4930.1147
13085,4931.0303
13086,4931.3354
13087,4931.3354
13088,4931.0303
13089,4931.0303
13090,4930.725
13091,4930.42
13092,4931.0303
13093,4931.6406
13094,4930.725
13095,4931.0303
13096,4931.6406
13097,4931.0303
13098,4930.725
13099,4931.0303
13100,4931.3354
13101,4931.0303
13102,4931.3354
13103,4930.725
13104,4930.725
13105,4931.6406
13106,4931.3354
13107,4931.6406
13108,4930.725
13109,4931.3354
13110,4931.3354
13111,4931.3354
13112,4931.3354
13113,4931.3354
13114,4931.0303
13115,4931.6406
13116,4931.0303
13117,4931.6406
13118,4931.6406
13119,4931.0303
13120,4930.725
13121,4930.725
13122,4930.725
13123,4931.3354
13124,4931.946
13125,4930.42
13126,4930.725
13127,4931.3354
13128,4931.0303
13129,4931.0303
13130,4931.0303
13131,4931.946
13132,4932.251
13133,4930.42
13134,4930.725
13135,4931.3354
13136,4930.725
13137,4930.725
13138,4931.6406
13139,4930.1147
13140,4930.725
13141,4931.0303
13142,4931.6406
13143,4931.0303
13144,4931.3354
13145,4931.3354
13146,4931.3354
13147,4931.3354
13148,4931.0303
13149,4931.0303
13150,4931.0303
13151,4930.725
13152,4931.0303
13153,4930.1147
13154,4931.3354
13155,4931.6406
13156,4930.725
13157,4931.3354
13158,4931.3354
13159,4931.3354
13160,4931.0303
13161,4930.42
13162,4930.725
13163,4931.3354
13164,4931.3354
13165,4931.0303
13166,4930.1147
13167,4931.6406
13168,4931.0303
13169,4931.3354
13170,4930.42
13171,4931.6406
13172,4931.0303
13173,4931.0303
13174,4930.725
13175,4930.42
13176,4931.0303
13177,4931.0303
13178,4930.725
13179,4930.42
13180,4930.725
13181,4931.3354
13182,4931.0303
13183,4931.0303
13184,4930.725
13185,4931.0303
13186,4930.42
13187,4931.0303
13188,4931.3354
13189,4931.6406
13190,4931.0303
13191,4931.0303
13192,4929.8096
13193,4931.3354
13194,4930.725
13195,4931.0303
13196,4931.3354
13197,4930.725
13198,4931.0303
13199,4931.3354
13200,4931.3354
13201,4931.6406
13202,4931.946
13203,4930.725
13204,4931.0303
13205,4931.6406
13206,4931.946
13207,4931.0303
13208,4931.6406
13209,4931.946
13210,4931.0303
13211,4931.0303
13212,4931.946
13213,4930.725
13214,4931.0303
13215,4931.3354
13216,4930.42
13217,4931.0303
13218,4931.0303
13219,4930.1147
13220,4931.6406
13221,4930.725
13222,4931.6406
13223,4931.946
13224,4931.3354
13225,4931.3354
13226,4931.0303
13227,4931.6406
13228,4930.42
13229,4930.42
13230,4933.1665
13231,4931.3354
13232,4931.6406
13233,4931.6406
13234,4931.0303
13235,4929.8096
13236,4931.6406
13237,4931.946
13238,4931.0303
13239,4932.8613
13240,4931.6406
13241,4930.725
13242,4931.0303
13243,4930.42
13244,4931.946
13245,4931.3354
13246,4931.6406
13247,4930.725
13248,4931.0303
13249,4931.0303
13250,4930.725
13251,4931.6406
13252,4930.42
13253,4930.42
13254,4931.6406
13255,4931.3354
13256,4931.3354
13257,4930.725
13258,4930.725
13259,4931.3354
13260,4930.42
13261,4931.0303
13262,4931.946
13263,4930.1147
13264,4930.42
13265,4931.0303
13266,4930.725
13267,4931.6406
13268,4931.3354
13269,4931.6406
13270,4930.1147
13271,4931.3354
13272,4931.0303
13273,4931.3354
13274,4931.3354
13275,4931.6406
13276,4931.6406
13277,4931.0303
13278,4930.725
13279,4931.3354
13280,4931.0303
13281,4930.725
13282,4931.6406
13283,4931.3354
13284,4931.3354
13285,4930.42
13286,4931.6406
13287,4931.3354
13288,4930.42
13289,4930.725
13290,4931.0303
13291,4930.725
13292,4931.0303
13293,4931.0303
13294,4931.0303
13295,4930.725
13296,4930.725
13297,4930.1147
13298,4930.725
13299,4931.3354
13300,4930.725
13301,4931.0303
13302,4930.1147
13303,4931.3354
13304,4930.725
13305,4930.42
13306,4931.0303
13307,4930.725
13308,4931.946
13309,4932.8613
13310,4929.5044
13311,4931.3354
13312,4930.725
13313,4931.6406
13314,4931.3354
13315,4931.3354
13316,4931.3354
13317,4931.0303
13318,4931.0303
13319,4931.3354
13320,4931.3354
13321,4931.946
13322,4931.0303
13323,4931.0303
13324,4931.946
13325,4931.0303
13326,4930.42
13327,4931.0303
13328,4930.42
13329,4931.3354
13330,4930.725
13331,4931.0303
13332,4931.6406
13333,4931.3354
13334,4931.6406
13335,4931.0303
13336,4931.6406
13337,4931.0303
13338,4931.3354
13339,4930.725
13340,4931.0303
13341,4930.725
13342,4931.3354
13343,4931.0303
13344,4931.6406
13345,4931.0303
13346,4932.251
13347,4930.725
13348,4930.725
13349,4929.8096
13350,4930.42
13351,4931.6406
13352,4931.3354
13353,4930.725
13354,4930.42
13355,4931.0303
13356,4931.3354
13357,4931.6406
13358,4931.6406
13359,4931.3354
13360,4932.251
13361,4931.3354
13362,4931.6406
13363,4931.3354
13364,4931.6406
13365,4931.3354
13366,4930.725
13367,4931.0303
13368,4931.946
13369,4931.6406
13370,4931.0303
13371,4930.725
13372,4931.3354
13373,4931.3354
13374,4931.3354
13375,4930.42
13376,4930.725
13377,4931.3354
13378,4930.1147
13379,4931.946
13380,4929.8096
13381,4931.0303
13382,4931.0303
13383,4932.251
13384,4930.1147
13385,4930.725
13386,4931.946
13387,4931.3354
13388,4930.725
13389,4931.6406
13390,4931.0303
13391,4931.0303
13392,4931.3354
13393,4930.725
13394,4930.42
13395,4931.6406
13396,4930.725
13397,4930.725
13398,4931.0303
13399,4931.3354
13400,4931.0303
13401,4931.6406
13402,4931.3354
13403,4931.6406
13404,4931.0303
13405,4931.0303
13406,4931.3354
13407,4930.725
13408,4931.3354
13409,4929.8096
13410,4931.0303
13411,4931.3354
13412,4930.42
13413,4930.42
13414,4930.725
13415,4932.8613
13416,4930.42
13417,4930.725
13418,4931.0303
13419,4931.3354
13420,4931.0303
13421,4930.725
13422,4931.0303
13423,4931.0303
13424,4931.6406
13425,4930.42
13426,4931.0303
13427,4931.0303
13428,4932.556
13429,4930.725
13430,4931.3354
13431,4931.6406
13432,4931.0303
13433,4931.0303
13434,4930.1147
13435,4931.0303
13436,4931.946
13437,4931.0303
13438,4931.6406
13439,4931.0303
13440,4931.946
13441,4930.42
13442,4931.0303
13443,4931.3354
13444,4931.0303
13445,4931.0303
13446,4931.3354
13447,4931.6406
13448,4931.3354
13449,4931.3354
13450,4931.6406
13451,4931.6406
13452,4931.3354
13453,4930.725
13454,4931.0303
13455,4931.0303
13456,4930.42
13457,4931.0303
13458,4930.725
13459,4930.42
13460,4930.725
13461,4931.6406
13462,4931.3354
13463,4931.0303
13464,4931.3354
13465,4930.725
13466,4929.8096
13467,4932.556
13468,4931.3354
13469,4931.6406
13470,4931.3354
13471,4931.0303
13472,4931.0303
13473,4931.0303
13474,4931.0303
13475,4930.725
13476,4931.3354
13477,4931.3354
13478,4931.3354
13479,4931.0303
13480,4931.3354
13481,4931.3354
13482,4929.5044
13483,4931.3354
13484,4930.725
13485,4930.42
13486,4932.251
13487,4930.725
13488,4931.0303
13489,4931.3354
13490,4931.3354
13491,4930.42
13492,4931.6406
13493,4931.3354
13494,4930.42
13495,4931.3354
13496,4931.0303
13497,4931.3354
13498,4931.3354
13499,4931.3354
13500,4931.0303
13501,4930.42
13502,4931.0303
13503,4930.725
13504,4931.3354
13505,4931.3354
13506,4930.725
13507,4931.6406
13508,4930.725
13509,4931.3354
13510,4931.946
13511,4930.725
13512,4930.42
13513,4930.42
13514,4931.6406
13515,4931.3354
13516,4931.0303
13517,4931.946
13518,4931.3354
13519,4931.0303
13520,4932.251
13521,4931.6406
13522,4931.0303
13523,4930.725
13524,4931.0303
13525,4931.3354
13526,4931.6406
13527,4931.946
13528,4930.42
13529,4930.725
13530,4930.725
13531,4931.6406
13532,4931.0303
13533,4930.42
13534,4931.3354
13535,4931.0303
13536,4931.6406
13537,4931.0303
13538,4931.6406
13539,4931.3354
13540,4930.725
13541,4931.0303
13542,4931.3354
13543,4931.3354
13544,4930.725
13545,4931.0303
13546,4931.6406
13547,4931.6406
13548,4930.725
13549,4931.0303
13550,4932.251
13551,4931.0303
13552,4930.1147
13553,4931.0303
13554,4931.3354
13555,4931.0303
13556,4932.556
13557,4931.946
13558,4931.0303
13559,4931.3354
13560,4931.0303
13561,4931.0303
13562,4931.0303
13563,4931.0303
13564,4932.251
13565,4931.3354
13566,4930.725
13567,4931.3354
13568,4931.3354
13569,4931.0303
13570,4930.725
13571,4929.8096
13572,4931.3354
13573,4931.0303
13574,4931.3354
13575,4931.6406
13576,4931.0303
13577,4931.0303
13578,4931.3354
13579,4931.0303
13580,4930.725
13581,4930.42
13582,4931.3354
13583,4931.0303
13584,4930.725
13585,4930.725
13586,4930.725
13587,4930.725
13588,4931.0303
13589,4931.3354
13590,4930.725
13591,4930.1147
13592,4931.946
13593,4931.0303
13594,4930.725
13595,4931.3354
13596,4931.0303
13597,4930.725
13598,4930.725
13599,4931.3354
13600,4931.3354
13601,4930.725
13602,4931.6406
13603,4931.6406
13604,4930.725
13605,4931.3354
13606,4931.3354
13607,4930.42
13608,4931.0303
13609,4931.0303
13610,4931.3354
13611,4931.0303
13612,4930.725
13613,4931.6406
13614,4931.3354
13615,4931.946
13616,4930.1147
13617,4931.6406
13618,4931.0303
13619,4930.42
13620,4931.3354
13621,4931.0303
13622,4930.725
13623,4931.0303
13624,4931.3354
13625,4931.3354
13626,4931.946
13627,4931.3354
13628,4931.6406
13629,4930.42
13630,4931.6406
13631,4930.42
13632,4930.42
13633,4930.725
13634,4930.725
13635,4930.725
13636,4930.725
13637,4930.725
13638,4932.8613
13639,4931.0303
13640,4930.725
13641,4931.0303
13642,4931.3354
13643,4930.725
13644,4931.0303
13645,4931.3354
13646,4931.3354
13647,4930.1147
13648,4931.0303
13649,4931.3354
13650,4930.725
13651,4930.725
13652,4931.3354
13653,4931.3354
13654,4931.0303
13655,4931.6406
13656,4931.946
13657,4931.3354
13658,4931.6406
13659,4931.3354
13660,4930.42
13661,4931.0303
13662,4931.6406
13663,4930.725
13664,4931.0303
13665,4931.6406
13666,4930.725
13667,4931.0303
13668,4931.0303
13669,4931.6406
13670,4931.0303
13671,4930.1147
13672,4930.1147
13673,4931.0303
13674,4931.3354
13675,4931.0303
13676,4931.0303
13677,4931.6406
13678,4931.3354
13679,4931.6406
13680,4931.3354
13681,4932.251
13682,4931.3354
13683,4931.3354
13684,4931.6406
13685,4930.725
13686,4930.42
13687,4931.0303
13688,4931.0303
13689,4931.0303
13690,4931.0303
13691,4930.42
13692,4931.0303
13693,4930.42
13694,4929.8096
13695,4931.946
13696,4931.0303
13697,4930.725
13698,4931.3354
13699,4931.0303
13700,4931.3354
13701,4931.3354
13702,4931.0303
13703,4931.3354
13704,4930.725
13705,4930.42
13706,4931.3354
13707,4930.725
13708,4931.0303
13709,4931.0303
13710,4930.725
13711,4931.0303
13712,4930.42
13713,4930.725
13714,4930.42
13715,4931.6406
13716,4930.725
13717,4930.725
13718,4931.3354
13719,4931.3354
13720,4931.6406
13721,4931.3354
13722,4930.725
13723,4931.3354
13724,4931.0303
13725,4930.725
13726,4932.251
13727,4931.0303
13728,4931.946
13729,4930.1147
13730,4931.6406
13731,4931.3354
13732,4930.725
13733,4932.251
13734,4931.6406
13735,4931.0303
13736,4930.725
13737,4931.6406
13738,4931.6406
13739,4931.3354
13740,4931.3354
13741,4931.0303
13742,4931.0303
13743,4931.0303
13744,4930.42
13745,4930.42
13746,4931.0303
13747,4930.42
13748,4931.3354
13749,4931.3354
13750,4930.1147
13751,4931.946
13752,4932.251
13753,4930.725
13754,4930.42
13755,4929.5044
13756,4931.3354
13757,4931.3354
13758,4931.0303
13759,4931.6406
13760,4930.725
13761,4931.0303
13762,4931.0303
13763,4931.0303
13764,4930.1147
13765,4931.3354
13766,4930.725
13767,4930.725
13768,4931.946
13769,4931.3354
13770,4931.6406
13771,4930.42
13772,4930.725
13773,4931.0303
13774,4931.3354
13775,4932.251
13776,4932.556
13777,4932.251
13778,4931.3354
13779,4929.8096
13780,4929.5044
13781,4929.5044
13782,4930.42
13783,4930.725
13784,4931.946
13785,4930.42
13786,4929.8096
13787,4931.0303
13788,4930.1147
13789,4932.556
13790,4932.251
13791,4931.6406
13792,4931.946
13793,4931.946
13794,4931.946
13795,4931.3354
13796,4930.42
13797,4931.6406
13798,4930.725
13799,4930.42
13800,4931.0303
13801,4930.42
13802,4930.1147
13803,4931.3354
13804,4931.0303
13805,4931.0303
13806,4931.0303
13807,4931.3354
13808,4932.251
13809,4931.0303
13810,4931.3354
13811,4932.556
13812,4932.251
13813,4931.946
13814,4931.6406
13815,4931.6406
13816,4930.1147
13817,4930.42
13818,4931.946
13819,4931.3354
13820,4931.0303
13821,4931.3354
13822,4931.0303
13823,4930.725
13824,4931.3354
13825,4930.725
13826,4931.946
13827,4931.0303
13828,4930.725
13829,4931.3354
13830,4930.725
13831,4930.1147
13832,4931.0303
13833,4930.725
13834,4931.3354
13835,4931.3354
13836,4931.3354
13837,4932.251
13838,4931.946
13839,4931.6406
13840,4932.251
13841,4931.6406
13842,4930.725
13843,4931.0303
13844,4930.725
13845,4931.3354
13846,4931.0303
13847,4931.0303
13848,4930.42
13849,4930.1147
13850,4931.0303
13851,4931.946
13852,4931.3354
13853,4930.725
13854,4931.0303
13855,4931.3354
13856,4931.3354
13857,4931.3354
13858,4931.0303
13859,4931.946
13860,4930.725
13861,4930.725
13862,4930.1147
13863,4931.3354
13864,4930.42
13865,4930.42
13866,4930.1147
13867,4930.1147
13868,4930.725
13869,4930.42
13870,4931.0303
13871,4931.6406
13872,4931.0303
13873,4931.6406
13874,4931.0303
13875,4931.6406
13876,4931.946
13877,4931.0303
13878,4931.3354
13879,4931.0303
13880,4931.3354
13881,4931.3354
13882,4931.6406
13883,4930.725
13884,4931.3354
13885,4930.1147
13886,4931.3354
13887,4931.6406
13888,4931.0303
13889,4930.725
13890,4930.1147
13891,4930.42
13892,4931.0303
13893,4930.725
13894,4930.42
13895,4930.725
13896,4931.3354
13897,4931.946
13898,4931.0303
13899,4930.42
13900,4931.3354
13901,4931.0303
13902,4931.3354
13903,4930.1147
13904,4931.0303
13905,4931.6406
13906,4931.0303
13907,4931.3354
13908,4930.725
13909,4930.42
13910,4931.3354
13911,4930.725
13912,4931.0303
13913,4930.1147
13914,4930.725
13915,4931.3354
13916,4930.1147
13917,4931.3354
13918,4931.6406
13919,4930.725
13920,4931.3354
13921,4931.6406
13922,4930.42
13923,4931.3354
13924,4931.0303
13925,4931.6406
13926,4931.3354
13927,4930.725
13928,4931.0303
13929,4931.0303
13930,4931.0303
13931,4930.42
13932,4931.3354
13933,4931.0303
13934,4931.0303
13935,4930.42
13936,4931.0303
13937,4930.42
13938,4931.0303
13939,4930.725
13940,4931.0303
13941,4930.725
13942,4930.42
13943,4931.6406
13944,4930.725
13945,4930.725
13946,4931.0303
13947,4931.0303
13948,4931.0303
13949,4931.0303
13950,4931.0303
13951,4931.0303
13952,4930.725
13953,4931.0303
13954,4931.6406
13955,4930.725
13956,4930.725
13957,4931.0303
13958,4931.3354
13959,4930.1147
13960,4930.1147
13961,4930.725
13962,4931.0303
13963,4931.3354
13964,4931.0303
13965,4931.946
13966,4931.3354
13967,4931.0303
13968,4931.0303
13969,4931.3354
13970,4931.3354
13971,4931.6406
13972,4930.725
13973,4931.0303
13974,4931.3354
13975,4932.556
13976,4931.0303
13977,4930.725
13978,4931.0303
13979,4931.6406
13980,4933.1665
13981,4930.725
13982,4930.42
13983,4931.3354
13984,4930.725
13985,4930.725
13986,4930.725
13987,4930.725
13988,4931.3354
13989,4931.3354
13990,4931.6406
13991,4930.42
13992,4931.0303
13993,4930.725
13994,4931.0303
13995,4931.3354
13996,4931.6406
13997,4931.3354
13998,4930.725
13999,4931.0303
14000,4931.0303
14001,4930.725
14002,4931.0303
14003,4930.725
14004,4931.0303
14005,4929.8096
14006,4931.3354
14007,4931.0303
14008,4930.42
14009,4930.725
14010,4931.0303
14011,4931.3354
14012,4931.6406
14013,4931.0303
14014,4931.3354
14015,4930.1147
14016,4931.0303
14017,4931.6406
14018,4931.0303
14019,4930.725
14020,4931.6406
14021,4931.3354
14022,4930.725
14023,4931.0303
14024,4931.6406
14025,4931.6406
14026,4931.946
14027,4931.3354
14028,4931.0303
14029,4930.725
14030,4930.42
14031,4931.0303
14032,4931.0303
14033,4931.6406
14034,4930.725
14035,4931.3354
14036,4930.42
14037,4930.725
14038,4931.0303
14039,4931.3354
14040,4931.6406
14041,4930.42
14042,4931.0303
14043,4931.0303
14044,4930.725
14045,4931.3354
14046,4931.3354
14047,4931.3354
14048,4931.6406
14049,4931.3354
14050,4932.556
14051,4931.0303
14052,4931.0303
14053,4930.725
14054,4930.725
14055,4931.0303
14056,4931.6406
14057,4931.3354
14058,4931.0303
14059,4931.0303
14060,4930.725
14061,4931.0303
14062,4931.6406
14063,4930.725
14064,4931.3354
14065,4930.725
14066,4931.0303
14067,4931.3354
14068,4930.725
14069,4931.0303
14070,4930.725
14071,4931.6406
14072,4931.3354
14073,4930.1147
14074,4931.6406
14075,4931.3354
14076,4930.725
14077,4931.946
14078,4930.1147
14079,4930.725
14080,4930.725
14081,4931.0303
14082,4931.3354
14083,4930.42
14084,4931.0303
14085,4930.1147
14086,4931.0303
14087,4931.6406
14088,4931.6406
14089,4931.3354
14090,4931.0303
14091,4931.0303
14092,4930.42
14093,4930.725
14094,4931.3354
14095,4931.0303
14096,4930.725
14097,4931.0303
14098,4931.0303
14099,4931.3354
14100,4930.42
14101,4931.0303
14102,4931.946
14103,4931.3354
14104,4930.1147
14105,4930.725
14106,4931.0303
14107,4931.3354
14108,4931.3354
14109,4931.0303
14110,4930.42
14111,4930.725
14112,4931.3354
14113,4931.6406
14114,4931.3354
14115,4930.42
14116,4930.42
14117,4931.6406
14118,4931.6406
14119,4930.42
14120,4931.6406
14121,4930.725
14122,4931.6406
14123,4931.3354
14124,4931.3354
14125,4930.725
14126,4930.42
14127,4931.3354
14128,4931.3354
14129,4930.725
14130,4931.0303
14131,4931.0303
14132,4931.3354
14133,4931.0303
14134,4931.6406
14135,4930.725
14136,4931.0303
14137,4931.0303
14138,4931.0303
14139,4932.251
14140,4930.725
14141,4930.725
14142,4931.0303
14143,4931.6406
14144,4931.3354
14145,4931.3354
14146,4931.6406
14147,4931.0303
14148,4931.6406
14149,4931.0303
14150,4931.3354
14151,4931.0303
14152,4931.6406
14153,4931.946
14154,4930.1147
14155,4931.3354
14156,4931.0303
14157,4931.6406
14158,4931.0303
14159,4931.946
14160,4931.0303
14161,4930.1147
14162,4930.42
14163,4931.3354
14164,4931.0303
14165,4931.3354
14166,4931.3354
14167,4930.42
14168,4931.3354
14169,4930.725
14170,4931.6406
14171,4930.725
14172,4931.0303
14173,4930.725
14174,4931.3354
14175,4931.0303
14176,4931.3354
14177,4930.725
14178,4932.556
14179,4931.3354
14180,4931.946
14181,4930.42
14182,4930.1147
14183,4930.1147
14184,4931.3354
14185,4931.6406
14186,4929.8096
14187,4931.3354
14188,4931.0303
14189,4931.6406
14190,4931.3354
14191,4931.3354
14192,4930.725
14193,4931.0303
14194,4931.0303
14195,4931.3354
14196,4931.0303
14197,4931.3354
14198,4931.3354
14199,4931.3354
14200,4930.725
14201,4931.3354
14202,4931.6406
14203,4931.0303
14204,4930.725
14205,4931.0303
14206,4931.3354
14207,4931.0303
14208,4930.725
14209,4931.6406
14210,4931.3354
14211,4931.0303
14212,4932.251
14213,4930.725
14214,4931.3354
14215,4931.0303
14216,4932.556
14217,4930.725
14218,4931.946
14219,4931.3354
14220,4931.6406
14221,4931.0303
14222,4931.0303
14223,4929.199
14224,4931.0303
14225,4931.946
14226,4931.0303
14227,4933.1665
14228,4930.725
14229,4931.0303
14230,4932.8613
14231,4931.3354
14232,4931.6406
14233,4931.3354
14234,4931.3354
14235,4930.42
14236,4929.8096
14237,4930.725
14238,4931.6406
14239,4931.6406
14240,4930.725
14241,4931.6406
14242,4931.0303
14243,4930.725
14244,4930.42
14245,4931.0303
14246,4931.0303
14247,4931.6406
14248,4931.6406
14249,4931.3354
14250,4931.0303
14251,4931.0303
14252,4931.3354
14253,4931.6406
14254,4931.0303
14255,4931.0303
14256,4931.3354
14257,4931.0303
14258,4931.6406
14259,4931.6406
14260,4931.3354
14261,4931.3354
14262,4931.6406
14263,4931.0303
14264,4931.3354
14265,4931.6406
14266,4932.251
14267,4930.725
14268,4931.0303
14269,4931.3354
14270,4931.3354
14271,4930.42
14272,4931.3354
14273,4929.5044
14274,4931.0303
14275,4931.6406
14276,4931.3354
14277,4931.0303
14278,4931.0303
14279,4930.725
14280,4931.3354
14281,4931.0303
14282,4930.725
14283,4931.3354
14284,4931.0303
14285,4930.1147
14286,4931.3354
14287,4931.0303
14288,4931.3354
14289,4931.0303
14290,4931.0303
14291,4931.3354
14292,4930.1147
14293,4930.1147
14294,4931.0303
14295,4931.0303
14296,4931.0303
14297,4933.1665
14298,4929.5044
14299,4931.6406
14300,4931.0303
14301,4931.0303
14302,4931.0303
14303,4931.3354
14304,4931.0303
14305,4931.6406
14306,4931.0303
14307,4931.3354
14308,4931.946
14309,4932.8613
14310,4930.725
14311,4931.3354
14312,4930.725
14313,4930.725
14314,4930.725
14315,4931.6406
14316,4931.3354
14317,4931.0303
14318,4931.3354
14319,4931.0303
14320,4931.0303
14321,4930.725
14322,4930.725
14323,4930.42
14324,4931.0303
14325,4931.0303
14326,4931.0303
14327,4930.725
14328,4930.725
14329,4930.725
14330,4930.725
14331,4930.725
14332,4930.725
14333,4932.251
14334,4931.0303
14335,4931.946
14336,4930.42
14337,4930.1147
14338,4931.0303
14339,4931.3354
14340,4931.6406
14341,4930.725
14342,4931.3354
14343,4930.725
14344,4931.3354
14345,4931.6406
14346,4931.0303
14347,4931.6406
14348,4931.0303
14349,4931.3354
14350,4931.3354
14351,4931.0303
14352,4930.725
14353,4930.42
14354,4931.6406
14355,4930.725
14356,4931.3354
14357,4931.3354
14358,4931.6406
14359,4930.725
14360,4930.1147
14361,4931.3354
14362,4931.3354
14363,4930.42
14364,4930.725
14365,4931.6406
14366,4931.3354
14367,4932.251
14368,4931.3354
14369,4931.946
14370,4931.0303
14371,4931.3354
14372,4931.6406
14373,4931.6406
14374,4931.0303
14375,4931.3354
14376,4931.6406
14377,4931.0303
14378,4931.3354
14379,4930.725
14380,4930.725
14381,4930.725
14382,4931.0303
14383,4931.6406
14384,4931.0303
14385,4931.3354
14386,4931.3354
14387,4931.946
14388,4930.42
14389,4931.6406
14390,4931.946
14391,4931.0303
14392,4930.42
14393,4931.946
14394,4931.6406
14395,4931.0303
14396,4931.0303
14397,4931.3354
14398,4930.42
14399,4931.0303
14400,4931.0303
14401,4930.725
14402,4931.0303
14403,4931.0303
14404,4931.6406
14405,4930.42
14406,4930.1147
14407,4930.725
14408,4931.0303
14409,4929.5044
14410,4931.3354
14411,4931.0303
14412,4930.725
14413,4930.725
14414,4931.946
14415,4930.725
14416,4930.725
14417,4931.0303
14418,4931.3354
14419,4931.946
14420,4931.3354
14421,4931.6406
14422,4931.6406
14423,4930.725
14424,4931.3354
14425,4931.0303
14426,4931.3354
14427,4931.6406
14428,4931.0303
14429,4931.0303
14430,4931.3354
14431,4930.725
14432,4931.3354
14433,4931.946
14434,4931.946
14435,4931.946
14436,4931.3354
14437,4931.3354
14438,4931.0303
14439,4931.0303
14440,4931.3354
14441,4931.6406
14442,4931.3354
14443,4931.3354
14444,4931.6406
14445,4931.6406
14446,4931.3354
14447,4931.3354
14448,4931.0303
14449,4930.42
14450,4930.725
14451,4931.946
14452,4930.725
14453,4931.3354
14454,4930.725
14455,4931.3354
14456,4931.3354
14457,4931.0303
14458,4931.6406
14459,4930.725
14460,4931.6406
14461,4931.6406
14462,4931.6406
14463,4931.946
14464,4931.0303
14465,4931.3354
14466,4930.725
14467,4931.0303
14468,4931.3354
14469,4931.946
14470,4931.0303
14471,4931.946
14472,4931.0303
14473,4931.3354
14474,4934.9976
14475,4931.0303
14476,4930.725
14477,4931.0303
14478,4930.42
14479,4929.8096
14480,4931.6406
14481,4931.6406
14482,4931.0303
14483,4930.42
14484,4931.0303
14485,4931.6406
14486,4930.725
14487,4931.3354
14488,4930.42
14489,4931.3354
14490,4931.6406
14491,4930.725
14492,4930.725
14493,4931.3354
14494,4931.6406
14495,4930.725
14496,4931.3354
14497,4931.0303
14498,4931.3354
14499,4931.6406
14500,4931.0303
14501,4931.0303
14502,4931.0303
14503,4931.6406
14504,4931.0303
14505,4930.42
14506,4931.3354
14507,4930.42
14508,4930.725
14509,4931.0303
14510,4931.3354
14511,4931.3354
14512,4931.3354
14513,4931.6406
14514,4931.3354
14515,4931.3354
14516,4930.725
14517,4931.0303
14518,4932.251
14519,4931.0303
14520,4931.0303
14521,4931.0303
14522,4931.3354
14523,4930.42
14524,4930.725
14525,4931.0303
14526,4931.3354
14527,4931.0303
14528,4931.946
14529,4930.42
14530,4930.1147
14531,4931.0303
14532,4930.725
14533,4931.6406
14534,4929.8096
14535,4931.946
14536,4931.3354
14537,4931.3354
14538,4931.946
14539,4931.6406
14540,4930.725
14541,4931.3354
14542,4931.946
14543,4931.3354
14544,4932.251
14545,4931.3354
14546,4931.3354
14547,4931.3354
14548,4929.8096
14549,4931.3354
14550,4931.0303
14551,4932.251
14552,4931.6406
14553,4931.3354
14554,4930.42
14555,4931.0303
14556,4931.0303
14557,4931.946
14558,4930.725
14559,4931.0303
14560,4931.3354
14561,4931.0303
14562,4932.251
14563,4931.0303
14564,4931.3354
14565,4930.725
14566,4930.42
14567,4931.0303
14568,4931.3354
14569,4930.42
14570,4931.3354
14571,4931.3354
14572,4931.6406
14573,4931.0303
14574,4930.42
14575,4930.725
14576,4931.6406
14577,4930.42
14578,4931.0303
14579,4930.725
14580,4931.6406
14581,4931.3354
14582,4930.725
14583,4930.42
14584,4931.0303
14585,4931.946
14586,4930.725
14587,4931.0303
14588,4930.42
14589,4931.6406
14590,4931.0303
14591,4931.3354
14592,4930.725
14593,4930.725
14594,4930.42
14595,4931.0303
14596,4931.946
14597,4931.0303
14598,4930.42
14599,4931.6406
14600,4931.0303
14601,4931.0303
14602,4930.42
14603,4931.3354
14604,4930.725
14605,4931.3354
14606,4931.0303
14607,4931.0303
14608,4931.6406
14609,4931.3354
14610,4930.725
14611,4931.0303
14612,4931.3354
14613,4931.946
14614,4932.556
14615,4931.0303
14616,4930.42
14617,4931.3354
14618,4931.0303
14619,4930.42
14620,4931.6406
14621,4931.6406
14622,4930.42
14623,4930.725
14624,4931.3354
14625,4931.3354
14626,4930.725
14627,4931.3354
14628,4931.0303
14629,4931.0303
14630,4931.0303
14631,4931.3354
14632,4931.6406
14633,4931.0303
14634,4931.6406
14635,4931.6406
14636,4930.42
14637,4930.725
14638,4931.6406
14639,4931.3354
14640,4931.0303
14641,4931.946
14642,4930.1147
14643,4931.0303
14644,4931.0303
14645,4931.6406
14646,4931.3354
14647,4931.0303
14648,4930.42
14649,4931.0303
14650,4931.6406
14651,4931.3354
14652,4931.6406
14653,4931.3354
14654,4930.42
14655,4931.6406
14656,4931.0303
14657,4931.3354
14658,4931.3354
14659,4931.3354
14660,4931.3354
14661,4931.0303
14662,4931.3354
14663,4931.6406
14664,4930.725
14665,4931.3354
14666,4931.946
14667,4931.0303
14668,4931.3354
14669,4931.3354
14670,4931.946
14671,4931.3354
14672,4930.725
14673,4931.3354
14674,4930.42
14675,4931.3354
14676,4931.6406
14677,4931.0303
14678,4931.3354
14679,4931.0303
14680,4931.0303
14681,4931.6406
14682,4931.0303
14683,4930.42
14684,4931.946
14685,4931.3354
14686,4930.725
14687,4931.3354
14688,4930.42
14689,4930.42
14690,4930.725
14691,4931.946
14692,4931.0303
14693,4930.42
14694,4931.3354
14695,4931.0303
14696,4931.3354
14697,4930.725
14698,4931.3354
14699,4931.946
14700,4930.725
14701,4930.725
14702,4931.0303
14703,4931.0303
14704,4930.725
14705,4931.6406
14706,4930.725
14707,4931.3354
14708,4931.3354
14709,4931.3354
14710,4931.946
14711,4931.3354
14712,4931.6406
14713,4931.3354
14714,4931.3354
14715,4931.6406
14716,4931.6406
14717,4929.199
14718,4930.1147
14719,4930.725
14720,4931.3354
14721,4931.946
14722,4930.725
14723,4930.1147
14724,4930.725
14725,4931.6406
14726,4931.3354
14727,4931.6406
14728,4931.0303
14729,4930.1147
14730,4930.725
14731,4930.42
14732,4931.0303
14733,4931.3354
14734,4931.3354
14735,4931.0303
14736,4930.725
14737,4931.3354
14738,4931.946
14739,4931.6406
14740,4931.946
14741,4931.0303
14742,4930.725
14743,4930.42
14744,4931.0303
14745,4932.556
14746,4931.0303
14747,4931.0303
14748,4931.3354
14749,4930.725
14750,4930.725
14751,4930.725
14752,4931.0303
14753,4931.6406
14754,4931.3354
14755,4931.0303
14756,4931.3354
14757,4930.725
14758,4932.556
14759,4931.6406
14760,4931.0303
14761,4931.0303
14762,4932.556
14763,4931.3354
14764,4931.6406
14765,4931.0303
14766,4931.3354
14767,4930.1147
14768,4930.725
14769,4930.725
14770,4931.0303
14771,4930.42
14772,4931.946
14773,4931.6406
14774,4931.0303
14775,4931.3354
14776,4931.3354
14777,4930.725
14778,4931.3354
14779,4931.0303
14780,4931.3354
14781,4930.42
14782,4931.0303
14783,4931.0303
14784,4932.251
14785,4931.3354
14786,4931.3354
14787,4931.0303
14788,4931.946
14789,4931.0303
14790,4931.3354
14791,4932.251
14792,4930.1147
14793,4930.725
14794,4931.3354
14795,4931.3354
14796,4931.3354
14797,4931.6406
14798,4931.0303
14799,4930.725
14800,4931.0303
14801,4931.6406
14802,4931.6406
14803,4931.3354
14804,4930.725
14805,4931.3354
14806,4930.42
14807,4931.3354
14808,4930.725
14809,4930.725
14810,4930.42
14811,4930.42
14812,4931.3354
14813,4930.725
14814,4931.946
14815,4931.6406
14816,4931.0303
14817,4931.0303
14818,4931.3354
14819,4931.0303
14820,4930.42
14821,4931.0303
14822,4932.251
14823,4931.0303
14824,4931.0303
14825,4931.946
14826,4931.3354
14827,4931.3354
14828,4929.8096
14829,4931.0303
14830,4930.1147
14831,4931.0303
14832,4931.6406
14833,4931.0303
14834,4931.946
14835,4931.946
14836,4930.725
14837,4930.725
14838,4931.0303
14839,4931.3354
14840,4932.251
14841,4930.725
14842,4930.725
14843,4931.0303
14844,4931.6406
14845,4930.42
14846,4931.0303
14847,4931.0303
14848,4929.199
14849,4931.0303
14850,4931.3354
14851,4931.6406
14852,4931.6406
14853,4931.0303
14854,4931.6406
14855,4931.0303
14856,4930.725
14857,4930.725
14858,4931.3354
14859,4931.0303
14860,4931.6406
14861,4931.3354
14862,4931.0303
14863,4931.946
14864,4930.725
14865,4931.3354
14866,4931.0303
14867,4931.0303
14868,4930.725
14869,4931.0303
14870,4931.6406
14871,4931.6406
14872,4931.0303
14873,4931.6406
14874,4930.725
14875,4931.3354
14876,4931.946
14877,4931.6406
14878,4931.3354
14879,4931.0303
14880,4930.42
14881,4931.3354
14882,4930.42
14883,4930.725
14884,4930.42
14885,4931.946
14886,4929.8096
14887,4932.556
14888,4930.725
14889,4931.0303
14890,4931.946
14891,4930.725
14892,4930.725
14893,4931.3354
14894,4931.946
14895,4931.0303
14896,4931.6406
14897,4931.3354
14898,4931.3354
14899,4931.3354
14900,4931.3354
14901,4931.6406
14902,4931.0303
14903,4930.725
14904,4931.0303
14905,4930.725
14906,4929.8096
14907,4930.725
14908,4931.6406
14909,4931.0303
14910,4930.725
14911,4931.946
14912,4931.0303
14913,4930.725
14914,4931.0303
14915,4930.42
14916,4931.0303
14917,4930.725
14918,4931.6406
14919,4931.0303
14920,4931.0303
14921,4931.6406
14922,4931.3354
14923,4931.0303
14924,4930.42
14925,4930.725
14926,4931.6406
14927,4930.725
14928,4931.3354
14929,4930.725
14930,4930.725
14931,4931.0303
14932,4931.0303
14933,4930.1147
14934,4930.725
14935,4931.3354
14936,4931.3354
14937,4931.3354
14938,4931.3354
14939,4931.3354
14940,4931.0303
14941,4931.3354
14942,4931.0303
14943,4931.0303
14944,4930.725
14945,4931.946
14946,4931.946
14947,4932.8613
14948,4931.0303
14949,4931.0303
14950,4932.251
14951,4931.0303
14952,4931.0303
14953,4931.3354
14954,4931.0303
14955,4931.0303
14956,4930.1147
14957,4930.42
14958,4931.3354
14959,4931.0303
14960,4931.0303
14961,4930.725
14962,4931.0303
14963,4931.0303
14964,4930.42
14965,4931.3354
14966,4931.0303
14967,4931.6406
14968,4933.1665
14969,4931.3354
14970,4930.725
14971,4931.946
14972,4931.3354
14973,4930.725
14974,4931.3354
14975,4931.0303
14976,4931.3354
14977,4930.725
14978,4931.0303
14979,4931.946
14980,4931.3354
14981,4931.0303
14982,4931.6406
14983,4931.0303
14984,4930.725
14985,4930.42
14986,4930.42
14987,4930.725
14988,4931.6406
14989,4931.3354
14990,4931.0303
14991,4931.3354
14992,4931.6406
14993,4930.42
14994,4930.725
14995,4930.725
14996,4931.3354
14997,4931.3354
14998,4931.6406
14999,4930.725
15000,4931.3354
15001,4930.725
15002,4930.725
15003,4931.6406
15004,4932.251
15005,4931.3354
15006,4931.3354
15007,4931.946
15008,4931.0303
15009,4931.6406
15010,4931.3354
15011,4931.3354
15012,4930.42
15013,4931.3354
15014,4931.946
15015,4931.0303
15016,4930.42
15017,4931.0303
15018,4931.0303
15019,4931.0303
15020,4930.725
15021,4931.3354
15022,4931.0303
15023,4931.0303
15024,4931.3354
15025,4931.6406
15026,4930.42
15027,4930.725
15028,4931.3354
15029,4931.0303
15030,4931.0303
15031,4931.0303
15032,4931.0303
15033,4931.0303
15034,4930.725
15035,4930.725
15036,4931.0303
15037,4931.6406
15038,4932.8613
15039,4931.0303
15040,4931.946
15041,4930.725
15042,4931.3354
15043,4930.725
15044,4930.725
15045,4931.3354
15046,4931.0303
15047,4930.42
15048,4930.725
15049,4931.3354
15050,4931.3354
15051,4930.42
15052,4931.3354
15053,4931.6406
15054,4931.6406
15055,4930.1147
15056,4931.0303
15057,4931.946
15058,4931.6406
15059,4930.725
15060,4931.0303
15061,4929.8096
15062,4930.42
15063,4931.3354
15064,4930.42
15065,4931.3354
15066,4931.6406
15067,4931.0303
15068,4930.1147
15069,4931.0303
15070,4930.725
15071,4930.42
15072,4931.0303
15073,4931.0303
15074,4928.589
15075,4931.3354
15076,4931.3354
15077,4931.0303
15078,4931.0303
15079,4931.6406
15080,4930.42
15081,4931.6406
15082,4931.0303
15083,4931.6406
15084,4931.3354
15085,4931.6406
15086,4930.725
15087,4931.6406
15088,4931.0303
15089,4930.42
15090,4930.1147
15091,4931.3354
15092,4930.725
15093,4930.42
15094,4929.8096
15095,4930.42
15096,4931.0303
15097,4931.0303
15098,4931.0303
15099,4930.725
15100,4931.3354
15101,4930.725
15102,4931.3354
15103,4931.0303
15104,4930.42
15105,4930.42
15106,4932.251
15107,4931.0303
15108,4931.946
15109,4931.0303
15110,4930.42
15111,4931.0303
15112,4930.42
15113,4931.946
15114,4932.251
15115,4931.0303
15116,4931.0303
15117,4931.3354
15118,4931.0303
15119,4931.946
15120,4931.946
15121,4931.6406
15122,4930.725
15123,4931.0303
15124,4931.0303
15125,4931.0303
15126,4931.6406
15127,4931.6406
15128,4931.3354
15129,4930.725
15130,4931.0303
15131,4931.3354
15132,4931.3354
15133,4931.0303
15134,4931.3354
15135,4931.3354
15136,4931.3354
15137,4931.0303
15138,4931.3354
15139,4930.725
15140,4930.42
15141,4931.3354
15142,4931.0303
15143,4930.725
15144,4931.0303
15145,4931.6406
15146,4931.0303
15147,4931.0303
15148,4931.6406
15149,4931.0303
15150,4930.1147
15151,4931.3354
15152,4931.0303
15153,4931.3354
15154,4932.8613
15155,4931.0303
15156,4931.0303
15157,4930.725
15158,4930.725
15159,4931.6406
15160,4931.6406
15161,4930.42
15162,4931.0303
15163,4931.946
15164,4931.6406
15165,4930.725
15166,4930.1147
15167,4931.3354
15168,4930.42
15169,4931.3354
15170,4930.725
15171,4931.3354
15172,4930.725
15173,4931.0303
15174,4930.725
15175,4930.725
15176,4930.725
15177,4930.42
15178,4931.3354
15179,4929.8096
15180,4929.8096
15181,4931.0303
15182,4931.0303
15183,4931.3354
15184,4931.3354
15185,4931.3354
15186,4931.0303
15187,4930.725
15188,4931.3354
15189,4931.0303
15190,4930.42
15191,4931.3354
15192,4931.3354
15193,4931.3354
15194,4931.3354
15195,4931.0303
15196,4931.0303
15197,4930.42
15198,4931.6406
15199,4930.725
15200,4931.0303
15201,4931.0303
15202,4932.556
15203,4931.0303
15204,4930.725
15205,4931.6406
15206,4931.0303
15207,4930.1147
15208,4931.6406
15209,4931.0303
15210,4931.0303
15211,4929.5044
15212,4930.725
15213,4931.3354
15214,4930.725
15215,4932.8613
15216,4931.3354
15217,4931.0303
15218,4930.725
15219,4931.0303
15220,4931.946
15221,4931.3354
15222,4931.946
15223,4931.3354
15224,4930.42
15225,4929.8096
15226,4931.0303
15227,4932.556
15228,4931.3354
15229,4930.725
15230,4931.3354
15231,4930.42
15232,4930.725
15233,4931.6406
15234,4931.0303
15235,4931.6406
15236,4930.725
15237,4931.0303
15238,4931.6406
15239,4931.3354
15240,4931.3354
15241,4931.946
15242,4931.0303
15243,4931.0303
15244,4931.0303
15245,4931.3354
15246,4930.1147
15247,4931.946
15248,4930.725
15249,4930.725
15250,4930.725
15251,4932.251
15252,4931.946
15253,4930.42
15254,4931.0303
15255,4931.0303
15256,4931.0303
15257,4930.725
15258,4930.725
15259,4931.0303
15260,4931.3354
15261,4931.0303
15262,4931.0303
15263,4931.0303
15264,4930.725
15265,4931.0303
15266,4931.0303
15267,4931.0303
15268,4931.3354
15269,4931.0303
15270,4930.725
15271,4931.3354
15272,4931.6406
15273,4930.725
15274,4930.42
15275,4931.6406
15276,4931.0303
15277,4931.0303
15278,4929.8096
15279,4931.0303
15280,4931.0303
15281,4930.725
15282,4931.3354
15283,4931.946
15284,4931.3354
15285,4931.946
15286,4932.556
15287,4930.1147
15288,4931.6406
15289,4931.946
15290,4931.0303
15291,4931.6406
15292,4930.42
15293,4931.0303
15294,4931.3354
15295,4931.0303
15296,4930.42
15297,4931.0303
15298,4931.6406
15299,4931.0303
15300,4931.0303
15301,4931.6406
15302,4930.725
15303,4931.0303
15304,4931.0303
15305,4930.725
15306,4930.42
15307,4931.0303
15308,4931.6406
15309,4931.3354
15310,4930.42
15311,4931.3354
15312,4931.0303
15313,4931.3354
15314,4931.0303
15315,4930.725
15316,4931.0303
15317,4931.946
15318,4930.725
15319,4931.0303
15320,4931.6406
15321,4930.42
15322,4931.6406
15323,4930.42
15324,4931.0303
15325,4931.0303
15326,4931.946
15327,4931.6406
15328,4931.0303
15329,4931.6406
15330,4931.6406
15331,4930.42
15332,4931.946
15333,4931.0303
15334,4931.0303
15335,4930.1147
15336,4931.6406
15337,4931.0303
15338,4931.946
15339,4931.3354
15340,4931.3354
15341,4931.3354
15342,4931.3354
15343,4929.8096
15344,4931.0303
15345,4931.0303
15346,4930.1147
15347,4931.3354
15348,4931.0303
15349,4931.0303
15350,4931.6406
15351,4931.0303
15352,4930.725
15353,4930.725
15354,4931.6406
15355,4932.251
15356,4930.42
15357,4930.42
15358,4931.0303
15359,4931.3354
15360,4931.6406
15361,4931.6406
15362,4930.42
15363,4931.0303
15364,4931.946
15365,4931.3354
15366,4931.6406
15367,4931.0303
15368,4931.0303
15369,4930.725
15370,4930.725
15371,4931.3354
15372,4931.6406
15373,4931.3354
15374,4930.725
15375,4930.42
15376,4931.0303
15377,4931.6406
15378,4931.6406
15379,4931.0303
15380,4930.1147
15381,4931.3354
15382,4930.725
15383,4931.3354
15384,4931.0303
15385,4929.8096
15386,4931.6406
15387,4929.199
15388,4930.1147
15389,4931.0303
15390,4931.946
15391,4931.3354
15392,4931.946
15393,4931.0303
15394,4931.0303
15395,4930.42
15396,4931.3354
15397,4930.42
15398,4930.725
15399,4930.725
15400,4931.6406
15401,4931.3354
15402,4930.42
15403,4931.6406
15404,4931.6406
15405,4931.6406
15406,4931.3354
15407,4929.8096
15408,4931.6406
15409,4931.3354
15410,4931.0303
15411,4931.6406
15412,4930.42
15413,4931.0303
15414,4931.6406
15415,4931.6406
15416,4931.946
15417,4931.3354
15418,4930.42
15419,4931.0303
15420,4931.0303
15421,4930.42
15422,4932.251
15423,4931.0303
15424,4930.42
15425,4931.0303
15426,4928.589
15427,4931.3354
15428,4931.3354
15429,4931.0303
15430,4930.42
15431,4931.0303
15432,4931.6406
15433,4930.42
15434,4930.1147
15435,4931.6406
15436,4931.3354
15437,4930.42
15438,4931.0303
15439,4931.0303
15440,4931.0303
15441,4930.725
15442,4931.3354
15443,4930.725
15444,4931.0303
15445,4931.0303
15446,4931.6406
15447,4931.946
15448,4932.251
15449,4930.725
15450,4931.6406
15451,4931.0303
15452,4931.0303
15453,4931.0303
15454,4930.725
15455,4931.0303
15456,4930.725
15457,4931.0303
15458,4930.725
15459,4931.3354
15460,4932.8613
15461,4931.3354
15462,4930.725
15463,4930.725
15464,4931.3354
15465,4931.0303
15466,4932.251
15467,4930.1147
15468,4930.42
15469,4931.3354
15470,4931.3354
15471,4931.0303
15472,4931.3354
15473,4931.6406
15474,4931.0303
15475,4931.3354
15476,4931.0303
15477,4931.3354
15478,4932.251
15479,4931.0303
15480,4930.42
15481,4931.0303
15482,4931.6406
15483,4931.3354
15484,4931.0303
15485,4931.3354
15486,4931.6406
15487,4930.1147
15488,4931.3354
15489,4930.725
15490,4931.3354
15491,4931.946
15492,4931.6406
15493,4930.725
15494,4930.725
15495,4931.6406
15496,4931.3354
15497,4931.0303
15498,4930.1147
15499,4931.0303
15500,4931.946
15501,4931.3354
15502,4930.725
15503,4931.3354
15504,4930.725
15505,4930.725
15506,4931.0303
15507,4931.3354
15508,4931.3354
15509,4931.3354
15510,4930.725
15511,4931.3354
15512,4930.1147
15513,4931.0303
15514,4931.0303
15515,4931.0303
15516,4931.6406
15517,4931.6406
15518,4930.1147
15519,4931.3354
15520,4930.725
15521,4930.725
15522,4931.3354
15523,4931.3354
15524,4931.6406
15525,4931.6406
15526,4931.946
15527,4930.725
15528,4931.3354
15529,4931.3354
15530,4931.3354
15531,4930.725
15532,4931.6406
15533,4931.3354
15534,4930.725
15535,4931.946
15536,4931.0303
15537,4930.42
15538,4930.42
15539,4931.3354
15540,4931.6406
15541,4931.3354
15542,4931.3354
15543,4931.3354
15544,4931.0303
15545,4931.946
15546,4930.42
15547,4930.42
15548,4930.725
15549,4931.0303
15550,4931.0303
15551,4930.725
15552,4931.0303
15553,4930.725
15554,4931.0303
15555,4931.6406
15556,4930.42
15557,4930.725
15558,4931.3354
15559,4930.42
15560,4932.251
15561,4930.725
15562,4931.0303
15563,4931.3354
15564,4931.0303
15565,4930.725
15566,4931.3354
15567,4932.8613
15568,4930.725
15569,4930.725
15570,4930.725
15571,4931.3354
15572,4931.3354
15573,4931.6406
15574,4931.6406
15575,4931.0303
15576,4931.946
15577,4931.6406
15578,4930.725
15579,4931.0303
15580,4931.3354
15581,4931.3354
15582,4931.6406
15583,4931.0303
15584,4931.6406
15585,4931.0303
15586,4930.42
15587,4930.725
15588,4929.8096
15589,4930.725
15590,4930.1147
15591,4930.725
15592,4931.3354
15593,4931.6406
15594,4930.725
15595,4930.725
15596,4931.6406
15597,4931.0303
15598,4931.946
15599,4930.725
15600,4930.725
15601,4931.6406
15602,4931.946
15603,4931.0303
15604,4931.6406
15605,4931.6406
15606,4929.8096
15607,4930.42
15608,4931.6406
15609,4932.251
15610,4931.6406
15611,4931.0303
15612,4930.1147
15613,4931.6406
15614,4930.42
15615,4930.1147
15616,4931.0303
15617,4931.3354
15618,4931.6406
15619,4930.1147
15620,4931.6406
15621,4931.3354
15622,4931.0303
15623,4931.946
15624,4931.0303
15625,4930.42
15626,4931.946
15627,4931.6406
15628,4931.6406
15629,4930.42
15630,4931.0303
15631,4930.725
15632,4931.0303
15633,4931.3354
15634,4931.946
15635,4929.8096
15636,4930.725
15637,4930.725
15638,4930.42
15639,4932.8613
15640,4930.725
15641,4931.946
15642,4931.3354
15643,4931.0303
15644,4931.3354
15645,4930.42
15646,4931.3354
15647,4931.6406
15648,4931.0303
15649,4931.3354
15650,4931.0303
15651,4931.3354
15652,4931.946
15653,4931.0303
15654,4931.946
15655,4931.3354
15656,4931.0303
15657,4930.42
15658,4930.725
15659,4932.8613
15660,4931.0303
15661,4931.0303
15662,4930.725
15663,4931.0303
15664,4930.42
15665,4931.3354
15666,4930.42
15667,4929.8096
15668,4931.0303
15669,4930.42
15670,4932.251
15671,4930.725
15672,4930.725
15673,4931.0303
15674,4932.251
15675,4930.725
15676,4931.0303
15677,4930.725
15678,4931.946
15679,4931.6406
15680,4931.3354
15681,4930.42
15682,4930.42
15683,4931.3354
15684,4930.725
15685,4930.725
15686,4931.3354
15687,4931.946
15688,4931.0303
15689,4931.0303
15690,4930.725
15691,4931.3354
15692,4931.6406
15693,4931.0303
15694,4931.6406
15695,4930.42
15696,4931.946
15697,4931.0303
15698,4931.6406
15699,4931.0303
15700,4931.6406
15701,4931.0303
15702,4931.3354
15703,4931.0303
15704,4931.0303
15705,4930.42
15706,4931.3354
15707,4931.6406
15708,4930.725
15709,4932.8613
15710,4930.725
15711,4931.3354
15712,4931.3354
15713,4930.42
15714,4931.0303
15715,4931.0303
15716,4931.3354
15717,4931.0303
15718,4930.725
15719,4931.0303
15720,4931.3354
15721,4931.0303
15722,4931.0303
15723,4931.3354
15724,4931.3354
15725,4930.725
15726,4931.0303
15727,4931.3354
15728,4931.0303
15729,4931.946
15730,4930.725
15731,4932.251
15732,4931.3354
15733,4931.0303
15734,4931.0303
15735,4931.0303
15736,4931.0303
15737,4931.6406
15738,4930.725
15739,4930.725
15740,4931.3354
15741,4931.6406
15742,4930.42
15743,4930.725
15744,4930.42
15745,4931.3354
15746,4931.3354
15747,4931.6406
15748,4931.6406
15749,4930.725
15750,4931.0303
15751,4930.725
15752,4931.0303
15753,4931.0303
15754,4930.725
15755,4931.946
15756,4931.0303
15757,4931.0303
15758,4931.6406
15759,4931.3354
15760,4931.0303
15761,4931.6406
15762,4930.1147
15763,4931.0303
15764,4930.725
15765,4931.6406
15766,4931.6406
15767,4931.0303
15768,4931.6406
15769,4930.42
15770,4931.3354
15771,4930.42
15772,4931.0303
15773,4931.0303
15774,4931.6406
15775,4930.725
15776,4931.3354
15777,4930.42
15778,4931.946
15779,4931.3354
15780,4931.0303
15781,4929.5044
15782,4931.0303
15783,4931.6406
15784,4930.725
15785,4931.3354
15786,4930.725
15787,4931.946
15788,4931.3354
15789,4930.42
15790,4931.6406
15791,4931.3354
15792,4931.0303
15793,4931.3354
15794,4931.0303
15795,4931.0303
15796,4931.0303
15797,4931.6406
15798,4931.0303
15799,4931.0303
15800,4930.42
15801,4931.3354
15802,4931.6406
15803,4930.725
15804,4931.3354
15805,4931.0303
15806,4931.0303
15807,4931.6406
15808,4931.3354
15809,4931.0303
15810,4931.946
15811,4931.3354
15812,4931.0303
15813,4930.725
15814,4931.3354
15815,4931.946
15816,4930.725
15817,4931.0303
15818,4931.6406
15819,4930.725
15820,4931.0303
15821,4930.725
15822,4931.6406
15823,4931.0303
15824,4931.0303
15825,4931.0303
15826,4930.1147
15827,4931.6406
15828,4931.3354
15829,4931.0303
15830,4930.42
15831,4930.725
15832,4931.3354
15833,4931.3354
15834,4931.0303
15835,4930.725
15836,4931.0303
15837,4931.3354
15838,4931.0303
15839,4931.3354
15840,4931.946
15841,4931.0303
15842,4931.3354
15843,4931.3354
15844,4930.42
15845,4931.6406
15846,4931.6406
15847,4931.6406
15848,4931.6406
15849,4931.946
15850,4930.725
15851,4931.3354
15852,4931.0303
15853,4931.3354
15854,4930.1147
15855,4931.0303
15856,4931.0303
15857,4931.6406
15858,4930.725
15859,4931.3354
15860,4931.946
15861,4931.6406
15862,4931.0303
15863,4931.0303
15864,4931.0303
15865,4931.6406
15866,4932.251
15867,4930.725
15868,4931.0303
15869,4931.0303
15870,4931.0303
15871,4930.725
15872,4931.0303
15873,4931.0303
15874,4929.8096
15875,4930.725
15876,4931.0303
15877,4931.0303
15878,4930.42
15879,4931.0303
15880,4931.3354
15881,4930.725
15882,4929.5044
15883,4931.946
15884,4930.725
15885,4930.1147
15886,4931.6406
15887,4931.6406
15888,4931.3354
15889,4931.6406
15890,4931.6406
15891,4930.725
15892,4930.725
15893,4931.3354
15894,4930.725
15895,4930.42
15896,4931.0303
15897,4931.6406
15898,4931.0303
15899,4931.0303
15900,4930.725
15901,4931.3354
15902,4931.0303
15903,4930.725
15904,4931.6406
15905,4931.6406
15906,4931.0303
15907,4930.42
15908,4931.6406
15909,4931.6406
15910,4931.0303
15911,4931.0303
15912,4931.3354
15913,4930.725
15914,4931.6406
15915,4931.3354
15916,4931.3354
15917,4931.6406
15918,4931.946
15919,4931.3354
15920,4931.946
15921,4931.946
15922,4931.6406
15923,4931.0303
15924,4931.3354
15925,4931.6406
15926,4930.42
15927,4931.3354
15928,4931.3354
15929,4931.3354
15930,4931.3354
15931,4930.725
15932,4931.3354
15933,4931.6406
15934,4930.1147
15935,4931.6406
15936,4930.725
15937,4931.0303
15938,4930.42
15939,4929.8096
15940,4931.6406
15941,4931.3354
15942,4931.6406
15943,4932.251
15944,4930.725
15945,4931.0303
15946,4931.946
15947,4931.3354
15948,4930.42
15949,4931.3354
15950,4931.3354
15951,4931.6406
15952,4930.42
15953,4930.725
15954,4930.725
15955,4930.42
15956,4932.8613
15957,4930.42
15958,4931.0303
15959,4931.0303
15960,4930.725
15961,4930.725
15962,4930.725
15963,4930.42
15964,4931.0303
15965,4930.42
15966,4931.946
15967,4931.6406
15968,4931.3354
15969,4930.42
15970,4930.725
15971,4932.556
15972,4931.0303
15973,4930.725
15974,4930.42
15975,4931.3354
15976,4931.0303
15977,4931.0303
15978,4932.8613
15979,4932.556
15980,4931.3354
15981,4930.1147
15982,4931.3354
15983,4930.725
15984,4931.6406
15985,4931.3354
15986,4931.3354
15987,4930.725
15988,4931.3354
15989,4931.0303
15990,4931.0303
15991,4932.556
15992,4931.3354
15993,4931.3354
15994,4931.0303
15995,4931.6406
15996,4932.556
15997,4931.0303
15998,4930.725
15999,4931.6406
16000,4930.725
16001,4931.3354
16002,4930.725
16003,4931.3354
16004,4931.3354
16005,4930.725
16006,4930.725
16007,4930.725
16008,4930.42
16009,4930.42
16010,4931.6406
16011,4931.3354
16012,4931.0303
16013,4930.42
16014,4930.42
16015,4931.0303
16016,4931.0303
16017,4931.6406
16018,4931.3354
16019,4930.725
16020,4931.3354
16021,4931.0303
16022,4931.0303
16023,4931.3354
16024,4931.3354
16025,4931.0303
16026,4932.251
16027,4931.3354
16028,4931.6406
16029,4931.3354
16030,4930.725
16031,4930.725
16032,4931.6406
16033,4931.3354
16034,4931.3354
16035,4930.725
16036,4931.3354
16037,4931.6406
16038,4931.0303
16039,4929.5044
16040,4931.0303
16041,4930.725
16042,4930.42
16043,4931.3354
16044,4930.725
16045,4931.6406
16046,4931.0303
16047,4930.725
16048,4930.42
16049,4930.725
16050,4931.0303
16051,4930.725
16052,4931.0303
16053,4931.3354
16054,4930.725
16055,4931.0303
16056,4931.3354
16057,4931.3354
16058,4930.725
16059,4929.8096
16060,4931.3354
16061,4931.3354
16062,4931.946
16063,4930.725
16064,4931.3354
16065,4931.0303
16066,4931.3354
16067,4932.251
16068,4931.6406
16069,4929.8096
16070,4931.946
16071,4931.946
16072,4931.6406
16073,4931.3354
16074,4931.6406
16075,4931.3354
16076,4930.42
16077,4931.6406
16078,4931.3354
16079,4931.0303
16080,4931.3354
16081,4931.0303
16082,4929.8096
16083,4931.0303
16084,4930.42
16085,4930.725
16086,4930.725
16087,4930.1147
16088,4931.0303
16089,4930.42
16090,4931.0303
16091,4930.725
16092,4931.0303
16093,4931.0303
16094,4930.42
16095,4931.3354
16096,4931.6406
16097,4931.0303
16098,4931.6406
16099,4930.725
16100,4931.3354
16101,4931.3354
16102,4931.0303
16103,4931.3354
16104,4930.725
16105,4931.0303
16106,4931.946
16107,4930.725
16108,4931.946
16109,4931.6406
16110,4930.1147
16111,4931.0303
16112,4931.0303
16113,4930.725
16114,4931.0303
16115,4931.0303
16116,4931.3354
16117,4930.725
16118,4931.6406
16119,4931.0303
16120,4931.6406
16121,4931.0303
16122,4930.725
16123,4931.3354
16124,4931.6406
16125,4930.725
16126,4931.6406
16127,4931.946
16128,4930.725
16129,4930.42
16130,4931.0303
16131,4930.725
16132,4930.725
16133,4932.251
16134,4931.0303
16135,4931.6406
16136,4931.3354
16137,4931.3354
16138,4930.42
16139,4931.3354
16140,4931.3354
16141,4931.946
16142,4931.0303
16143,4931.0303
16144,4930.42
16145,4930.725
16146,4930.42
16147,4931.3354
16148,4931.0303
16149,4931.0303
16150,4930.725
16151,4931.3354
16152,4931.946
16153,4931.6406
16154,4930.725
16155,4930.725
16156,4931.0303
16157,4931.6406
16158,4931.3354
16159,4931.3354
16160,4931.0303
16161,4931.6406
16162,4931.3354
16163,4930.725
16164,4930.42
16165,4931.6406
16166,4931.0303
16167,4930.42
16168,4931.0303
16169,4930.42
16170,4931.3354
16171,4930.42
16172,4931.0303
16173,4930.725
16174,4931.0303
16175,4930.725
16176,4930.725
16177,4931.6406
16178,4931.0303
16179,4931.946
16180,4931.3354
16181,4931.0303
16182,4930.1147
16183,4930.1147
16184,4931.6406
16185,4930.42
16186,4931.946
16187,4931.3354
16188,4931.3354
16189,4931.3354
16190,4930.42
16191,4931.3354
16192,4931.3354
16193,4930.725
16194,4930.42
16195,4931.0303
16196,4931.0303
16197,4931.3354
16198,4932.251
16199,4930.1147
16200,4931.0303
16201,4930.725
16202,4931.3354
16203,4932.8613
16204,4930.725
16205,4931.6406
16206,4930.725
16207,4931.946
16208,4931.3354
16209,4930.1147
16210,4930.42
16211,4931.0303
16212,4931.0303
16213,4930.725
16214,4931.3354
16215,4930.1147
16216,4931.0303
16217,4930.725
16218,4930.725
16219,4931.0303
16220,4931.0303
16221,4930.725
16222,4931.0303
16223,4931.3354
16224,4931.946
16225,4930.725
16226,4931.3354
16227,4931.3354
16228,4931.0303
16229,4931.3354
16230,4931.946
16231,4931.3354
16232,4931.0303
16233,4931.3354
16234,4930.725
16235,4932.251
16236,4930.42
16237,4930.42
16238,4931.3354
16239,4931.0303
16240,4931.6406
16241,4930.725
16242,4932.251
16243,4931.0303
16244,4932.251
16245,4930.1147
16246,4930.42
16247,4931.946
16248,4931.946
16249,4930.725
16250,4930.725
16251,4930.725
16252,4929.8096
16253,4930.725
16254,4931.0303
16255,4931.0303
16256,4930.42
16257,4930.725
16258,4930.42
16259,4931.0303
16260,4930.42
16261,4931.3354
16262,4931.946
16263,4931.3354
16264,4931.946
16265,4931.3354
16266,4931.3354
16267,4931.3354
16268,4931.0303
16269,4929.8096
16270,4931.0303
16271,4931.0303
16272,4929.8096
16273,4932.251
16274,4930.42
16275,4931.3354
16276,4931.3354
16277,4931.0303
16278,4931.6406
16279,4930.725
16280,4931.3354
16281,4931.0303
16282,4930.42
16283,4930.725
16284,4931.3354
16285,4931.3354
16286,4930.725
16287,4932.251
16288,4930.725
16289,4931.6406
16290,4931.0303
16291,4930.42
16292,4929.8096
16293,4931.0303
16294,4931.0303
16295,4931.0303
16296,4931.0303
16297,4931.0303
16298,4931.0303
16299,4930.725
16300,4930.725
16301,4930.725
16302,4930.725
16303,4931.3354
16304,4931.6406
16305,4931.3354
16306,4930.725
16307,4930.725
16308,4931.0303
16309,4931.0303
16310,4931.6406
16311,4931.6406
16312,4931.3354
16313,4930.1147
16314,4931.6406
16315,4930.42
16316,4931.0303
16317,4931.3354
16318,4930.42
16319,4929.8096
16320,4930.42
16321,4930.725
16322,4931.3354
16323,4930.725
16324,4931.0303
16325,4931.0303
16326,4931.6406
16327,4931.0303
16328,4930.725
16329,4931.3354
16330,4930.725
16331,4929.199
16332,4930.725
16333,4931.3354
16334,4931.6406
16335,4930.725
16336,4931.0303
16337,4931.0303
16338,4929.8096
16339,4931.3354
16340,4930.725
16341,4930.42
16342,4930.725
16343,4931.946
16344,4931.0303
16345,4931.0303
16346,4930.725
16347,4931.3354
16348,4931.3354
16349,4931.946
16350,4931.0303
16351,4931.0303
16352,4931.0303
16353,4931.6406
16354,4931.6406
16355,4933.777
16356,4930.42
16357,4931.946
16358,4932.251
16359,4931.3354
16360,4931.946
16361,4932.251
16362,4931.6406
16363,4931.6406
16364,4930.42
16365,4931.3354
16366,4931.3354
16367,4931.0303
16368,4930.725
16369,4930.42
16370,4931.3354
16371,4931.3354
16372,4930.725
16373,4931.0303
16374,4931.0303
16375,4931.0303
16376,4930.1147
16377,4931.3354
16378,4931.0303
16379,4930.725
16380,4931.946
16381,4931.6406
16382,4930.42
16383,4931.3354
16384,4930.725
16385,4931.946
16386,4931.6406
16387,4931.6406
16388,4931.6406
16389,4931.0303
16390,4931.946
16391,4930.725
16392,4931.3354
16393,4930.725
16394,4930.42
16395,4931.3354
16396,4932.556
16397,4931.946
16398,4931.3354
16399,4930.42
16400,4931.3354
16401,4931.0303
16402,4931.3354
16403,4931.6406
16404,4930.1147
16405,4930.42
16406,4931.0303
16407,4931.946
16408,4930.42
16409,4930.725
16410,4931.3354
16411,4931.946
16412,4931.0303
16413,4931.946
16414,4930.725
16415,4930.725
16416,4931.0303
16417,4931.3354
16418,4931.6406
16419,4930.1147
16420,4931.0303
16421,4931.0303
16422,4931.3354
16423,4931.3354
16424,4931.6406
16425,4931.6406
16426,4930.725
16427,4930.725
16428,4931.0303
16429,4930.725
16430,4930.725
16431,4931.3354
16432,4931.3354
16433,4931.3354
16434,4931.6406
16435,4931.6406
16436,4931.0303
16437,4931.3354
16438,4931.0303
16439,4931.0303
16440,4931.946
16441,4930.42
16442,4931.6406
16443,4931.3354
16444,4931.0303
16445,4931.3354
16446,4929.8096
16447,4931.0303
16448,4930.725
16449,4931.3354
16450,4932.251
16451,4931.3354
16452,4931.6406
16453,4931.3354
16454,4931.6406
16455,4929.5044
16456,4930.725
16457,4931.6406
16458,4931.0303
16459,4930.725
16460,4931.0303
16461,4931.6406
16462,4932.251
16463,4930.1147
16464,4931.3354
16465,4931.0303
16466,4930.725
16467,4931.3354
16468,4931.946
16469,4930.42
16470,4930.725
16471,4931.6406
16472,4931.3354
16473,4931.6406
16474,4930.725
16475,4930.725
16476,4931.0303
16477,4930.42
16478,4931.6406
16479,4931.3354
16480,4929.8096
16481,4931.3354
16482,4931.3354
16483,4931.0303
16484,4931.3354
16485,4931.0303
16486,4930.42
16487,4931.3354
16488,4930.42
16489,4931.0303
16490,4931.6406
16491,4930.725
16492,4931.0303
16493,4931.3354
16494,4930.725
16495,4931.3354
16496,4931.946
16497,4931.6406
16498,4931.3354
16499,4931.3354
16500,4931.0303
16501,4931.3354
16502,4931.3354
16503,4931.6406
16504,4930.42
16505,4930.42
16506,4931.6406
16507,4930.725
16508,4931.946
16509,4931.6406
16510,4931.3354
16511,4931.6406
16512,4930.725
16513,4931.0303
16514,4930.725
16515,4931.0303
16516,4931.3354
16517,4931.6406
16518,4930.725
16519,4930.42
16520,4932.251
16521,4931.0303
16522,4931.0303
16523,4931.0303
16524,4931.3354
16525,4931.3354
16526,4931.3354
16527,4931.0303
16528,4931.0303
16529,4930.725
16530,4931.3354
16531,4931.946
16532,4930.42
16533,4929.8096
16534,4931.3354
16535,4931.3354
16536,4931.0303
16537,4930.42
16538,4930.725
16539,4931.6406
16540,4931.0303
16541,4931.3354
16542,4931.3354
16543,4930.42
16544,4931.0303
16545,4931.0303
16546,4930.42
16547,4930.42
16548,4931.3354
16549,4931.3354
16550,4931.6406
16551,4930.725
16552,4931.3354
16553,4931.6406
16554,4931.3354
16555,4930.1147
16556,4931.0303
16557,4931.3354
16558,4930.725
16559,4931.0303
16560,4931.6406
16561,4931.3354
16562,4929.8096
16563,4930.725
16564,4931.3354
16565,4931.6406
16566,4930.725
16567,4931.3354
16568,4930.42
16569,4930.1147
16570,4931.0303
16571,4931.3354
16572,4931.0303
16573,4930.725
16574,4931.0303
16575,4931.0303
16576,4931.0303
16577,4931.0303
16578,4931.0303
16579,4931.0303
16580,4931.3354
16581,4931.6406
16582,4930.725
16583,4930.42
16584,4931.946
16585,4931.0303
16586,4930.42
16587,4931.6406
16588,4931.0303
16589,4931.0303
16590,4931.6406
16591,4931.0303
16592,4931.0303
16593,4931.3354
16594,4930.42
16595,4931.3354
16596,4931.0303
16597,4931.0303
16598,4931.946
16599,4931.6406
16600,4931.0303
16601,4930.725
16602,4931.6406
16603,4930.42
16604,4931.0303
16605,4931.6406
16606,4931.946
16607,4931.0303
16608,4931.0303
16609,4931.3354
16610,4931.6406
16611,4931.0303
16612,4930.42
16613,4931.0303
16614,4932.251
16615,4931.0303
16616,4931.3354
16617,4931.6406
16618,4931.0303
16619,4930.42
16620,4931.0303
16621,4931.3354
16622,4930.42
16623,4930.1147
16624,4931.0303
16625,4931.3354
16626,4931.0303
16627,4932.8613
16628,4930.42
16629,4931.0303
16630,4931.946
16631,4931.3354
16632,4930.1147
16633,4931.0303
16634,4931.0303
16635,4931.0303
16636,4931.3354
16637,4930.725
16638,4930.42
16639,4930.725
16640,4931.6406
16641,4931.6406
16642,4931.3354
16643,4930.725
16644,4930.725
16645,4931.3354
16646,4931.0303
16647,4931.0303
16648,4931.946
16649,4931.946
16650,4930.725
16651,4931.0303
16652,4930.725
16653,4931.0303
16654,4931.0303
16655,4931.3354
16656,4930.725
16657,4931.0303
16658,4931.6406
16659,4930.725
16660,4931.0303
16661,4930.42
16662,4931.946
16663,4931.6406
16664,4931.3354
16665,4931.3354
16666,4931.6406
16667,4930.725
16668,4930.725
16669,4930.42
16670,4931.0303
16671,4931.6406
16672,4931.946
16673,4931.6406
16674,4931.3354
16675,4931.3354
16676,4931.0303
16677,4931.6406
16678,4931.3354
16679,4930.725
16680,4931.6406
16681,4931.0303
16682,4930.725
16683,4931.0303
16684,4931.0303
16685,4931.3354
16686,4931.6406
16687,4930.42
16688,4930.1147
16689,4930.42
16690,4931.0303
16691,4931.3354
16692,4930.725
16693,4930.725
16694,4930.725
16695,4931.3354
16696,4931.0303
16697,4932.8613
16698,4931.0303
16699,4931.6406
16700,4931.0303
16701,4931.3354
16702,4930.725
16703,4931.3354
16704,4930.725
16705,4932.251
16706,4930.42
16707,4931.0303
16708,4931.3354
16709,4931.3354
16710,4930.42
16711,4930.725
16712,4931.946
16713,4931.3354
16714,4931.0303
16715,4930.42
16716,4931.0303
16717,4931.6406
16718,4931.3354
16719,4931.0303
16720,4931.6406
16721,4931.0303
16722,4931.0303
16723,4931.3354
16724,4931.3354
16725,4931.0303
16726,4930.725
16727,4931.946
16728,4930.725
16729,4931.0303
16730,4931.0303
16731,4930.725
16732,4930.1147
16733,4931.6406
16734,4931.6406
16735,4931.3354
16736,4931.6406
16737,4931.0303
16738,4929.8096
16739,4930.42
16740,4931.3354
16741,4930.725
16742,4930.42
16743,4930.725
16744,4930.725
16745,4931.3354
16746,4930.725
16747,4931.3354
16748,4931.3354
16749,4931.0303
16750,4931.3354
16751,4931.0303
16752,4931.3354
16753,4932.556
16754,4931.946
16755,4930.725
16756,4930.725
16757,4931.0303
16758,4931.3354
16759,4931.3354
16760,4931.0303
16761,4931.946
16762,4930.725
16763,4930.42
16764,4931.0303
16765,4931.3354
16766,4931.3354
16767,4931.946
16768,4931.3354
16769,4931.3354
16770,4931.0303
16771,4931.3354
16772,4931.6406
16773,4930.42
16774,4931.0303
16775,4931.6406
16776,4931.0303
16777,4931.3354
16778,4930.725
16779,4931.0303
16780,4931.3354
16781,4930.725
16782,4930.42
16783,4931.3354
16784,4930.1147
16785,4931.0303
16786,4930.42
16787,4931.6406
16788,4930.42
16789,4931.0303
16790,4931.3354
16791,4931.0303
16792,4930.42
16793,4931.0303
16794,4931.3354
16795,4930.725
16796,4931.0303
16797,4931.6406
16798,4930.725
16799,4930.42
16800,4931.3354
16801,4931.0303
16802,4931.3354
16803,4931.6406
16804,4931.0303
16805,4931.3354
16806,4931.0303
16807,4931.3354
16808,4930.725
16809,4931.946
16810,4931.0303
16811,4931.3354
16812,4931.946
16813,4931.0303
16814,4930.725
16815,4931.3354
16816,4931.6406
16817,4930.42
16818,4930.725
16819,4931.0303
16820,4930.1147
16821,4930.725
16822,4931.6406
16823,4931.0303
16824,4931.3354
16825,4931.3354
16826,4930.725
16827,4930.42
16828,4931.6406
16829,4931.3354
16830,4931.3354
16831,4931.946
16832,4930.42
16833,4931.3354
16834,4930.1147
16835,4932.556
16836,4931.3354
16837,4932.251
16838,4930.725
16839,4931.6406
16840,4931.6406
16841,4931.0303
16842,4931.0303
16843,4930.725
16844,4931.3354
16845,4930.725
16846,4930.725
16847,4931.0303
16848,4931.3354
16849,4931.6406
16850,4930.42
16851,4930.725
16852,4930.725
16853,4931.3354
16854,4931.3354
16855,4931.3354
16856,4930.725
16857,4930.42
16858,4930.42
16859,4930.42
16860,4931.0303
16861,4931.3354
16862,4931.0303
16863,4931.0303
16864,4931.0303
16865,4931.3354
16866,4930.42
16867,4931.3354
16868,4931.0303
16869,4932.251
16870,4929.5044
16871,4931.0303
16872,4931.6406
16873,4930.725
16874,4932.8613
16875,4931.0303
16876,4930.42
16877,4931.6406
16878,4931.3354
16879,4931.946
16880,4931.3354
16881,4931.3354
16882,4931.3354
16883,4931.0303
16884,4931.0303
16885,4931.0303
16886,4931.0303
16887,4931.0303
16888,4930.42
16889,4931.6406
16890,4931.946
16891,4931.0303
16892,4931.6406
16893,4931.3354
16894,4931.946
16895,4931.0303
16896,4930.725
16897,4931.0303
16898,4931.3354
16899,4930.725
16900,4931.3354
16901,4930.42
16902,4930.725
16903,4930.725
16904,4930.725
16905,4931.3354
16906,4931.3354
16907,4931.3354
16908,4931.3354
16909,4930.42
16910,4931.6406
16911,4930.42
16912,4931.6406
16913,4931.0303
16914,4931.946
16915,4931.6406
16916,4931.0303
16917,4931.0303
16918,4931.6406
16919,4931.3354
16920,4930.1147
16921,4931.6406
16922,4930.725
16923,4930.725
16924,4931.3354
16925,4931.3354
16926,4930.42
16927,4931.6406
16928,4931.0303
16929,4931.0303
16930,4930.725
16931,4932.251
16932,4931.0303
16933,4931.0303
16934,4930.725
16935,4931.6406
16936,4931.0303
16937,4931.0303
16938,4931.0303
16939,4931.0303
16940,4930.725
16941,4931.0303
16942,4931.3354
16943,4931.0303
16944,4932.8613
16945,4930.725
16946,4931.0303
16947,4931.3354
16948,4931.0303
16949,4931.3354
16950,4931.0303
16951,4931.0303
16952,4931.0303
16953,4931.6406
16954,4931.3354
16955,4930.42
16956,4931.3354
16957,4930.725
16958,4931.3354
16959,4931.3354
16960,4931.3354
16961,4930.1147
16962,4930.725
16963,4931.3354
16964,4931.0303
16965,4931.0303
16966,4931.6406
16967,4931.3354
16968,4931.0303
16969,4930.42
16970,4930.725
16971,4931.6406
16972,4931.6406
16973,4931.0303
16974,4930.42
16975,4930.725
16976,4931.0303
16977,4930.725
16978,4932.556
16979,4930.42
16980,4931.0303
16981,4931.3354
16982,4931.0303
16983,4931.0303
16984,4930.42
16985,4931.3354
16986,4930.42
16987,4931.0303
16988,4931.0303
16989,4931.0303
16990,4930.725
16991,4931.3354
16992,4930.725
16993,4931.3354
16994,4930.42
16995,4930.1147
16996,4931.0303
16997,4931.0303
16998,4931.0303
16999,4931.0303
17000,4930.42
17001,4931.0303
17002,4931.6406
17003,4931.3354
17004,4932.251
17005,4930.725
17006,4931.3354
17007,4931.0303
17008,4931.3354
17009,4931.0303
17010,4930.725
17011,4930.42
17012,4930.42
17013,4931.3354
17014,4931.3354
17015,4930.42
17016,4930.725
17017,4931.3354
17018,4931.3354
17019,4930.725
17020,4931.0303
17021,4931.0303
17022,4931.6406
17023,4931.0303
17024,4931.6406
17025,4931.0303
17026,4931.3354
17027,4932.251
17028,4931.3354
17029,4930.42
17030,4931.0303
17031,4931.6406
17032,4931.0303
17033,4931.3354
17034,4931.3354
17035,4931.3354
17036,4931.6406
17037,4931.0303
17038,4932.251
17039,4930.725
17040,4931.0303
17041,4931.6406
17042,4930.1147
17043,4931.0303
17044,4931.6406
17045,4931.946
17046,4931.3354
17047,4930.725
17048,4931.0303
17049,4931.946
17050,4931.0303
17051,4930.725
17052,4931.946
17053,4931.3354
17054,4930.725
17055,4931.3354
17056,4930.42
17057,4931.3354
17058,4931.6406
17059,4931.3354
17060,4930.725
17061,4930.42
17062,4930.42
17063,4931.0303
17064,4931.0303
17065,4930.42
17066,4931.3354
17067,4931.6406
17068,4930.42
17069,4931.6406
17070,4930.725
17071,4931.3354
17072,4931.0303
17073,4931.3354
17074,4931.3354
17075,4931.3354
17076,4930.1147
17077,4931.6406
17078,4931.0303
17079,4930.42
17080,4929.8096
17081,4931.3354
17082,4931.0303
17083,4931.0303
17084,4931.946
17085,4931.0303
17086,4931.0303
17087,4931.3354
17088,4930.725
17089,4931.3354
17090,4930.725
17091,4931.3354
17092,4931.0303
17093,4931.3354
17094,4930.725
17095,4931.3354
17096,4931.3354
17097,4930.42
17098,4931.6406
17099,4930.725
17100,4931.6406
17101,4930.42
17102,4931.0303
17103,4931.6406
17104,4931.6406
17105,4931.3354
17106,4930.725
17107,4930.1147
17108,4931.6406
17109,4931.3354
17110,4930.725
17111,4930.1147
17112,4930.725
17113,4930.42
17114,4930.725
17115,4931.0303
17116,4931.0303
17117,4930.1147
17118,4931.3354
17119,4931.6406
17120,4931.0303
17121,4932.251
17122,4930.42
17123,4931.3354
17124,4931.3354
17125,4931.6406
17126,4931.3354
17127,4931.6406
17128,4931.6406
17129,4931.3354
17130,4931.3354
17131,4931.0303
17132,4930.42
17133,4931.0303
17134,4931.6406
17135,4931.3354
17136,4931.6406
17137,4932.251
17138,4930.42
17139,4930.725
17140,4931.3354
17141,4931.6406
17142,4931.3354
17143,4931.0303
17144,4931.0303
17145,4931.3354
17146,4930.725
17147,4931.0303
17148,4930.725
17149,4931.946
17150,4929.8096
17151,4930.1147
17152,4931.3354
17153,4930.42
17154,4931.0303
17155,4931.0303
17156,4931.6406
17157,4931.0303
17158,4930.725
17159,4931.3354
17160,4931.0303
17161,4931.0303
17162,4931.946
17163,4931.0303
17164,4931.0303
17165,4931.6406
17166,4931.0303
17167,4931.0303
17168,4930.725
17169,4931.6406
17170,4931.0303
17171,4931.0303
17172,4930.725
17173,4931.0303
17174,4930.725
17175,4931.3354
17176,4930.725
17177,4931.0303
17178,4931.3354
17179,4930.1147
17180,4931.6406
17181,4931.6406
17182,4931.6406
17183,4931.3354
17184,4931.6406
17185,4931.6406
17186,4931.3354
17187,4931.0303
17188,4931.0303
17189,4931.946
17190,4930.1147
17191,4932.251
17192,4930.42
17193,4931.0303
17194,4931.0303
17195,4930.725
17196,4930.1147
17197,4930.725
17198,4931.3354
17199,4931.0303
17200,4931.3354
17201,4931.3354
17202,4931.946
17203,4932.556
17204,4931.6406
17205,4931.0303
17206,4931.0303
17207,4931.3354
17208,4931.3354
17209,4930.42
17210,4931.946
17211,4931.6406
17212,4930.725
17213,4930.42
17214,4931.0303
17215,4931.6406
17216,4931.0303
17217,4931.0303
17218,4931.0303
17219,4931.0303
17220,4929.8096
17221,4931.3354
17222,4931.6406
17223,4931.0303
17224,4930.725
17225,4931.0303
17226,4930.725
17227,4931.6406
17228,4931.6406
17229,4931.0303
17230,4930.1147
17231,4931.3354
17232,4930.725
17233,4931.946
17234,4931.946
17235,4931.3354
17236,4931.6406
17237,4931.6406
17238,4931.0303
17239,4931.3354
17240,4931.3354
17241,4931.6406
17242,4930.42
17243,4930.725
17244,4931.0303
17245,4930.1147
17246,4931.946
17247,4931.0303
17248,4932.251
17249,4931.0303
17250,4931.6406
17251,4931.0303
17252,4930.725
17253,4931.3354
17254,4931.6406
17255,4931.946
17256,4931.6406
17257,4929.199
17258,4931.946
17259,4931.0303
17260,4930.42
17261,4931.946
17262,4931.0303
17263,4930.725
17264,4931.946
17265,4931.946
17266,4930.42
17267,4931.6406
17268,4930.725
17269,4931.6406
17270,4930.725
17271,4931.0303
17272,4931.0303
17273,4931.6406
17274,4931.0303
17275,4931.3354
17276,4931.0303
17277,4931.0303
17278,4931.0303
17279,4930.725
17280,4931.0303
17281,4931.3354
17282,4930.725
17283,4930.725
17284,4930.725
17285,4931.3354
17286,4931.0303
17287,4931.6406
17288,4931.0303
17289,4931.0303
17290,4931.0303
17291,4930.725
17292,4931.3354
17293,4931.6406
17294,4930.725
17295,4930.725
17296,4930.42
17297,4931.6406
17298,4931.0303
17299,4931.0303
17300,4931.6406
17301,4930.725
17302,4931.0303
17303,4931.3354
17304,4931.6406
17305,4931.3354
17306,4930.725
17307,4931.0303
17308,4931.946
17309,4931.6406
17310,4931.0303
17311,4930.42
17312,4930.42
17313,4930.725
17314,4931.3354
17315,4930.725
17316,4930.725
17317,4930.42
17318,4931.3354
17319,4930.42
17320,4930.725
17321,4929.8096
17322,4931.0303
17323,4931.0303
17324,4930.42
17325,4931.6406
17326,4931.3354
17327,4930.42
17328,4930.42
17329,4931.3354
17330,4931.0303
17331,4931.946
17332,4930.1147
17333,4931.0303
17334,4931.946
17335,4931.3354
17336,4932.251
17337,4931.3354
17338,4930.725
17339,4931.0303
17340,4931.3354
17341,4931.0303
17342,4930.1147
17343,4930.725
17344,4931.0303
17345,4931.0303
17346,4931.3354
17347,4931.3354
17348,4931.0303
17349,4931.0303
17350,4931.0303
17351,4930.725
17352,4930.725
17353,4931.0303
17354,4931.3354
17355,4931.3354
17356,4931.0303
17357,4929.8096
17358,4930.42
17359,4931.3354
17360,4931.0303
17361,4931.0303
17362,4931.946
17363,4930.42
17364,4930.42
17365,4931.3354
17366,4930.42
17367,4931.0303
17368,4932.556
17369,4930.725
17370,4930.725
17371,4930.725
17372,4931.3354
17373,4931.3354
17374,4931.6406
17375,4931.3354
17376,4931.3354
17377,4931.0303
17378,4931.6406
17379,4931.0303
17380,4931.0303
17381,4931.3354
17382,4932.556
17383,4931.3354
17384,4931.3354
17385,4930.42
17386,4931.946
17387,4931.6406
17388,4931.0303
17389,4931.0303
17390,4931.6406
17391,4931.3354
17392,4931.946
17393,4931.0303
17394,4931.0303
17395,4930.1147
17396,4931.3354
17397,4930.42
17398,4930.42
17399,4931.6406
17400,4931.946
17401,4931.3354
17402,4931.3354
17403,4931.6406
17404,4931.0303
17405,4931.946
17406,4931.6406
17407,4930.1147
17408,4931.0303
17409,4931.0303
17410,4931.3354
17411,4931.3354
17412,4931.0303
17413,4930.725
17414,4931.3354
17415,4930.42
17416,4931.6406
17417,4931.3354
17418,4931.6406
17419,4931.0303
17420,4931.0303
17421,4931.3354
17422,4931.0303
17423,4931.3354
17424,4931.6406
17425,4931.3354
17426,4931.0303
17427,4931.3354
17428,4930.42
17429,4931.0303
17430,4930.1147
17431,4931.0303
17432,4931.0303
17433,4931.0303
17434,4930.42
17435,4931.3354
17436,4931.3354
17437,4931.6406
17438,4932.556
17439,4931.3354
17440,4931.6406
17441,4931.0303
17442,4931.946
17443,4931.0303
17444,4930.725
17445,4931.946
17446,4931.3354
17447,4931.0303
17448,4931.3354
17449,4931.946
17450,4931.0303
17451,4930.725
17452,4929.8096
17453,4931.6406
17454,4931.3354
17455,4931.0303
17456,4931.6406
17457,4931.0303
17458,4930.725
17459,4931.6406
17460,4931.3354
17461,4931.6406
17462,4930.42
17463,4930.42
17464,4931.3354
17465,4931.0303
17466,4931.0303
17467,4931.3354
17468,4931.0303
17469,4930.725
17470,4931.3354
17471,4930.725
17472,4931.3354
17473,4930.725
17474,4931.0303
17475,4931.6406
17476,4930.725
17477,4930.725
17478,4931.6406
17479,4931.0303
17480,4930.42
17481,4931.3354
17482,4930.725
17483,4930.725
17484,4931.0303
17485,4931.6406
17486,4931.0303
17487,4931.3354
17488,4931.0303
17489,4930.42
17490,4931.3354
17491,4931.3354
17492,4931.3354
17493,4931.0303
17494,4931.0303
17495,4930.1147
17496,4930.725
17497,4930.42
17498,4931.946
17499,4931.3354
17500,4930.1147
17501,4930.1147
17502,4931.0303
17503,4931.3354
17504,4930.42
17505,4931.946
17506,4931.3354
17507,4931.3354
17508,4931.3354
17509,4931.6406
17510,4931.6406
17511,4931.0303
17512,4931.6406
17513,4930.725
17514,4931.3354
17515,4930.1147
17516,4931.6406
17517,4930.42
17518,4930.42
17519,4931.0303
17520,4931.6406
17521,4931.0303
17522,4930.42
17523,4931.946
17524,4931.0303
17525,4931.3354
17526,4930.1147
17527,4931.3354
17528,4931.6406
17529,4931.3354
17530,4931.6406
17531,4931.0303
17532,4930.725
17533,4929.8096
17534,4931.0303
17535,4931.0303
17536,4931.3354
17537,4930.42
17538,4931.0303
17539,4931.3354
17540,4931.946
17541,4931.0303
17542,4931.3354
17543,4930.725
17544,4931.3354
17545,4930.725
17546,4930.42
17547,4931.6406
17548,4930.725
17549,4930.725
17550,4931.0303
17551,4930.42
17552,4931.946
17553,4930.725
17554,4931.6406
17555,4931.3354
17556,4931.3354
17557,4931.6406
17558,4930.725
17559,4930.725
17560,4931.3354
17561,4930.725
17562,4930.42
17563,4930.42
17564,4930.42
17565,4931.3354
17566,4931.0303
17567,4930.42
17568,4930.725
17569,4931.3354
17570,4931.0303
17571,4930.725
17572,4931.946
17573,4931.3354
17574,4931.6406
17575,4931.0303
17576,4931.0303
17577,4930.725
17578,4931.946
17579,4931.6406
17580,4931.3354
17581,4930.725
17582,4930.42
17583,4931.3354
17584,4932.556
17585,4931.0303
17586,4930.42
17587,4930.725
17588,4930.725
17589,4931.3354
17590,4931.6406
17591,4931.3354
17592,4931.0303
17593,4931.3354
17594,4931.6406
17595,4930.42
17596,4931.3354
17597,4930.42
17598,4930.725
17599,4930.42
17600,4931.3354
17601,4931.0303
17602,4931.0303
17603,4930.725
17604,4931.3354
17605,4931.0303
17606,4930.725
17607,4930.1147
17608,4931.0303
17609,4931.6406
17610,4931.0303
17611,4929.5044
17612,4930.1147
17613,4931.3354
17614,4931.3354
17615,4932.8613
17616,4931.3354
17617,4931.3354
17618,4931.3354
17619,4931.6406
17620,4930.42
17621,4931.3354
17622,4931.0303
17623,4931.6406
17624,4931.3354
17625,4931.0303
17626,4931.6406
17627,4932.556
17628,4931.0303
17629,4930.725
17630,4931.0303
17631,4931.6406
17632,4930.725
17633,4931.6406
17634,4931.0303
17635,4931.0303
17636,4930.725
17637,4931.3354
17638,4930.725
17639,4931.0303
17640,4930.725
17641,4931.0303
17642,4931.0303
17643,4931.0303
17644,4931.3354
17645,4930.1147
17646,4931.0303
17647,4931.3354
17648,4931.0303
17649,4931.0303
17650,4931.6406
17651,4931.946
17652,4931.6406
17653,4930.42
17654,4931.0303
17655,4931.3354
17656,4931.3354
17657,4930.725
17658,4930.42
17659,4931.6406
17660,4931.3354
17661,4931.0303
17662,4931.0303
17663,4930.725
17664,4931.0303
17665,4931.0303
17666,4931.6406
17667,4931.3354
17668,4931.6406
17669,4931.6406
17670,4931.0303
17671,4930.42
17672,4931.0303
17673,4931.6406
17674,4931.0303
17675,4931.946
17676,4931.3354
17677,4931.3354
17678,4931.3354
17679,4931.0303
17680,4931.946
17681,4929.8096
17682,4930.725
17683,4930.725
17684,4931.3354
17685,4931.946
17686,4930.725
17687,4931.3354
17688,4930.42
17689,4930.1147
17690,4931.946
17691,4930.725
17692,4930.725
17693,4931.3354
17694,4931.0303
17695,4930.42
17696,4930.725
17697,4931.0303
17698,4930.1147
17699,4930.42
17700,4931.6406
17701,4931.3354
17702,4931.3354
17703,4929.199
17704,4930.725
17705,4931.6406
17706,4931.0303
17707,4931.0303
17708,4931.0303
17709,4931.3354
17710,4930.725
17711,4931.946
17712,4931.6406
17713,4930.725
17714,4931.3354
17715,4931.3354
17716,4930.725
17717,4930.725
17718,4930.725
17719,4932.251
17720,4931.0303
17721,4931.3354
17722,4930.725
17723,4931.6406
17724,4931.3354
17725,4930.725
17726,4931.0303
17727,4930.42
17728,4931.946
17729,4931.0303
17730,4931.946
17731,4930.725
17732,4930.42
17733,4931.6406
17734,4931.6406
17735,4931.0303
17736,4931.0303
17737,4931.0303
17738,4931.0303
17739,4930.725
17740,4931.0303
17741,4931.0303
17742,4931.6406
17743,4930.725
17744,4930.725
17745,4930.725
17746,4932.251
17747,4931.0303
17748,4930.725
17749,4931.0303
17750,4931.0303
17751,4930.42
17752,4931.0303
17753,4930.725
17754,4931.3354
17755,4931.946
17756,4931.3354
17757,4930.725
17758,4931.3354
17759,4931.3354
17760,4931.0303
17761,4931.6406
17762,4931.3354
17763,4930.42
17764,4931.0303
17765,4931.3354
17766,4931.0303
17767,4930.725
17768,4931.0303
17769,4931.3354
17770,4931.0303
17771,4931.3354
17772,4931.0303
17773,4931.3354
17774,4931.0303
17775,4931.6406
17776,4931.0303
17777,4930.725
17778,4931.0303
17779,4931.0303
17780,4931.3354
17781,4930.1147
17782,4931.0303
17783,4931.6406
17784,4931.3354
17785,4931.3354
17786,4931.3354
17787,4931.3354
17788,4930.725
17789,4931.3354
17790,4930.42
17791,4931.0303
17792,4930.725
17793,4931.0303
17794,4931.0303
17795,4931.0303
17796,4931.0303
17797,4931.3354
17798,4931.6406
17799,4930.725
17800,4931.3354
17801,4931.0303
17802,4931.0303
17803,4930.1147
17804,4931.3354
17805,4931.6406
17806,4931.6406
17807,4930.42
17808,4931.0303
17809,4931.3354
17810,4930.725
17811,4931.6406
17812,4931.946
17813,4931.0303
17814,4931.0303
17815,4930.725
17816,4931.3354
17817,4930.725
17818,4930.725
17819,4931.0303
17820,4931.6406
17821,4931.6406
17822,4930.725
17823,4931.6406
17824,4931.6406
17825,4931.3354
17826,4931.3354
17827,4931.3354
17828,4931.6406
17829,4931.0303
17830,4931.0303
17831,4931.0303
17832,4931.3354
17833,4931.946
17834,4931.0303
17835,4931.946
17836,4930.725
17837,4931.3354
17838,4931.6406
17839,4931.0303
17840,4931.0303
17841,4931.6406
17842,4931.3354
17843,4931.3354
17844,4930.725
17845,4931.6406
17846,4929.5044
17847,4931.0303
17848,4931.0303
17849,4930.725
17850,4931.0303
17851,4931.0303
17852,4931.3354
17853,4930.725
17854,4931.3354
17855,4931.6406
17856,4930.42
17857,4930.42
17858,4930.42
17859,4931.3354
17860,4931.0303
17861,4931.6406
17862,4932.556
17863,4930.42
17864,4931.3354
17865,4931.946
17866,4929.8096
17867,4931.0303
17868,4931.946
17869,4931.6406
17870,4931.0303
17871,4931.6406
17872,4931.3354
17873,4931.946
17874,4931.3354
17875,4930.725
17876,4931.0303
17877,4931.3354
17878,4931.946
17879,4932.251
17880,4930.725
17881,4931.0303
17882,4929.199
17883,4931.3354
17884,4931.6406
17885,4931.3354
17886,4931.0303
17887,4931.6406
17888,4931.3354
17889,4931.3354
17890,4930.1147
17891,4931.0303
17892,4931.0303
17893,4931.0303
17894,4930.725
17895,4931.3354
17896,4931.946
17897,4931.946
17898,4931.0303
17899,4931.3354
17900,4931.0303
17901,4931.0303
17902,4930.725
17903,4931.0303
17904,4931.0303
17905,4931.946
17906,4931.3354
17907,4931.0303
17908,4931.0303
17909,4930.42
17910,4931.6406
17911,4932.251
17912,4931.3354
17913,4931.3354
17914,4931.3354
17915,4931.6406
17916,4930.1147
17917,4931.3354
17918,4931.6406
17919,4931.6406
17920,4930.725
17921,4932.251
17922,4931.3354
17923,4930.725
17924,4930.725
17925,4931.3354
17926,4930.42
17927,4931.0303
17928,4930.1147
17929,4931.946
17930,4931.0303
17931,4931.3354
17932,4932.556
17933,4931.3354
17934,4930.725
17935,4931.0303
17936,4930.725
17937,4930.725
17938,4930.42
17939,4931.0303
17940,4931.3354
17941,4931.0303
17942,4931.0303
17943,4931.3354
17944,4931.3354
17945,4931.0303
17946,4931.3354
17947,4931.3354
17948,4931.946
17949,4931.3354
17950,4931.3354
17951,4931.0303
17952,4931.6406
17953,4930.725
17954,4931.3354
17955,4931.0303
17956,4930.42
17957,4930.725
17958,4930.725
17959,4931.3354
17960,4931.946
17961,4930.42
17962,4930.1147
17963,4931.946
17964,4930.42
17965,4930.1147
17966,4931.3354
17967,4931.3354
17968,4929.199
17969,4931.3354
17970,4930.725
17971,4931.6406
17972,4931.0303
17973,4930.725
17974,4931.6406
17975,4931.3354
17976,4930.725
17977,4931.6406
17978,4931.0303
17979,4931.3354
17980,4929.8096
17981,4931.0303
17982,4931.3354
17983,4930.725
17984,4931.0303
17985,4931.3354
17986,4931.946
17987,4930.725
17988,4931.0303
17989,4931.0303
17990,4929.8096
17991,4931.946
17992,4931.3354
17993,4931.6406
17994,4931.3354
17995,4931.0303
17996,4931.0303
17997,4931.3354
17998,4931.3354
17999,4931.0303
18000,4931.6406
18001,4930.725
18002,4931.6406
18003,4930.725
18004,4930.42
18005,4931.0303
18006,4931.946
18007,4930.1147
18008,4930.42
18009,4931.0303
18010,4931.3354
18011,4931.0303
18012,4931.3354
18013,4930.725
18014,4930.725
18015,4931.0303
18016,4930.725
18017,4931.0303
18018,4931.0303
18019,4931.0303
18020,4931.0303
18021,4931.3354
18022,4931.3354
18023,4931.3354
18024,4931.6406
18025,4931.6406
18026,4930.725
18027,4930.725
18028,4931.0303
18029,4931.6406
18030,4931.6406
18031,4931.3354
18032,4931.0303
18033,4930.725
18034,4931.3354
18035,4931.3354
18036,4930.725
18037,4931.0303
18038,4931.0303
18039,4931.6406
18040,4932.251
18041,4930.725
18042,4931.946
18043,4931.3354
18044,4930.725
18045,4930.1147
18046,4931.6406
18047,4931.3354
18048,4931.946
18049,4931.3354
18050,4931.0303
18051,4931.3354
18052,4932.556
18053,4930.725
18054,4930.725
18055,4931.3354
18056,4931.3354
18057,4931.3354
18058,4930.725
18059,4930.725
18060,4931.0303
18061,4931.3354
18062,4931.3354
18063,4930.725
18064,4930.1147
18065,4930.725
18066,4931.0303
18067,4931.0303
18068,4931.3354
18069,4931.0303
18070,4931.6406
18071,4931.3354
18072,4931.3354
18073,4930.42
18074,4931.946
18075,4931.946
18076,4932.251
18077,4930.725
18078,4931.3354
18079,4932.251
18080,4931.0303
18081,4931.3354
18082,4930.725
18083,4931.946
18084,4931.0303
18085,4929.8096
18086,4931.3354
18087,4930.42
18088,4931.6406
18089,4930.725
18090,4931.0303
18091,4930.42
18092,4931.3354
18093,4931.0303
18094,4931.3354
18095,4932.251
18096,4931.3354
18097,4930.42
18098,4931.6406
18099,4931.3354
18100,4931.946
18101,4931.946
18102,4931.6406
18103,4931.6406
18104,4930.725
18105,4928.2837
18106,4930.42
18107,4930.42
18108,4931.3354
18109,4932.8613
18110,4931.3354
18111,4929.8096
18112,4930.42
18113,4931.6406
18114,4931.0303
18115,4931.946
18116,4931.946
18117,4931.0303
18118,4931.0303
18119,4931.0303
18120,4931.0303
18121,4930.725
18122,4930.725
18123,4931.3354
18124,4931.6406
18125,4931.6406
18126,4930.725
18127,4931.0303
18128,4931.0303
18129,4931.0303
18130,4931.3354
18131,4931.0303
18132,4930.42
18133,4931.6406
18134,4931.6406
18135,4931.0303
18136,4931.3354
18137,4931.0303
18138,4931.3354
18139,4931.6406
18140,4931.3354
18141,4931.0303
18142,4931.3354
18143,4931.6406
18144,4931.946
18145,4931.0303
18146,4930.42
18147,4931.3354
18148,4931.946
18149,4931.946
18150,4932.251
18151,4931.0303
18152,4931.0303
18153,4931.0303
18154,4931.6406
18155,4930.725
18156,4931.6406
18157,4931.0303
18158,4930.725
18159,4930.725
18160,4930.725
18161,4931.6406
18162,4931.6406
18163,4930.42
18164,4930.42
18165,4931.0303
18166,4932.251
18167,4931.6406
18168,4930.725
18169,4931.3354
18170,4931.3354
18171,4930.725
18172,4930.725
18173,4931.0303
18174,4931.0303
18175,4931.0303
18176,4932.251
18177,4931.3354
18178,4930.42
18179,4932.251
18180,4930.42
18181,4931.6406
18182,4930.725
18183,4931.3354
18184,4930.725
18185,4930.725
18186,4930.725
18187,4931.0303
18188,4931.3354
18189,4931.3354
18190,4931.0303
18191,4931.3354
18192,4931.3354
18193,4931.0303
18194,4931.0303
18195,4931.3354
18196,4931.946
18197,4931.6406
18198,4931.3354
18199,4931.3354
18200,4931.3354
18201,4931.0303
18202,4931.0303
18203,4931.6406
18204,4931.0303
18205,4931.0303
18206,4931.3354
18207,4931.946
18208,4931.6406
18209,4930.1147
18210,4928.589
18211,4931.3354
18212,4931.0303
18213,4930.725
18214,4931.0303
18215,4931.3354
18216,4931.0303
18217,4931.0303
18218,4930.725
18219,4930.42
18220,4930.725
18221,4931.3354
18222,4932.251
18223,4930.725
18224,4931.3354
18225,4932.251
18226,4931.6406
18227,4931.3354
18228,4931.6406
18229,4931.3354
18230,4932.8613
18231,4930.725
18232,4931.0303
18233,4931.3354
18234,4931.6406
18235,4931.3354
18236,4930.725
18237,4932.251
18238,4930.42
18239,4931.3354
18240,4931.6406
18241,4931.3354
18242,4931.6406
18243,4931.6406
18244,4931.0303
18245,4930.1147
18246,4931.3354
18247,4930.725
18248,4931.6406
18249,4931.0303
18250,4931.0303
18251,4931.3354
18252,4931.6406
18253,4930.725
18254,4931.6406
18255,4931.0303
18256,4931.3354
18257,4931.0303
18258,4931.3354
18259,4930.1147
18260,4931.0303
18261,4930.725
18262,4930.725
18263,4930.42
18264,4930.42
18265,4931.3354
18266,4931.946
18267,4930.42
18268,4931.3354
18269,4931.3354
18270,4930.725
18271,4931.3354
18272,4931.0303
18273,4930.42
18274,4931.0303
18275,4931.6406
18276,4930.42
18277,4931.0303
18278,4931.3354
18279,4931.946
18280,4931.6406
18281,4930.725
18282,4931.946
18283,4930.42
18284,4930.725
18285,4930.725
18286,4931.946
18287,4932.251
18288,4930.42
18289,4931.0303
18290,4931.3354
18291,4930.725
18292,4931.3354
18293,4931.6406
18294,4931.0303
18295,4930.42
18296,4931.0303
18297,4931.3354
18298,4931.6406
18299,4930.42
18300,4931.0303
18301,4930.42
18302,4930.725
18303,4930.725
18304,4931.946
18305,4930.1147
18306,4930.725
18307,4931.0303
18308,4931.3354
18309,4931.0303
18310,4930.1147
18311,4930.725
18312,4931.3354
18313,4931.3354
18314,4931.6406
18315,4931.3354
18316,4931.0303
18317,4931.6406
18318,4931.0303
18319,4931.946
18320,4930.725
18321,4931.3354
18322,4931.3354
18323,4931.6406
18324,4931.3354
18325,4931.6406
18326,4930.725
18327,4930.42
18328,4931.0303
18329,4931.0303
18330,4931.0303
18331,4930.42
18332,4930.1147
18333,4931.3354
18334,4931.0303
18335,4931.0303
18336,4931.3354
18337,4931.0303
18338,4930.42
18339,4930.725
18340,4931.0303
18341,4931.0303
18342,4931.0303
18343,4931.3354
18344,4930.725
18345,4930.725
18346,4930.725
18347,4930.725
18348,4931.3354
18349,4931.0303
18350,4931.3354
18351,4930.725
18352,4930.725
18353,4931.6406
18354,4931.6406
18355,4931.0303
18356,4932.556
18357,4930.725
18358,4931.0303
18359,4931.0303
18360,4931.6406
18361,4931.3354
18362,4931.0303
18363,4931.946
18364,4931.6406
18365,4931.0303
18366,4931.0303
18367,4931.0303
18368,4931.3354
18369,4931.3354
18370,4931.0303
18371,4931.946
18372,4931.6406
18373,4931.3354
18374,4931.6406
18375,4931.946
18376,4930.42
18377,4929.8096
18378,4930.42
18379,4930.725
18380,4931.6406
18381,4931.0303
18382,4930.42
18383,4931.946
18384,4931.0303
18385,4931.0303
18386,4931.3354
18387,4931.3354
18388,4930.1147
18389,4932.251
18390,4930.42
18391,4931.6406
18392,4931.0303
18393,4931.6406
18394,4931.0303
18395,4930.725
18396,4931.3354
18397,4931.0303
18398,4931.0303
18399,4930.725
18400,4931.3354
18401,4931.3354
18402,4931.6406
18403,4931.3354
18404,4931.3354
18405,4931.3354
18406,4931.6406
18407,4930.725
18408,4931.3354
18409,4931.3354
18410,4931.3354
18411,4930.42
18412,4930.725
18413,4931.6406
18414,4931.6406
18415,4930.725
18416,4931.3354
18417,4932.556
18418,4931.0303
18419,4930.725
18420,4931.0303
18421,4931.3354
18422,4930.1147
18423,4931.0303
18424,4931.0303
18425,4931.6406
18426,4932.251
18427,4930.1147
18428,4930.42
18429,4931.3354
18430,4930.725
18431,4931.0303
18432,4931.3354
18433,4931.0303
18434,4931.0303
18435,4931.6406
18436,4931.0303
18437,4931.946
18438,4930.725
18439,4931.6406
18440,4931.6406
18441,4931.0303
18442,4931.3354
18443,4931.3354
18444,4931.6406
18445,4931.6406
18446,4931.3354
18447,4931.0303
18448,4931.6406
18449,4931.0303
18450,4931.3354
18451,4931.0303
18452,4930.725
18453,4931.0303
18454,4931.0303
18455,4930.725
18456,4931.3354
18457,4931.0303
18458,4931.3354
18459,4930.725
18460,4930.1147
18461,4931.3354
18462,4931.0303
18463,4930.725
18464,4930.725
18465,4931.0303
18466,4931.3354
18467,4931.3354
18468,4930.42
18469,4931.3354
18470,4930.725
18471,4931.3354
18472,4930.42
18473,4931.0303
18474,4931.6406
18475,4931.3354
18476,4931.3354
18477,4931.0303
18478,4931.3354
18479,4931.6406
18480,4931.946
18481,4931.946
18482,4931.6406
18483,4931.0303
18484,4930.725
18485,4931.3354
18486,4931.6406
18487,4931.3354
18488,4930.725
18489,4931.0303
18490,4931.0303
18491,4931.3354
18492,4931.6406
18493,4931.0303
18494,4931.0303
18495,4931.6406
18496,4931.6406
18497,4931.0303
18498,4931.6406
18499,4931.946
18500,4931.3354
18501,4930.1147
18502,4932.251
18503,4931.0303
18504,4931.6406
18505,4931.0303
18506,4931.0303
18507,4931.0303
18508,4930.725
18509,4931.3354
18510,4931.0303
18511,4931.6406
18512,4931.3354
18513,4931.0303
18514,4930.42
18515,4930.725
18516,4931.0303
18517,4931.6406
18518,4931.6406
18519,4931.0303
18520,4930.42
18521,4931.0303
18522,4931.3354
18523,4931.3354
18524,4931.3354
18525,4931.3354
18526,4931.0303
18527,4931.3354
18528,4931.0303
18529,4931.0303
18530,4930.42
18531,4931.6406
18532,4929.199
18533,4931.3354
18534,4930.725
18535,4931.6406
18536,4931.6406
18537,4931.0303
18538,4930.42
18539,4930.42
18540,4932.251
18541,4931.0303
18542,4930.725
18543,4931.0303
18544,4930.725
18545,4930.42
18546,4928.589
18547,4930.725
18548,4931.6406
18549,4931.6406
18550,4930.42
18551,4931.0303
18552,4930.1147
18553,4931.3354
18554,4930.725
18555,4930.725
18556,4931.946
18557,4930.725
18558,4930.725
18559,4931.3354
18560,4931.3354
18561,4930.42
18562,4930.725
18563,4931.0303
18564,4931.3354
18565,4931.3354
18566,4932.251
18567,4930.725
18568,4931.0303
18569,4931.946
18570,4931.6406
18571,4931.3354
18572,4930.725
18573,4931.3354
18574,4931.6406
18575,4930.725
18576,4931.3354
18577,4931.3354
18578,4930.725
18579,4931.0303
18580,4931.6406
18581,4931.0303
18582,4930.725
18583,4931.0303
18584,4931.3354
18585,4931.0303
18586,4930.725
18587,4930.725
18588,4932.556
18589,4931.0303
18590,4930.725
18591,4930.725
18592,4931.6406
18593,4931.3354
18594,4930.725
18595,4930.725
18596,4930.725
18597,4931.3354
18598,4930.42
18599,4930.725
18600,4930.42
18601,4930.42
18602,4931.946
18603,4932.8613
18604,4930.725
18605,4930.725
18606,4930.725
18607,4930.1147
18608,4930.725
18609,4931.6406
18610,4931.0303
18611,4931.6406
18612,4931.3354
18613,4930.725
18614,4931.0303
18615,4931.0303
18616,4931.3354
18617,4930.725
18618,4930.725
18619,4930.725
18620,4931.0303
18621,4931.3354
18622,4930.725
18623,4930.725
18624,4930.725
18625,4930.42
18626,4931.0303
18627,4931.6406
18628,4930.42
18629,4931.6406
18630,4931.3354
18631,4930.725
18632,4930.725
18633,4930.725
18634,4931.3354
18635,4931.6406
18636,4931.0303
18637,4931.3354
18638,4930.42
18639,4930.725
18640,4932.251
18641,4931.0303
18642,4931.0303
18643,4931.0303
18644,4931.6406
18645,4931.0303
18646,4931.3354
18647,4931.3354
18648,4931.3354
18649,4930.725
18650,4930.42
18651,4930.725
18652,4931.0303
18653,4931.3354
18654,4930.725
18655,4931.3354
18656,4931.6406
18657,4930.42
18658,4931.0303
18659,4931.3354
18660,4930.725
18661,4931.6406
18662,4931.3354
18663,4931.6406
18664,4931.3354
18665,4930.1147
18666,4930.725
18667,4930.725
18668,4931.0303
18669,4931.6406
18670,4930.1147
18671,4930.725
18672,4930.725
18673,4932.8613
18674,4930.725
18675,4931.0303
18676,4931.6406
18677,4931.0303
18678,4931.3354
18679,4931.3354
18680,4931.3354
18681,4931.6406
18682,4930.725
18683,4930.725
18684,4932.251
18685,4931.3354
18686,4931.6406
18687,4931.3354
18688,4931.6406
18689,4930.1147
18690,4931.0303
18691,4931.3354
18692,4931.946
18693,4931.0303
18694,4931.6406
18695,4930.725
18696,4929.8096
18697,4931.946
18698,4930.42
18699,4930.725
18700,4930.725
18701,4931.0303
18702,4931.3354
18703,4930.725
18704,4931.3354
18705,4931.0303
18706,4931.0303
18707,4931.0303
18708,4931.0303
18709,4931.0303
18710,4930.725
18711,4931.0303
18712,4931.946
18713,4931.0303
18714,4930.725
18715,4931.0303
18716,4931.3354
18717,4931.3354
18718,4931.3354
18719,4931.0303
18720,4930.725
18721,4931.6406
18722,4931.3354
18723,4930.42
18724,4931.0303
18725,4931.0303
18726,4931.0303
18727,4930.1147
18728,4930.725
18729,4930.725
18730,4931.946
18731,4931.3354
18732,4930.1147
18733,4931.3354
18734,4931.0303
18735,4930.725
18736,4931.946
18737,4931.946
18738,4931.0303
18739,4930.725
18740,4931.6406
18741,4931.0303
18742,4931.6406
18743,4932.251
18744,4931.3354
18745,4930.1147
18746,4931.3354
18747,4929.5044
18748,4931.0303
18749,4931.6406
18750,4931.6406
18751,4931.3354
18752,4931.0303
18753,4931.0303
18754,4932.251
18755,4931.0303
18756,4930.725
18757,4930.725
18758,4930.42
18759,4931.0303
18760,4931.0303
18761,4931.3354
18762,4931.0303
18763,4931.3354
18764,4931.0303
18765,4931.3354
18766,4931.3354
18767,4931.3354
18768,4930.725
18769,4931.3354
18770,4931.6406
18771,4930.725
18772,4931.3354
18773,4931.6406
18774,4931.0303
18775,4931.3354
18776,4931.6406
18777,4931.3354
18778,4930.42
18779,4931.6406
18780,4932.251
18781,4930.725
18782,4930.1147
18783,4930.725
18784,4930.725
18785,4931.3354
18786,4931.3354
18787,4931.0303
18788,4931.0303
18789,4930.42
18790,4931.0303
18791,4931.946
18792,4930.725
18793,4931.0303
18794,4930.725
18795,4930.1147
18796,4931.3354
18797,4931.0303
18798,4931.3354
18799,4930.725
18800,4931.0303
18801,4930.725
18802,4930.42
18803,4931.6406
18804,4931.946
18805,4931.0303
18806,4930.42
18807,4931.0303
18808,4931.6406
18809,4931.3354
18810,4931.3354
18811,4931.946
18812,4931.6406
18813,4931.6406
18814,4931.6406
18815,4930.42
18816,4931.3354
18817,4931.3354
18818,4931.3354
18819,4930.42
18820,4931.946
18821,4931.3354
18822,4931.3354
18823,4930.725
18824,4931.6406
18825,4931.0303
18826,4931.0303
18827,4930.725
18828,4930.725
18829,4931.0303
18830,4930.725
18831,4931.0303
18832,4931.3354
18833,4931.3354
18834,4930.725
18835,4930.725
18836,4931.3354
18837,4931.3354
18838,4930.725
18839,4931.0303
18840,4931.6406
18841,4931.6406
18842,4931.3354
18843,4931.6406
18844,4931.3354
18845,4930.1147
18846,4930.1147
18847,4931.3354
18848,4931.0303
18849,4932.251
18850,4932.8613
18851,4930.725
18852,4931.3354
18853,4931.6406
18854,4931.946
18855,4931.0303
18856,4931.0303
18857,4931.0303
18858,4931.0303
18859,4931.946
18860,4930.725
18861,4931.6406
18862,4931.3354
18863,4931.0303
18864,4931.3354
18865,4930.1147
18866,4931.6406
18867,4931.3354
18868,4931.0303
18869,4931.0303
18870,4931.0303
18871,4930.1147
18872,4931.0303
18873,4931.6406
18874,4931.3354
18875,4931.0303
18876,4930.42
18877,4930.42
18878,4931.0303
18879,4930.1147
18880,4930.725
18881,4931.6406
18882,4931.0303
18883,4930.725
18884,4930.42
18885,4931.3354
18886,4931.3354
18887,4931.0303
18888,4931.0303
18889,4931.6406
18890,4931.6406
18891,4931.0303
18892,4931.3354
18893,4931.0303
18894,4931.6406
18895,4930.42
18896,4931.6406
18897,4931.6406
18898,4931.3354
18899,4931.0303
18900,4931.0303
18901,4930.42
18902,4931.0303
18903,4931.3354
18904,4930.725
18905,4931.0303
18906,4930.725
18907,4931.0303
18908,4930.42
18909,4931.3354
18910,4931.3354
18911,4931.3354
18912,4930.725
18913,4931.0303
18914,4930.725
18915,4931.0303
18916,4930.42
18917,4930.42
18918,4931.6406
18919,4931.0303
18920,4931.946
18921,4930.1147
18922,4931.6406
18923,4930.725
18924,4931.6406
18925,4931.0303
18926,4931.3354
18927,4932.251
18928,4931.3354
18929,4930.725
18930,4931.6406
18931,4931.946
18932,4930.725
18933,4930.725
18934,4931.0303
18935,4931.946
18936,4930.725
18937,4930.42
18938,4931.6406
18939,4930.42
18940,4930.42
18941,4930.725
18942,4931.946
18943,4931.3354
18944,4931.0303
18945,4930.42
18946,4931.3354
18947,4931.6406
18948,4931.3354
18949,4931.946
18950,4931.6406
18951,4931.3354
18952,4930.725
18953,4931.0303
18954,4931.0303
18955,4931.0303
18956,4930.725
18957,4930.42
18958,4929.199
18959,4929.8096
18960,4931.946
18961,4931.0303
18962,4931.0303
18963,4931.946
18964,4931.0303
18965,4930.1147
18966,4931.0303
18967,4932.556
18968,4931.3354
18969,4931.3354
18970,4930.42
18971,4931.6406
18972,4931.3354
18973,4931.0303
18974,4931.3354
18975,4931.3354
18976,4931.6406
18977,4931.0303
18978,4930.725
18979,4930.1147
18980,4930.725
18981,4930.725
18982,4931.3354
18983,4930.42
18984,4930.42
18985,4931.6406
18986,4931.0303
18987,4931.3354
18988,4932.556
18989,4930.725
18990,4931.6406
18991,4931.0303
18992,4931.0303
18993,4931.6406
18994,4930.725
18995,4930.725
18996,4931.946
18997,4931.0303
18998,4932.251
18999,4931.6406
19000,4931.3354
19001,4930.725
19002,4930.42
19003,4931.6406
19004,4931.0303
19005,4931.0303
19006,4931.0303
19007,4931.0303
19008,4931.0303
19009,4931.0303
19010,4931.3354
19011,4930.42
19012,4931.0303
19013,4931.946
19014,4931.3354
19015,4931.0303
19016,4930.725
19017,4930.42
19018,4931.3354
19019,4930.725
19020,4931.0303
19021,4931.3354
19022,4931.946
19023,4931.6406
19024,4931.0303
19025,4931.6406
19026,4931.3354
19027,4931.6406
19028,4931.3354
19029,4930.725
19030,4931.3354
19031,4931.3354
19032,4930.42
19033,4931.0303
19034,4931.0303
19035,4931.6406
19036,4931.0303
19037,4931.3354
19038,4931.6406
19039,4931.0303
19040,4931.6406
19041,4930.725
19042,4931.0303
19043,4931.0303
19044,4931.3354
19045,4931.3354
19046,4931.0303
19047,4931.0303
19048,4931.0303
19049,4931.6406
19050,4931.3354
19051,4930.1147
19052,4931.3354
19053,4931.3354
19054,4931.3354
19055,4931.3354
19056,4931.3354
19057,4930.42
19058,4930.42
19059,4931.3354
19060,4931.946
19061,4931.0303
19062,4931.0303
19063,4931.0303
19064,4931.0303
19065,4931.3354
19066,4931.0303
19067,4931.0303
19068,4931.0303
19069,4930.725
19070,4930.42
19071,4931.3354
19072,4931.0303
19073,4931.6406
19074,4931.3354
19075,4930.725
19076,4931.3354
19077,4930.42
19078,4929.8096
19079,4930.725
19080,4931.3354
19081,4931.0303
19082,4930.42
19083,4930.42
19084,4930.725
19085,4930.725
19086,4931.0303
19087,4931.3354
19088,4931.3354
19089,4931.0303
19090,4930.725
19091,4931.6406
19092,4930.725
19093,4930.42
19094,4931.6406
19095,4931.0303
19096,4931.0303
19097,4932.251
19098,4930.1147
19099,4931.6406
19100,4930.725
19101,4930.1147
19102,4931.0303
19103,4931.6406
19104,4931.6406
19105,4931.3354
19106,4931.946
19107,4930.1147
19108,4931.3354
19109,4931.3354
19110,4930.725
19111,4930.725
19112,4931.3354
19113,4931.3354
19114,4930.725
19115,4930.42
19116,4930.725
19117,4931.6406
19118,4930.725
19119,4931.3354
19120,4931.0303
19121,4930.725
19122,4931.3354
19123,4930.725
19124,4931.6406
19125,4930.725
19126,4931.0303
19127,4931.0303
19128,4931.0303
19129,4930.725
19130,4931.6406
19131,4931.3354
19132,4930.725
19133,4931.0303
19134,4931.0303
19135,4930.42
19136,4931.6406
19137,4931.6406
19138,4931.0303
19139,4931.0303
19140,4931.3354
19141,4931.0303
19142,4931.0303
19143,4931.0303
19144,4932.251
19145,4931.3354
19146,4931.6406
19147,4931.6406
19148,4930.725
19149,4931.946
19150,4931.6406
19151,4931.0303
19152,4931.0303
19153,4931.946
19154,4931.3354
19155,4930.42
19156,4931.3354
19157,4930.725
19158,4931.3354
19159,4930.725
19160,4930.42
19161,4931.0303
19162,4931.0303
19163,4930.42
19164,4931.0303
19165,4930.725
19166,4930.725
19167,4932.251
19168,4931.0303
19169,4931.3354
19170,4929.8096
19171,4931.6406
19172,4931.3354
19173,4931.946
19174,4930.42
19175,4931.0303
19176,4930.725
19177,4931.6406
19178,4931.0303
19179,4931.3354
19180,4931.6406
19181,4931.6406
19182,4931.6406
19183,4931.0303
19184,4930.725
19185,4930.725
19186,4931.0303
19187,4930.725
19188,4930.725
19189,4930.725
19190,4931.946
19191,4931.6406
19192,4931.0303
19193,4932.556
19194,4931.0303
19195,4931.6406
19196,4930.725
19197,4931.0303
19198,4931.6406
19199,4931.6406
19200,4930.725
19201,4930.42
19202,4931.3354
19203,4931.0303
19204,4931.0303
19205,4930.725
19206,4931.3354
19207,4930.1147
19208,4930.725
19209,4931.3354
19210,4931.0303
19211,4931.0303
19212,4931.0303
19213,4931.0303
19214,4931.0303
19215,4931.6406
19216,4931.3354
19217,4931.3354
19218,4931.0303
19219,4931.3354
19220,4931.0303
19221,4930.725
19222,4931.6406
19223,4931.946
19224,4930.725
19225,4931.3354
19226,4931.0303
19227,4931.0303
19228,4931.0303
19229,4931.0303
19230,4931.6406
19231,4931.3354
19232,4931.6406
19233,4930.725
19234,4931.3354
19235,4930.725
19236,4932.251
19237,4931.6406
19238,4931.0303
19239,4931.0303
19240,4930.42
19241,4931.6406
19242,4930.725
19243,4930.725
19244,4931.0303
19245,4930.42
19246,4930.725
19247,4931.3354
19248,4931.0303
19249,4931.0303
19250,4931.3354
19251,4930.725
19252,4930.725
19253,4931.3354
19254,4931.0303
19255,4930.42
19256,4929.199
19257,4931.3354
19258,4931.3354
19259,4930.725
19260,4931.6406
19261,4931.3354
19262,4931.0303
19263,4931.0303
19264,4931.6406
19265,4931.3354
19266,4930.42
19267,4930.725
19268,4932.251
19269,4931.0303
19270,4931.0303
19271,4931.0303
19272,4931.3354
19273,4931.0303
19274,4931.0303
19275,4931.0303
19276,4930.42
19277,4930.725
19278,4931.6406
19279,4930.725
19280,4930.725
19281,4930.725
19282,4931.0303
19283,4930.42
19284,4931.3354
19285,4930.725
19286,4931.6406
19287,4930.42
19288,4931.3354
19289,4930.725
19290,4931.3354
19291,4931.0303
19292,4930.725
19293,4931.3354
19294,4931.6406
19295,4930.1147
19296,4931.0303
19297,4931.6406
19298,4931.3354
19299,4930.725
19300,4931.3354
19301,4931.0303
19302,4931.0303
19303,4931.0303
19304,4931.3354
19305,4931.0303
19306,4930.42
19307,4931.6406
19308,4931.6406
19309,4931.3354
19310,4930.725
19311,4931.6406
19312,4931.0303
19313,4931.0303
19314,4931.3354
19315,4931.3354
19316,4930.42
19317,4931.6406
19318,4931.6406
19319,4932.251
19320,4930.725
19321,4930.725
19322,4931.946
19323,4931.6406
19324,4931.0303
19325,4931.3354
19326,4929.199
19327,4931.0303
19328,4931.3354
19329,4931.3354
19330,4931.0303
19331,4930.42
19332,4930.1147
19333,4931.6406
19334,4930.42
19335,4931.6406
19336,4931.0303
19337,4931.0303
19338,4931.6406
19339,4931.3354
19340,4930.725
19341,4930.42
19342,4931.6406
19343,4931.946
19344,4933.1665
19345,4931.3354
19346,4930.42
19347,4930.725
19348,4931.3354
19349,4930.725
19350,4931.6406
19351,4930.42
19352,4930.725
19353,4931.946
19354,4931.3354
19355,4930.725
19356,4931.6406
19357,4931.0303
19358,4930.725
19359,4931.6406
19360,4931.3354
19361,4930.725
19362,4931.3354
19363,4931.946
19364,4931.0303
19365,4931.3354
19366,4931.0303
19367,4930.725
19368,4931.946
19369,4931.3354
19370,4931.3354
19371,4931.3354
19372,4931.3354
19373,4931.6406
19374,4931.0303
19375,4930.42
19376,4931.0303
19377,4931.0303
19378,4931.6406
19379,4931.3354
19380,4930.1147
19381,4931.3354
19382,4930.1147
19383,4931.3354
19384,4931.0303
19385,4931.3354
19386,4931.0303
19387,4930.725
19388,4929.8096
19389,4930.725
19390,4931.0303
19391,4930.725
19392,4931.6406
19393,4930.725
19394,4931.3354
19395,4929.8096
19396,4931.946
19397,4931.3354
19398,4930.725
19399,4931.6406
19400,4931.6406
19401,4931.0303
19402,4931.0303
19403,4931.3354
19404,4931.6406
19405,4931.0303
19406,4930.725
19407,4930.42
19408,4931.0303
19409,4931.0303
19410,4930.42
19411,4931.6406
19412,4931.0303
19413,4931.0303
19414,4932.251
19415,4930.42
19416,4931.0303
19417,4931.3354
19418,4931.3354
19419,4931.6406
19420,4931.3354
19421,4931.3354
19422,4931.3354
19423,4931.0303
19424,4931.0303
19425,4931.3354
19426,4931.0303
19427,4931.0303
19428,4931.0303
19429,4931.0303
19430,4931.0303
19431,4931.3354
19432,4931.3354
19433,4930.42
19434,4931.3354
19435,4930.725
19436,4931.6406
19437,4931.3354
19438,4931.3354
19439,4930.1147
19440,4931.3354
19441,4931.0303
19442,4931.946
19443,4931.0303
19444,4930.42
19445,4930.725
19446,4931.0303
19447,4931.0303
19448,4930.725
19449,4930.725
19450,4931.946
19451,4931.6406
19452,4932.251
19453,4930.42
19454,4931.0303
19455,4931.3354
19456,4930.725
19457,4931.946
19458,4930.725
19459,4931.3354
19460,4930.725
19461,4931.946
19462,4930.725
19463,4931.6406
19464,4931.3354
19465,4930.725
19466,4931.946
19467,4931.0303
19468,4931.0303
19469,4931.3354
19470,4931.0303
19471,4930.725
19472,4930.725
19473,4931.3354
19474,4931.6406
19475,4931.0303
19476,4930.42
19477,4931.3354
19478,4931.3354
19479,4930.725
19480,4930.725
19481,4931.6406
19482,4931.6406
19483,4931.3354
19484,4931.0303
19485,4930.725
19486,4931.6406
19487,4931.0303
19488,4931.0303
19489,4931.0303
19490,4930.725
19491,4930.1147
19492,4930.725
19493,4930.42
19494,4930.725
19495,4930.42
19496,4931.0303
19497,4931.0303
19498,4931.3354
19499,4931.0303
19500,4930.42
19501,4929.5044
19502,4930.725
19503,4931.3354
19504,4931.6406
19505,4931.0303
19506,4931.6406
19507,4930.42
19508,4931.0303
19509,4931.0303
19510,4930.1147
19511,4931.0303
19512,4931.946
19513,4931.3354
19514,4931.0303
19515,4931.6406
19516,4931.3354
19517,4931.3354
19518,4930.725
19519,4931.3354
19520,4931.0303
19521,4931.946
19522,4931.946
19523,4931.3354
19524,4931.946
19525,4930.42
19526,4930.1147
19527,4930.725
19528,4931.3354
19529,4931.3354
19530,4930.725
19531,4930.725
19532,4930.42
19533,4930.725
19534,4930.725
19535,4931.3354
19536,4930.42
19537,4931.3354
19538,4931.3354
19539,4931.6406
19540,4930.725
19541,4931.946
19542,4931.0303
19543,4931.0303
19544,4931.6406
19545,4930.725
19546,4932.251
19547,4931.6406
19548,4931.3354
19549,4931.0303
19550,4931.6406
19551,4931.3354
19552,4931.3354
19553,4931.3354
19554,4931.3354
19555,4931.6406
19556,4930.725
19557,4931.3354
19558,4930.42
19559,4931.6406
19560,4931.3354
19561,4931.0303
19562,4930.725
19563,4931.6406
19564,4930.42
19565,4930.725
19566,4930.725
19567,4931.0303
19568,4931.6406
19569,4930.725
19570,4931.0303
19571,4930.725
19572,4930.42
19573,4932.251
19574,4931.3354
19575,4930.1147
19576,4930.725
19577,4930.1147
19578,4931.3354
19579,4931.6406
19580,4931.0303
19581,4931.6406
19582,4931.3354
19583,4931.0303
19584,4931.946
19585,4931.0303
19586,4931.0303
19587,4930.725
19588,4930.725
19589,4931.6406
19590,4931.6406
19591,4932.251
19592,4931.6406
19593,4931.3354
19594,4930.725
19595,4931.946
19596,4931.0303
19597,4931.3354
19598,4931.3354
19599,4931.946
19600,4931.6406
19601,4930.725
19602,4931.0303
19603,4930.42
19604,4931.3354
19605,4931.3354
19606,4931.3354
19607,4931.0303
19608,4930.725
19609,4931.946
19610,4930.725
19611,4932.556
19612,4930.725
19613,4931.0303
19614,4930.42
19615,4931.0303
19616,4931.6406
19617,4930.725
19618,4931.3354
19619,4930.42
19620,4931.0303
19621,4931.3354
19622,4931.946
19623,4932.8613
19624,4931.6406
19625,4930.42
19626,4930.725
19627,4931.0303
19628,4931.6406
19629,4931.3354
19630,4931.946
19631,4931.6406
19632,4931.0303
19633,4930.725
19634,4930.725
19635,4930.725
19636,4931.3354
19637,4931.0303
19638,4931.3354
19639,4930.42
19640,4931.3354
19641,4930.725
19642,4931.3354
19643,4930.725
19644,4931.946
19645,4930.42
19646,4931.3354
19647,4930.42
19648,4931.3354
19649,4931.0303
19650,4931.0303
19651,4931.0303
19652,4930.725
19653,4930.725
19654,4930.725
19655,4931.3354
19656,4931.0303
19657,4930.42
19658,4930.725
19659,4931.3354
19660,4931.6406
19661,4932.556
19662,4930.725
19663,4930.725
19664,4931.0303
19665,4931.6406
19666,4930.42
19667,4931.946
19668,4931.3354
19669,4931.0303
19670,4930.725
19671,4930.725
19672,4931.0303
19673,4931.0303
19674,4931.6406
19675,4930.725
19676,4930.725
19677,4930.42
19678,4930.725
19679,4930.725
19680,4931.0303
19681,4930.725
19682,4931.0303
19683,4931.0303
19684,4931.0303
19685,4931.6406
19686,4930.725
19687,4931.0303
19688,4931.6406
19689,4930.42
19690,4930.1147
19691,4932.251
19692,4930.725
19693,4931.946
19694,4930.725
19695,4930.1147
19696,4930.725
19697,4930.725
19698,4931.0303
19699,4931.0303
19700,4931.0303
19701,4930.725
19702,4930.1147
19703,4930.42
19704,4930.725
19705,4931.6406
19706,4931.0303
19707,4930.42
19708,4932.251
19709,4931.6406
19710,4930.42
19711,4931.946
19712,4931.0303
19713,4931.0303
19714,4931.0303
19715,4931.0303
19716,4931.3354
19717,4931.3354
19718,4931.6406
19719,4930.725
19720,4930.725
19721,4931.0303
19722,4931.3354
19723,4931.0303
19724,4931.0303
19725,4931.0303
19726,4930.42
19727,4931.3354
19728,4931.0303
19729,4931.0303
19730,4931.6406
19731,4931.0303
19732,4931.0303
19733,4931.0303
19734,4931.0303
19735,4930.42
19736,4931.3354
19737,4931.3354
19738,4930.725
19739,4931.0303
19740,4931.0303
19741,4932.251
19742,4931.0303
19743,4931.6406
19744,4930.725
19745,4931.6406
19746,4931.3354
19747,4930.725
19748,4930.42
19749,4930.725
19750,4932.251
19751,4930.725
19752,4930.725
19753,4931.0303
19754,4931.3354
19755,4931.3354
19756,4930.1147
19757,4931.6406
19758,4931.0303
19759,4930.725
19760,4931.0303
19761,4931.946
19762,4930.42
19763,4931.3354
19764,4930.725
19765,4931.3354
19766,4931.0303
19767,4931.0303
19768,4931.3354
19769,4931.3354
19770,4930.1147
19771,4930.725
19772,4930.42
19773,4930.42
19774,4931.0303
19775,4931.3354
19776,4930.725
19777,4931.946
19778,4930.725
19779,4931.6406
19780,4931.3354
19781,4930.1147
19782,4931.0303
19783,4931.6406
19784,4931.0303
19785,4931.3354
19786,4930.725
19787,4931.6406
19788,4931.946
19789,4931.6406
19790,4930.1147
19791,4931.3354
19792,4931.3354
19793,4931.3354
19794,4931.3354
19795,4931.3354
19796,4931.3354
19797,4931.946
19798,4931.3354
19799,4931.3354
19800,4932.251
19801,4931.946
19802,4930.725
19803,4931.3354
19804,4931.3354
19805,4931.6406
19806,4932.251
19807,4930.42
19808,4930.42
19809,4931.0303
19810,4931.0303
19811,4931.0303
19812,4930.1147
19813,4930.42
19814,4930.725
19815,4931.3354
19816,4930.42
19817,4931.0303
19818,4930.42
19819,4930.725
19820,4931.0303
19821,4931.6406
19822,4930.42
19823,4931.0303
19824,4931.6406
19825,4931.0303
19826,4931.0303
19827,4931.0303
19828,4931.3354
19829,4932.251
19830,4930.725
19831,4931.0303
19832,4931.0303
19833,4931.6406
19834,4929.8096
19835,4931.3354
19836,4931.3354
19837,4931.0303
19838,4932.251
19839,4931.0303
19840,4931.3354
19841,4931.3354
19842,4930.725
19843,4930.725
19844,4931.6406
19845,4930.725
19846,4931.3354
19847,4931.946
19848,4931.6406
19849,4930.725
19850,4930.42
19851,4931.0303
19852,4931.0303
19853,4932.251
19854,4931.3354
19855,4930.725
19856,4931.0303
19857,4931.3354
19858,4931.0303
19859,4930.725
19860,4931.3354
19861,4930.42
19862,4930.725
19863,4931.0303
19864,4931.3354
19865,4931.0303
19866,4932.251
19867,4929.8096
19868,4931.0303
19869,4929.8096
19870,4930.1147
19871,4931.0303
19872,4931.946
19873,4931.3354
19874,4931.3354
19875,4931.946
19876,4931.0303
19877,4930.725
19878,4931.6406
19879,4931.946
19880,4931.0303
19881,4931.6406
19882,4931.3354
19883,4931.3354
19884,4931.0303
19885,4931.6406
19886,4931.3354
19887,4930.725
19888,4932.556
19889,4930.725
19890,4930.42
19891,4931.946
19892,4931.6406
19893,4931.3354
19894,4931.3354
19895,4930.42
19896,4931.946
19897,4930.42
19898,4930.725
19899,4931.946
19900,4931.3354
19901,4930.725
19902,4931.3354
19903,4931.3354
19904,4931.0303
19905,4931.0303
19906,4931.0303
19907,4930.42
19908,4931.946
19909,4930.42
19910,4931.946
19911,4931.0303
19912,4931.946
19913,4931.946
19914,4930.725
19915,4931.0303
19916,4932.251
19917,4931.946
19918,4930.725
19919,4931.3354
19920,4931.0303
19921,4931.3354
19922,4931.0303
19923,4931.6406
19924,4931.3354
19925,4931.946
19926,4930.1147
19927,4931.3354
19928,4931.3354
19929,4931.0303
19930,4931.3354
19931,4930.725
19932,4931.3354
19933,4930.725
19934,4931.3354
19935,4931.6406
19936,4931.3354
19937,4931.6406
19938,4931.0303
19939,4931.3354
19940,4930.725
19941,4930.42
19942,4931.6406
19943,4929.8096
19944,4931.3354
19945,4931.0303
19946,4931.3354
19947,4931.3354
19948,4931.0303
19949,4931.946
19950,4931.3354
19951,4930.725
19952,4931.3354
19953,4931.3354
19954,4931.0303
19955,4931.6406
19956,4931.3354
19957,4930.725
19958,4931.0303
19959,4930.1147
19960,4931.6406
19961,4931.3354
19962,4930.725
19963,4931.3354
19964,4931.3354
19965,4931.0303
19966,4931.0303
19967,4931.0303
19968,4930.42
19969,4931.3354
19970,4931.0303
19971,4931.0303
19972,4929.8096
19973,4931.6406
19974,4931.0303
19975,4931.0303
19976,4930.1147
19977,4931.3354
19978,4931.3354
19979,4930.42
19980,4931.0303
19981,4930.725
19982,4930.725
19983,4931.0303
19984,4931.0303
19985,4930.725
19986,4931.6406
19987,4930.725
19988,4931.0303
19989,4930.1147
19990,4931.0303
19991,4931.6406
19992,4931.0303
19993,4931.0303
19994,4930.42
19995,4930.1147
19996,4931.3354
19997,4931.0303
19998,4931.3354
19999,4931.0303
20000,4931.0303
20001,4930.725
20002,4931.3354
20003,4931.0303
20004,4930.725
20005,4931.6406
20006,4931.3354
20007,4930.725
20008,4930.42
20009,4931.6406
20010,4931.6406
20011,4930.725
20012,4931.0303
20013,4931.3354
20014,4930.725
20015,4932.251
20016,4931.3354
20017,4931.3354
20018,4930.42
20019,4931.6406
20020,4930.725
20021,4930.725
20022,4931.3354
20023,4931.6406
20024,4930.725
20025,4930.725
20026,4931.6406
20027,4930.725
20028,4930.725
20029,4931.6406
20030,4931.946
20031,4932.8613
20032,4929.8096
20033,4930.725
20034,4931.0303
20035,4931.3354
20036,4931.0303
20037,4931.0303
20038,4931.3354
20039,4931.0303
20040,4931.0303
20041,4931.3354
20042,4931.0303
20043,4931.6406
20044,4930.725
20045,4930.725
20046,4931.0303
20047,4932.251
20048,4931.3354
20049,4931.3354
20050,4930.42
20051,4930.725
20052,4931.3354
20053,4930.725
20054,4931.0303
20055,4931.946
20056,4931.6406
20057,4930.725
20058,4931.0303
20059,4931.0303
20060,4931.3354
20061,4931.3354
20062,4931.946
20063,4931.6406
20064,4931.0303
20065,4931.3354
20066,4930.725
20067,4931.3354
20068,4931.0303
20069,4930.1147
20070,4929.8096
20071,4930.42
20072,4931.3354
20073,4931.3354
20074,4930.42
20075,4931.3354
20076,4931.3354
20077,4931.3354
20078,4931.6406
20079,4932.251
20080,4931.3354
20081,4930.1147
20082,4930.42
20083,4931.6406
20084,4931.0303
20085,4932.251
20086,4930.42
20087,4931.3354
20088,4931.946
20089,4930.725
20090,4931.0303
20091,4931.3354
20092,4931.6406
20093,4931.3354
20094,4931.3354
20095,4930.725
20096,4931.0303
20097,4931.946
20098,4930.725
20099,4931.6406
20100,4930.725
20101,4930.725
20102,4931.3354
20103,4931.3354
20104,4930.1147
20105,4931.6406
20106,4931.0303
20107,4931.0303
20108,4931.6406
20109,4931.6406
20110,4931.0303
20111,4931.6406
20112,4931.6406
20113,4931.3354
20114,4931.0303
20115,4930.1147
20116,4931.3354
20117,4931.0303
20118,4931.0303
20119,4931.6406
20120,4931.0303
20121,4930.725
20122,4931.6406
20123,4930.42
20124,4931.0303
20125,4931.0303
20126,4930.725
20127,4931.6406
20128,4931.0303
20129,4931.3354
20130,4931.3354
20131,4930.1147
20132,4929.8096
20133,4930.725
20134,4931.0303
20135,4930.42
20136,4931.6406
20137,4931.946
20138,4931.3354
20139,4931.0303
20140,4930.42
20141,4930.725
20142,4931.6406
20143,4931.0303
20144,4931.946
20145,4930.42
20146,4930.725
20147,4930.725
20148,4931.946
20149,4931.0303
20150,4930.725
20151,4930.725
20152,4930.42
20153,4931.0303
20154,4931.946
20155,4932.251
20156,4931.3354
20157,4931.6406
20158,4931.3354
20159,4931.3354
20160,4931.0303
20161,4931.0303
20162,4931.3354
20163,4930.725
20164,4931.3354
20165,4931.3354
20166,4931.0303
20167,4931.6406
20168,4930.42
20169,4931.946
20170,4931.3354
20171,4930.725
20172,4930.725
20173,4931.6406
20174,4931.3354
20175,4931.3354
20176,4930.42
20177,4930.725
20178,4931.0303
20179,4931.0303
20180,4931.3354
20181,4931.0303
20182,4930.1147
20183,4931.0303
20184,4930.42
20185,4931.6406
20186,4931.3354
20187,4930.725
20188,4931.0303
20189,4930.725
20190,4931.3354
20191,4931.0303
20192,4929.8096
20193,4931.3354
20194,4931.0303
20195,4930.725
20196,4931.3354
20197,4931.6406
20198,4931.3354
20199,4931.3354
20200,4931.946
20201,4931.946
20202,4930.42
20203,4931.6406
20204,4931.6406
20205,4931.3354
20206,4931.3354
20207,4930.42
20208,4931.3354
20209,4931.3354
20210,4930.42
20211,4931.0303
20212,4931.3354
20213,4931.3354
20214,4931.0303
20215,4931.3354
20216,4930.725
20217,4930.725
20218,4931.3354
20219,4931.6406
20220,4930.42
20221,4931.0303
20222,4931.3354
20223,4929.8096
20224,4931.3354
20225,4931.6406
20226,4930.725
20227,4930.725
20228,4930.725
20229,4931.946
20230,4931.0303
20231,4931.0303
20232,4930.1147
20233,4930.725
20234,4931.3354
20235,4931.3354
20236,4931.6406
20237,4930.725
20238,4930.725
20239,4931.0303
20240,4931.0303
20241,4931.946
20242,4930.42
20243,4931.0303
20244,4932.251
20245,4931.6406
20246,4931.0303
20247,4931.3354
20248,4931.6406
20249,4930.725
20250,4931.3354
20251,4931.3354
20252,4931.0303
20253,4931.6406
20254,4931.0303
20255,4931.0303
20256,4931.946
20257,4932.251
20258,4929.5044
20259,4930.42
20260,4931.3354
20261,4932.251
20262,4932.8613
20263,4930.1147
20264,4930.42
20265,4931.3354
20266,4931.0303
20267,4931.0303
20268,4931.3354
20269,4931.6406
20270,4931.3354
20271,4931.0303
20272,4931.6406
20273,4931.3354
20274,4930.725
20275,4931.6406
20276,4930.42
20277,4930.1147
20278,4930.42
20279,4931.0303
20280,4931.3354
20281,4930.42
20282,4930.725
20283,4930.725
20284,4931.3354
20285,4931.3354
20286,4930.725
20287,4930.725
20288,4930.725
20289,4931.3354
20290,4930.725
20291,4930.725
20292,4931.3354
20293,4931.6406
20294,4931.0303
20295,4932.556
20296,4931.6406
20297,4931.0303
20298,4931.3354
20299,4931.0303
20300,4930.725
20301,4930.725
20302,4930.42
20303,4931.6406
20304,4930.725
20305,4930.42
20306,4931.0303
20307,4930.42
20308,4930.725
20309,4930.725
20310,4931.0303
20311,4931.6406
20312,4931.0303
20313,4931.3354
20314,4931.6406
20315,4930.725
20316,4931.6406
20317,4931.0303
20318,4931.6406
20319,4931.0303
20320,4930.1147
20321,4931.3354
20322,4931.6406
20323,4931.0303
20324,4931.3354
20325,4931.3354
20326,4931.0303
20327,4930.42
20328,4930.1147
20329,4931.6406
20330,4931.0303
20331,4930.725
20332,4931.946
20333,4931.946
20334,4931.0303
20335,4931.3354
20336,4930.1147
20337,4931.3354
20338,4931.3354
20339,4931.0303
20340,4931.0303
20341,4930.725
20342,4931.6406
20343,4931.0303
20344,4931.3354
20345,4930.42
20346,4930.42
20347,4931.0303
20348,4932.251
20349,4931.0303
20350,4931.0303
20351,4930.42
20352,4930.42
20353,4931.3354
20354,4931.0303
20355,4930.725
20356,4931.3354
20357,4930.725
20358,4930.725
20359,4931.3354
20360,4931.946
20361,4931.6406
20362,4930.725
20363,4931.0303
20364,4930.42
20365,4931.0303
20366,4931.0303
20367,4931.946
20368,4931.0303
20369,4931.6406
20370,4930.42
20371,4931.0303
20372,4931.0303
20373,4931.3354
20374,4931.3354
20375,4931.946
20376,4930.725
20377,4931.0303
20378,4930.1147
20379,4932.251
20380,4931.946
20381,4931.6406
20382,4930.725
20383,4931.3354
20384,4931.6406
20385,4931.0303
20386,4930.1147
20387,4930.725
20388,4931.0303
20389,4931.0303
20390,4930.42
20391,4931.3354
20392,4931.6406
20393,4931.0303
20394,4930.1147
20395,4931.0303
20396,4931.0303
20397,4931.946
20398,4930.42
20399,4930.42
20400,4931.6406
20401,4931.3354
20402,4931.946
20403,4931.946
20404,4931.3354
20405,4931.0303
20406,4931.0303
20407,4930.725
20408,4931.3354
20409,4930.725
20410,4930.725
20411,4931.3354
20412,4931.0303
20413,4931.3354
20414,4931.0303
20415,4930.725
20416,4931.0303
20417,4931.6406
20418,4929.8096
20419,4931.0303
20420,4930.1147
20421,4931.6406
20422,4931.0303
20423,4931.0303
20424,4931.3354
20425,4931.3354
20426,4931.0303
20427,4931.0303
20428,4931.3354
20429,4930.42
20430,4931.6406
20431,4931.3354
20432,4930.1147
20433,4931.0303
20434,4932.251
20435,4931.3354
20436,4931.6406
20437,4931.0303
20438,4931.3354
20439,4930.725
20440,4930.725
20441,4931.0303
20442,4931.3354
20443,4930.725
20444,4931.0303
20445,4930.725
20446,4931.0303
20447,4931.3354
20448,4931.0303
20449,4931.3354
20450,4931.0303
20451,4931.0303
20452,4931.0303
20453,4931.3354
20454,4931.3354
20455,4930.42
20456,4931.0303
20457,4930.725
20458,4931.3354
20459,4931.946
20460,4931.3354
20461,4931.3354
20462,4931.0303
20463,4931.0303
20464,4930.42
20465,4930.1147
20466,4930.725
20467,4931.3354
20468,4930.725
20469,4931.3354
20470,4930.725
20471,4931.3354
20472,4931.3354
20473,4931.3354
20474,4931.3354
20475,4931.6406
20476,4930.725
20477,4931.0303
20478,4930.725
20479,4931.0303
20480,4931.3354
20481,4931.3354
20482,4931.3354
20483,4930.725
20484,4931.6406
20485,4931.3354
20486,4931.3354
20487,4931.6406
20488,4931.6406
20489,4931.6406
20490,4931.3354
20491,4930.725
20492,4930.725
20493,4931.0303
20494,4931.3354
20495,4930.725
20496,4931.0303
20497,4931.6406
20498,4931.6406
20499,4931.3354
20500,4930.42
20501,4931.946
20502,4931.3354
20503,4931.6406
20504,4929.8096
20505,4929.5044
20506,4931.3354
20507,4930.725
20508,4931.3354
20509,4932.8613
20510,4931.0303
20511,4930.725
20512,4931.0303
20513,4931.3354
20514,4930.42
20515,4930.1147
20516,4931.6406
20517,4930.42
20518,4930.42
20519,4931.6406
20520,4931.0303
20521,4931.6406
20522,4931.3354
20523,4931.0303
20524,4931.946
20525,4931.0303
20526,4931.0303
20527,4931.3354
20528,4931.6406
20529,4931.0303
20530,4931.0303
20531,4930.725
20532,4930.725
20533,4930.725
20534,4931.3354
20535,4931.0303
20536,4931.6406
20537,4931.0303
20538,4931.0303
20539,4930.725
20540,4931.0303
20541,4931.0303
20542,4931.6406
20543,4931.6406
20544,4931.946
20545,4930.1147
20546,4931.0303
20547,4931.3354
20548,4931.3354
20549,4930.725
20550,4930.1147
20551,4930.725
20552,4931.0303
20553,4930.725
20554,4932.251
20555,4931.3354
20556,4930.725
20557,4930.725
20558,4931.3354
20559,4931.0303
20560,4931.3354
20561,4931.6406
20562,4930.42
20563,4930.42
20564,4930.725
20565,4931.0303
20566,4931.3354
20567,4930.725
20568,4930.725
20569,4930.725
20570,4931.0303
20571,4930.42
20572,4930.725
20573,4931.6406
20574,4931.3354
20575,4930.725
20576,4931.0303
20577,4931.0303
20578,4930.42
20579,4933.1665
20580,4931.0303
20581,4931.946
20582,4930.1147
20583,4931.0303
20584,4931.6406
20585,4930.725
20586,4930.725
20587,4930.725
20588,4931.6406
20589,4931.0303
20590,4931.6406
20591,4930.725
20592,4929.8096
20593,4930.725
20594,4931.0303
20595,4931.3354
20596,4931.0303
20597,4931.3354
20598,4930.725
20599,4931.6406
20600,4930.1147
20601,4931.0303
20602,4930.725
20603,4931.3354
20604,4931.6406
20605,4931.0303
20606,4931.6406
20607,4930.725
20608,4932.556
20609,4931.0303
20610,4930.725
20611,4931.0303
20612,4931.946
20613,4930.725
20614,4931.0303
20615,4931.0303
20616,4931.6406
20617,4930.42
20618,4931.0303
20619,4931.3354
20620,4931.6406
20621,4931.6406
20622,4931.6406
20623,4931.0303
20624,4930.725
20625,4931.0303
20626,4931.0303
20627,4931.3354
20628,4931.946
20629,4931.0303
20630,4931.0303
20631,4930.725
20632,4930.1147
20633,4931.0303
20634,4931.0303
20635,4930.42
20636,4931.3354
20637,4931.0303
20638,4930.42
20639,4930.725
20640,4930.725
20641,4930.725
20642,4931.3354
20643,4931.3354
20644,4931.3354
20645,4930.1147
20646,4931.3354
20647,4931.0303
20648,4930.725
20649,4931.946
20650,4931.0303
20651,4931.0303
20652,4929.8096
20653,4931.3354
20654,4932.251
20655,4931.3354
20656,4931.3354
20657,4930.42
20658,4930.42
20659,4931.3354
20660,4931.6406
20661,4930.725
20662,4931.0303
20663,4930.1147
20664,4931.0303
20665,4930.725
20666,4931.0303
20667,4931.0303
20668,4931.6406
20669,4931.0303
20670,4931.3354
20671,4931.3354
20672,4931.3354
20673,4931.6406
20674,4929.8096
20675,4931.6406
20676,4931.6406
20677,4931.3354
20678,4930.725
20679,4931.3354
20680,4930.725
20681,4931.6406
20682,4930.1147
20683,4931.6406
20684,4931.0303
20685,4931.946
20686,4931.6406
20687,4931.946
20688,4930.1147
20689,4931.0303
20690,4931.946
20691,4931.3354
20692,4931.3354
20693,4931.3354
20694,4930.725
20695,4930.42
20696,4931.6406
20697,4931.0303
20698,4931.6406
20699,4931.0303
20700,4931.3354
20701,4931.3354
20702,4931.3354
20703,4931.0303
20704,4931.6406
20705,4931.3354
20706,4931.3354
20707,4931.0303
20708,4931.0303
20709,4931.3354
20710,4931.0303
20711,4931.0303
20712,4931.3354
20713,4931.3354
20714,4930.42
20715,4930.42
20716,4931.0303
20717,4931.3354
20718,4931.3354
20719,4931.946
20720,4931.3354
20721,4931.3354
20722,4931.0303
20723,4931.3354
20724,4931.6406
20725,4931.0303
20726,4931.3354
20727,4930.42
20728,4930.1147
20729,4930.42
20730,4930.725
20731,4931.0303
20732,4930.725
20733,4931.0303
20734,4930.42
20735,4931.0303
20736,4931.946
20737,4931.946
20738,4931.3354
20739,4932.556
20740,4930.725
20741,4930.1147
20742,4930.1147
20743,4930.42
20744,4930.42
20745,4931.6406
20746,4931.0303
20747,4931.3354
20748,4930.42
20749,4931.3354
20750,4931.3354
20751,4931.946
20752,4930.725
20753,4932.8613
20754,4932.8613
20755,4932.251
20756,4933.1665
20757,4931.946
20758,4930.725
20759,4931.6406
20760,4930.725
20761,4930.725
20762,4929.199
20763,4929.5044
20764,4930.42
20765,4930.725
20766,4931.3354
20767,4931.6406
20768,4931.0303
20769,4929.5044
20770,4931.0303
20771,4931.3354
20772,4931.946
20773,4931.6406
20774,4931.946
20775,4931.946
20776,4932.556
20777,4931.0303
20778,4930.725
20779,4931.0303
20780,4930.42
20781,4930.42
20782,4931.3354
20783,4931.0303
20784,4931.6406
20785,4931.0303
20786,4931.0303
20787,4930.42
20788,4930.725
20789,4930.42
20790,4931.0303
20791,4931.6406
20792,4930.725
20793,4931.6406
20794,4931.0303
20795,4931.6406
20796,4931.0303
20797,4931.0303
20798,4930.725
20799,4932.251
20800,4931.3354
20801,4931.6406
20802,4931.0303
20803,4931.3354
20804,4931.0303
20805,4930.725
20806,4930.725
20807,4931.0303
20808,4929.8096
20809,4930.42
20810,4930.725
20811,4931.0303
20812,4931.3354
20813,4930.725
20814,4930.725
20815,4931.0303
20816,4931.3354
20817,4931.6406
20818,4931.6406
20819,4931.6406
20820,4931.0303
20821,4931.6406
20822,4930.1147
20823,4931.3354
20824,4931.3354
20825,4930.725
20826,4931.946
20827,4930.1147
20828,4931.946
20829,4932.251
20830,4931.3354
20831,4931.3354
20832,4930.725
20833,4931.6406
20834,4931.3354
20835,4931.0303
20836,4931.3354
20837,4931.0303
20838,4931.0303
20839,4931.0303
20840,4930.725
20841,4930.725
20842,4931.0303
20843,4930.42
20844,4931.6406
20845,4931.0303
20846,4931.0303
20847,4931.0303
20848,4931.0303
20849,4931.0303
20850,4931.3354
20851,4930.42
20852,4930.42
20853,4931.0303
20854,4930.725
20855,4931.6406
20856,4931.0303
20857,4931.3354
20858,4931.3354
20859,4931.946
20860,4931.946
20861,4932.251
20862,4931.3354
20863,4930.42
20864,4931.946
20865,4931.3354
20866,4931.6406
20867,4931.6406
20868,4931.0303
20869,4930.42
20870,4931.0303
20871,4932.251
20872,4930.725
20873,4931.0303
20874,4930.42
20875,4930.725
20876,4931.0303
20877,4931.0303
20878,4931.3354
20879,4931.0303
20880,4930.1147
20881,4931.946
20882,4931.3354
20883,4931.0303
20884,4931.0303
20885,4931.3354
20886,4931.0303
20887,4931.6406
20888,4930.725
20889,4931.3354
20890,4931.0303
20891,4930.725
20892,4931.3354
20893,4931.3354
20894,4930.725
20895,4931.0303
20896,4931.3354
20897,4931.0303
20898,4932.251
20899,4931.3354
20900,4931.0303
20901,4929.8096
20902,4930.725
20903,4931.0303
20904,4931.3354
20905,4931.6406
20906,4931.6406
20907,4931.3354
20908,4931.0303
20909,4931.6406
20910,4931.3354
20911,4931.3354
20912,4930.725
20913,4930.725
20914,4930.42
20915,4930.42
20916,4931.6406
20917,4931.3354
20918,4931.946
20919,4930.42
20920,4930.42
20921,4930.725
20922,4930.725
20923,4930.725
20924,4931.3354
20925,4930.725
20926,4931.3354
20927,4931.0303
20928,4931.3354
20929,4931.3354
20930,4931.0303
20931,4931.6406
20932,4930.725
20933,4931.0303
20934,4930.725
20935,4931.3354
20936,4931.946
20937,4931.946
20938,4930.42
20939,4931.3354
20940,4930.725
20941,4930.725
20942,4930.42
20943,4931.3354
20944,4931.3354
20945,4931.6406
20946,4931.0303
20947,4930.42
20948,4931.3354
20949,4931.3354
20950,4930.725
20951,4930.725
20952,4931.0303
20953,4930.725
20954,4931.0303
20955,4931.6406
20956,4931.0303
20957,4930.725
20958,4931.3354
20959,4930.42
20960,4931.0303
20961,4931.0303
20962,4930.725
20963,4931.3354
20964,4930.42
20965,4930.42
20966,4931.3354
20967,4931.3354
20968,4930.42
20969,4931.3354
20970,4931.0303
20971,4931.946
20972,4931.0303
20973,4931.6406
20974,4931.6406
20975,4931.0303
20976,4931.6406
20977,4931.6406
20978,4930.725
20979,4929.5044
20980,4931.0303
20981,4931.3354
20982,4931.3354
20983,4931.0303
20984,4931.0303
20985,4931.0303
20986,4931.6406
20987,4931.3354
20988,4931.3354
20989,4931.3354
20990,4931.0303
20991,4931.0303
20992,4930.725
20993,4930.725
20994,4931.3354
20995,4931.0303
20996,4931.0303
20997,4931.3354
20998,4931.3354
20999,4930.1147
21000,4931.0303
21001,4930.42
21002,4931.0303
21003,4932.556
21004,4931.6406
21005,4931.946
21006,4931.946
21007,4930.42
21008,4930.725
21009,4931.0303
21010,4931.3354
21011,4931.0303
21012,4930.725
21013,4931.3354
21014,4929.5044
21015,4931.3354
21016,4931.6406
21017,4931.3354
21018,4931.0303
21019,4931.946
21020,4931.3354
21021,4930.725
21022,4931.3354
21023,4931.946
21024,4930.42
21025,4931.3354
21026,4930.1147
21027,4931.0303
21028,4930.1147
21029,4931.0303
21030,4931.6406
21031,4930.725
21032,4931.0303
21033,4931.0303
21034,4930.42
21035,4931.6406
21036,4931.946
21037,4931.3354
21038,4930.725
21039,4930.725
21040,4931.0303
21041,4931.3354
21042,4931.0303
21043,4931.0303
21044,4930.42
21045,4930.42
21046,4930.42
21047,4931.0303
21048,4931.3354
21049,4930.42
21050,4931.3354
21051,4931.0303
21052,4931.3354
21053,4930.42
21054,4931.3354
21055,4931.3354
21056,4931.6406
21057,4930.42
21058,4931.3354
21059,4931.6406
21060,4930.42
21061,4930.725
21062,4931.3354
21063,4931.6406
21064,4930.42
21065,4931.3354
21066,4931.3354
21067,4931.6406
21068,4931.3354
21069,4930.1147
21070,4930.725
21071,4931.6406
21072,4931.6406
21073,4931.946
21074,4930.725
21075,4932.251
21076,4932.251
21077,4931.6406
21078,4931.0303
21079,4930.725
21080,4931.0303
21081,4931.3354
21082,4930.725
21083,4931.3354
21084,4931.6406
21085,4931.0303
21086,4931.0303
21087,4930.42
21088,4930.725
21089,4931.0303
21090,4931.3354
21091,4931.0303
21092,4931.0303
21093,4931.6406
21094,4930.42
21095,4930.725
21096,4930.42
21097,4930.725
21098,4931.3354
21099,4931.6406
21100,4931.0303
21101,4931.0303
21102,4931.6406
21103,4931.6406
21104,4931.3354
21105,4931.3354
21106,4930.725
21107,4930.725
21108,4931.3354
21109,4931.6406
21110,4931.3354
21111,4931.6406
21112,4931.3354
21113,4931.3354
21114,4931.6406
21115,4931.3354
21116,4931.6406
21117,4931.6406
21118,4930.725
21119,4931.3354
21120,4930.1147
21121,4931.0303
21122,4931.6406
21123,4931.0303
21124,4930.725
21125,4930.42
21126,4931.0303
21127,4931.3354
21128,4930.725
21129,4931.0303
21130,4931.946
21131,4931.6406
21132,4930.42
21133,4931.3354
21134,4931.3354
21135,4930.42
21136,4931.3354
21137,4931.3354
21138,4930.42
21139,4930.42
21140,4931.3354
21141,4931.3354
21142,4931.3354
21143,4932.251
21144,4931.0303
21145,4930.725
21146,4930.42
21147,4931.0303
21148,4931.3354
21149,4931.3354
21150,4931.3354
21151,4931.0303
21152,4931.3354
21153,4931.6406
21154,4931.0303
21155,4931.3354
21156,4930.725
21157,4931.0303
21158,4931.946
21159,4931.0303
21160,4930.725
21161,4930.725
21162,4931.0303
21163,4930.42
21164,4931.3354
21165,4930.725
21166,4931.3354
21167,4931.6406
21168,4931.6406
21169,4931.3354
21170,4930.42
21171,4931.0303
21172,4931.6406
21173,4931.3354
21174,4931.6406
21175,4931.6406
21176,4930.1147
21177,4931.0303
21178,4931.0303
21179,4931.946
21180,4931.6406
21181,4930.42
21182,4931.3354
21183,4932.251
21184,4930.42
21185,4931.0303
21186,4931.946
21187,4931.6406
21188,4930.42
21189,4931.0303
21190,4931.6406
21191,4931.0303
21192,4931.6406
21193,4931.0303
21194,4931.6406
21195,4930.1147
21196,4931.3354
21197,4931.6406
21198,4931.3354
21199,4931.3354
21200,4931.3354
21201,4930.42
21202,4930.1147
21203,4930.725
21204,4931.0303
21205,4931.0303
21206,4931.0303
21207,4930.42
21208,4931.0303
21209,4930.725
21210,4930.42
21211,4930.1147
21212,4930.725
21213,4931.0303
21214,4931.0303
21215,4931.0303
21216,4931.0303
21217,4930.725
21218,4931.3354
21219,4931.3354
21220,4930.42
21221,4931.3354
21222,4931.3354
21223,4931.0303
21224,4931.3354
21225,4931.0303
21226,4930.725
21227,4931.3354
21228,4931.3354
21229,4931.0303
21230,4931.3354
21231,4931.6406
21232,4931.3354
21233,4931.0303
21234,4931.0303
21235,4931.0303
21236,4930.42
21237,4931.3354
21238,4930.1147
21239,4930.725
21240,4931.0303
21241,4931.3354
21242,4932.556
21243,4931.0303
21244,4931.6406
21245,4931.0303
21246,4930.42
21247,4930.725
21248,4930.725
21249,4931.0303
21250,4933.4717
21251,4930.725
21252,4931.6406
21253,4930.42
21254,4931.6406
21255,4930.1147
21256,4931.0303
21257,4930.42
21258,4930.725
21259,4931.0303
21260,4931.0303
21261,4931.6406
21262,4930.1147
21263,4931.0303
21264,4931.946
21265,4931.6406
21266,4931.3354
21267,4931.0303
21268,4931.946
21269,4931.0303
21270,4931.0303
21271,4931.0303
21272,4931.6406
21273,4931.946
21274,4930.725
21275,4931.6406
21276,4930.42
21277,4933.777
21278,4931.6406
21279,4931.0303
21280,4931.3354
21281,4931.3354
21282,4931.0303
21283,4931.946
21284,4930.725
21285,4931.0303
21286,4931.0303
21287,4931.0303
21288,4930.725
21289,4931.0303
21290,4930.725
21291,4930.725
21292,4931.0303
21293,4931.946
21294,4930.725
21295,4931.0303
21296,4930.725
21297,4931.3354
21298,4930.725
21299,4931.0303
21300,4930.42
21301,4931.0303
21302,4930.725
21303,4930.725
21304,4931.3354
21305,4931.6406
21306,4929.8096
21307,4930.725
21308,4930.725
21309,4931.3354
21310,4931.6406
21311,4931.6406
21312,4930.42
21313,4931.0303
21314,4931.3354
21315,4931.0303
21316,4929.8096
21317,4931.0303
21318,4931.0303
21319,4931.0303
21320,4931.3354
21321,4931.6406
21322,4931.3354
21323,4931.3354
21324,4931.0303
21325,4931.0303
21326,4930.42
21327,4931.0303
21328,4931.3354
21329,4931.0303
21330,4930.725
21331,4931.3354
21332,4930.725
21333,4930.725
21334,4930.1147
21335,4931.0303
21336,4931.0303
21337,4931.0303
21338,4931.0303
21339,4931.0303
21340,4931.0303
21341,4930.1147
21342,4931.946
21343,4930.42
21344,4930.725
21345,4930.42
21346,4931.3354
21347,4931.0303
21348,4931.0303
21349,4930.725
21350,4931.3354
21351,4931.6406
21352,4930.725
21353,4931.6406
21354,4931.0303
21355,4931.6406
21356,4930.725
21357,4931.3354
21358,4930.42
21359,4931.0303
21360,4931.946
21361,4930.42
21362,4930.725
21363,4931.3354
21364,4930.725
21365,4930.725
21366,4930.725
21367,4931.6406
21368,4931.3354
21369,4930.725
21370,4930.42
21371,4930.1147
21372,4930.725
21373,4931.6406
21374,4930.725
21375,4930.1147
21376,4931.3354
21377,4931.0303
21378,4931.6406
21379,4931.6406
21380,4931.3354
21381,4931.946
21382,4930.725
21383,4931.0303
21384,4930.42
21385,4930.725
21386,4930.725
21387,4931.0303
21388,4931.0303
21389,4931.6406
21390,4932.556
21391,4930.725
21392,4931.3354
21393,4931.3354
21394,4930.725
21395,4931.3354
21396,4931.0303
21397,4930.725
21398,4931.3354
21399,4931.6406
21400,4931.6406
21401,4930.42
21402,4931.0303
21403,4931.6406
21404,4931.0303
21405,4931.0303
21406,4931.6406
21407,4930.725
21408,4930.42
21409,4931.6406
21410,4931.3354
21411,4931.3354
21412,4930.725
21413,4930.725
21414,4930.725
21415,4931.0303
21416,4931.0303
21417,4931.3354
21418,4931.3354
21419,4930.1147
21420,4931.0303
21421,4930.725
21422,4931.0303
21423,4931.3354
21424,4931.3354
21425,4932.251
21426,4931.3354
21427,4931.0303
21428,4931.3354
21429,4931.0303
21430,4931.0303
21431,4931.3354
21432,4930.42
21433,4932.556
21434,4931.946
21435,4931.6406
21436,4931.3354
21437,4931.946
21438,4931.0303
21439,4929.8096
21440,4930.725
21441,4931.3354
21442,4931.0303
21443,4930.725
21444,4931.0303
21445,4931.3354
21446,4931.6406
21447,4930.725
21448,4931.0303
21449,4931.6406
21450,4932.251
21451,4930.1147
21452,4930.725
21453,4930.725
21454,4931.0303
21455,4932.251
21456,4931.0303
21457,4930.42
21458,4930.42
21459,4931.3354
21460,4930.725
21461,4931.3354
21462,4931.0303
21463,4931.0303
21464,4930.725
21465,4930.725
21466,4931.6406
21467,4931.0303
21468,4930.725
21469,4932.556
21470,4930.1147
21471,4930.42
21472,4931.6406
21473,4930.42
21474,4930.725
21475,4930.725
21476,4931.0303
21477,4931.3354
21478,4931.6406
21479,4930.725
21480,4931.3354
21481,4931.946
21482,4931.3354
21483,4931.3354
21484,4931.6406
21485,4931.6406
21486,4930.725
21487,4931.3354
21488,4930.42
21489,4930.42
21490,4931.6406
21491,4931.6406
21492,4931.946
21493,4929.5044
21494,4929.8096
21495,4931.3354
21496,4931.0303
21497,4932.556
21498,4931.3354
21499,4930.725
21500,4931.3354
21501,4930.725
21502,4931.3354
21503,4931.0303
21504,4931.6406
21505,4931.3354
21506,4931.3354
21507,4930.42
21508,4931.946
21509,4931.3354
21510,4931.6406
21511,4931.3354
21512,4931.6406
21513,4930.725
21514,4930.725
21515,4931.6406
21516,4931.3354
21517,4930.42
21518,4930.725
21519,4931.946
21520,4931.3354
21521,4931.6406
21522,4931.6406
21523,4931.6406
21524,4931.3354
21525,4930.725
21526,4930.725
21527,4931.0303
21528,4931.6406
21529,4931.0303
21530,4931.3354
21531,4931.3354
21532,4930.725
21533,4931.0303
21534,4931.0303
21535,4930.725
21536,4931.6406
21537,4931.3354
21538,4930.42
21539,4930.42
21540,4930.42
21541,4931.6406
21542,4931.0303
21543,4931.3354
21544,4931.6406
21545,4931.0303
21546,4930.42
21547,4930.725
21548,4931.3354
21549,4930.725
21550,4930.42
21551,4931.0303
21552,4931.3354
21553,4930.725
21554,4930.725
21555,4931.0303
21556,4930.725
21557,4930.42
21558,4930.42
21559,4931.3354
21560,4931.0303
21561,4931.946
21562,4931.6406
21563,4930.725
21564,4931.6406
21565,4931.946
21566,4930.725
21567,4931.946
21568,4931.6406
21569,4931.6406
21570,4931.3354
21571,4931.0303
21572,4931.6406
21573,4931.6406
21574,4931.3354
21575,4930.725
21576,4931.0303
21577,4931.3354
21578,4931.946
21579,4931.0303
21580,4930.725
21581,4931.3354
21582,4932.251
21583,4931.6406
21584,4931.3354
21585,4931.0303
21586,4930.1147
21587,4931.6406
21588,4930.725
21589,4931.0303
21590,4930.725
21591,4931.6406
21592,4931.3354
21593,4931.6406
21594,4931.6406
21595,4931.0303
21596,4930.42
21597,4931.3354
21598,4931.3354
21599,4931.0303
21600,4931.6406
21601,4931.3354
21602,4931.3354
21603,4931.3354
21604,4931.3354
21605,4931.0303
21606,4930.725
21607,4931.0303
21608,4931.3354
21609,4930.725
21610,4931.6406
21611,4931.3354
21612,4931.3354
21613,4931.6406
21614,4930.725
21615,4931.6406
21616,4930.725
21617,4931.0303
21618,4930.725
21619,4931.6406
21620,4931.946
21621,4930.42
21622,4930.725
21623,4931.0303
21624,4930.42
21625,4930.42
21626,4930.725
21627,4930.725
21628,4931.0303
21629,4931.6406
21630,4931.3354
21631,4931.3354
21632,4931.0303
21633,4930.725
21634,4930.725
21635,4931.3354
21636,4931.0303
21637,4932.251
21638,4931.3354
21639,4931.946
21640,4931.946
21641,4931.3354
21642,4930.725
21643,4931.0303
21644,4931.0303
21645,4931.0303
21646,4931.0303
21647,4931.3354
21648,4931.6406
21649,4931.946
21650,4931.0303
21651,4931.0303
21652,4930.1147
21653,4931.0303
21654,4931.946
21655,4931.3354
21656,4931.6406
21657,4930.725
21658,4930.725
21659,4931.6406
21660,4930.725
21661,4931.3354
21662,4930.725
21663,4930.725
21664,4930.725
21665,4931.6406
21666,4931.6406
21667,4931.0303
21668,4931.6406
21669,4931.0303
21670,4930.42
21671,4930.725
21672,4931.946
21673,4931.946
21674,4931.0303
21675,4931.0303
21676,4931.0303
21677,4931.0303
21678,4931.0303
21679,4931.946
21680,4931.0303
21681,4931.0303
21682,4931.3354
21683,4930.725
21684,4930.725
21685,4930.42
21686,4931.0303
21687,4931.6406
21688,4931.3354
21689,4930.725
21690,4931.6406
21691,4931.6406
21692,4931.6406
21693,4931.0303
21694,4930.42
21695,4930.42
21696,4931.6406
21697,4931.0303
21698,4931.3354
21699,4931.946
21700,4931.3354
21701,4930.42
21702,4931.0303
21703,4930.42
21704,4930.725
21705,4930.725
21706,4931.3354
21707,4931.0303
21708,4930.725
21709,4930.725
21710,4931.3354
21711,4931.3354
21712,4930.725
21713,4931.3354
21714,4931.6406
21715,4931.946
21716,4931.6406
21717,4931.3354
21718,4931.6406
21719,4931.946
21720,4930.725
21721,4931.3354
21722,4931.3354
21723,4931.6406
21724,4931.946
21725,4931.0303
21726,4931.946
21727,4931.3354
21728,4931.6406
21729,4931.3354
21730,4930.725
21731,4931.0303
21732,4930.42
21733,4931.0303
21734,4931.0303
21735,4931.0303
21736,4930.725
21737,4931.946
21738,4931.3354
21739,4930.42
21740,4929.5044
21741,4930.42
21742,4931.6406
21743,4931.3354
21744,4932.556
21745,4930.1147
21746,4931.0303
21747,4931.3354
21748,4931.6406
21749,4930.725
21750,4930.42
21751,4931.6406
21752,4930.725
21753,4931.0303
21754,4931.3354
21755,4931.946
21756,4931.3354
21757,4930.42
21758,4929.8096
21759,4930.725
21760,4931.6406
21761,4931.946
21762,4930.725
21763,4931.0303
21764,4931.6406
21765,4931.6406
21766,4930.42
21767,4931.0303
21768,4931.6406
21769,4931.3354
21770,4930.1147
21771,4930.42
21772,4931.3354
21773,4931.6406
21774,4931.3354
21775,4931.0303
21776,4931.0303
21777,4931.0303
21778,4931.0303
21779,4931.6406
21780,4930.725
21781,4930.42
21782,4930.725
21783,4930.725
21784,4931.0303
21785,4931.3354
21786,4930.725
21787,4930.725
21788,4931.3354
21789,4930.725
21790,4930.42
21791,4931.0303
21792,4931.3354
21793,4931.0303
21794,4930.725
21795,4930.1147
21796,4931.6406
21797,4931.946
21798,4930.725
21799,4932.251
21800,4931.3354
21801,4931.3354
21802,4930.725
21803,4931.946
21804,4931.3354
21805,4931.6406
21806,4931.3354
21807,4931.0303
21808,4930.725
21809,4930.1147
21810,4931.3354
21811,4931.0303
21812,4931.3354
21813,4931.6406
21814,4932.251
21815,4931.3354
21816,4931.3354
21817,4930.725
21818,4931.946
21819,4931.3354
21820,4930.42
21821,4930.725
21822,4931.3354
21823,4930.725
21824,4931.3354
21825,4931.0303
21826,4930.42
21827,4930.725
21828,4930.1147
21829,4931.0303
21830,4931.3354
21831,4931.0303
21832,4931.0303
21833,4931.0303
21834,4931.0303
21835,4930.725
21836,4931.3354
21837,4931.3354
21838,4931.0303
21839,4930.42
21840,4931.3354
21841,4931.3354
21842,4931.3354
21843,4931.6406
21844,4931.3354
21845,4931.0303
21846,4931.6406
21847,4931.6406
21848,4931.3354
21849,4931.946
21850,4931.0303
21851,4931.3354
21852,4931.0303
21853,4930.42
21854,4930.42
21855,4931.0303
21856,4931.3354
21857,4931.3354
21858,4930.725
21859,4930.42
21860,4931.6406
21861,4931.6406
21862,4932.251
21863,4931.6406
21864,4931.3354
21865,4931.0303
21866,4930.725
21867,4931.6406
21868,4931.3354
21869,4931.6406
21870,4930.725
21871,4931.6406
21872,4930.725
21873,4930.42
21874,4931.6406
21875,4931.6406
21876,4930.42
21877,4930.42
21878,4931.6406
21879,4931.6406
21880,4930.725
21881,4931.3354
21882,4931.3354
21883,4931.946
21884,4931.6406
21885,4931.0303
21886,4930.725
21887,4931.6406
21888,4931.3354
21889,4930.725
21890,4931.0303
21891,4930.42
21892,4932.251
21893,4931.6406
21894,4930.42
21895,4930.725
21896,4931.3354
21897,4930.725
21898,4930.725
21899,4931.3354
21900,4931.6406
21901,4931.3354
21902,4931.6406
21903,4931.3354
21904,4930.725
21905,4931.3354
21906,4931.3354
21907,4931.0303
21908,4930.42
21909,4931.0303
21910,4931.3354
21911,4931.6406
21912,4931.3354
21913,4931.3354
21914,4931.0303
21915,4930.42
21916,4931.946
21917,4930.725
21918,4930.725
21919,4931.0303
21920,4931.6406
21921,4931.6406
21922,4931.0303
21923,4931.0303
21924,4931.6406
21925,4931.0303
21926,4931.3354
21927,4931.946
21928,4931.946
21929,4931.3354
21930,4931.0303
21931,4930.725
21932,4930.725
21933,4931.0303
21934,4931.3354
21935,4931.6406
21936,4931.6406
21937,4931.946
21938,4931.6406
21939,4931.0303
21940,4930.1147
21941,4931.3354
21942,4931.3354
21943,4931.3354
21944,4930.725
21945,4930.725
21946,4931.3354
21947,4931.3354
21948,4931.6406
21949,4931.3354
21950,4930.725
21951,4931.0303
21952,4931.3354
21953,4930.725
21954,4931.946
21955,4931.0303
21956,4930.42
21957,4929.8096
21958,4931.0303
21959,4931.3354
21960,4931.946
21961,4931.3354
21962,4931.946
21963,4931.6406
21964,4931.3354
21965,4931.0303
21966,4931.6406
21967,4930.725
21968,4931.6406
21969,4931.0303
21970,4931.0303
21971,4930.725
21972,4931.3354
21973,4931.3354
21974,4930.725
21975,4931.6406
21976,4930.42
21977,4930.725
21978,4931.6406
21979,4931.3354
21980,4931.3354
21981,4931.0303
21982,4931.0303
21983,4930.725
21984,4931.3354
21985,4931.6406
21986,4930.725
21987,4930.42
21988,4931.6406
21989,4930.42
21990,4931.0303
21991,4933.777
21992,4931.3354
21993,4931.3354
21994,4931.6406
21995,4931.0303
21996,4930.725
21997,4931.3354
21998,4931.0303
21999,4931.6406
22000,4931.0303
22001,4931.0303
22002,4931.3354
22003,4931.946
22004,4930.725
22005,4931.3354
22006,4931.3354
22007,4931.0303
22008,4930.725
22009,4931.0303
22010,4931.946
22011,4929.5044
22012,4931.3354
22013,4931.6406
22014,4931.0303
22015,4931.0303
22016,4931.6406
22017,4931.0303
22018,4931.3354
22019,4930.725
22020,4930.725
22021,4931.0303
22022,4931.0303
22023,4931.0303
22024,4931.0303
22025,4931.0303
22026,4930.725
22027,4931.0303
22028,4931.6406
22029,4931.0303
22030,4931.946
22031,4931.0303
22032,4931.0303
22033,4930.725
22034,4930.725
22035,4930.42
22036,4930.725
22037,4930.42
22038,4931.946
22039,4930.725
22040,4929.5044
22041,4930.725
22042,4931.3354
22043,4931.3354
22044,4931.6406
22045,4931.6406
22046,4931.0303
22047,4931.0303
22048,4931.6406
22049,4930.42
22050,4930.725
22051,4931.6406
22052,4931.0303
22053,4930.725
22054,4931.0303
22055,4932.251
22056,4931.3354
22057,4930.42
22058,4930.725
22059,4931.0303
22060,4931.0303
22061,4932.251
22062,4930.725
22063,4931.3354
22064,4931.0303
22065,4930.42
22066,4931.6406
22067,4931.0303
22068,4930.725
22069,4932.251
22070,4929.8096
22071,4931.0303
22072,4931.0303
22073,4931.3354
22074,4930.1147
22075,4931.3354
22076,4931.0303
22077,4930.42
22078,4930.725
22079,4930.725
22080,4931.3354
22081,4931.0303
22082,4929.8096
22083,4931.0303
22084,4931.0303
22085,4930.42
22086,4931.3354
22087,4932.251
22088,4931.6406
22089,4930.725
22090,4930.725
22091,4930.725
22092,4931.0303
22093,4931.6406
22094,4931.6406
22095,4930.42
22096,4931.3354
22097,4931.946
22098,4931.946
22099,4930.725
22100,4931.3354
22101,4931.0303
22102,4931.3354
22103,4931.0303
22104,4929.8096
22105,4931.3354
22106,4931.0303
22107,4930.725
22108,4932.251
22109,4931.0303
22110,4931.0303
22111,4931.0303
22112,4931.6406
22113,4930.725
22114,4930.725
22115,4930.725
22116,4930.725
22117,4930.725
22118,4931.3354
22119,4930.42
22120,4930.42
22121,4931.0303
22122,4931.0303
22123,4930.725
22124,4931.6406
22125,4931.0303
22126,4931.0303
22127,4930.42
22128,4931.3354
22129,4931.3354
22130,4931.3354
22131,4931.6406
22132,4930.42
22133,4930.725
22134,4931.3354
22135,4931.946
22136,4930.725
22137,4930.42
22138,4931.946
22139,4931.6406
22140,4931.0303
22141,4930.725
22142,4931.0303
22143,4931.6406
22144,4931.6406
22145,4930.725
22146,4931.0303
22147,4931.3354
22148,4931.3354
22149,4930.42
22150,4931.0303
22151,4930.725
22152,4930.42
22153,4931.3354
22154,4931.946
22155,4931.0303
22156,4931.6406
22157,4930.42
22158,4931.3354
22159,4931.3354
22160,4930.1147
22161,4931.3354
22162,4930.725
22163,4932.251
22164,4931.3354
22165,4931.0303
22166,4931.3354
22167,4931.0303
22168,4931.0303
22169,4930.725
22170,4930.725
22171,4931.3354
22172,4931.6406
22173,4931.3354
22174,4931.3354
22175,4932.251
22176,4931.6406
22177,4930.725
22178,4931.3354
22179,4932.251
22180,4931.6406
22181,4931.3354
22182,4930.42
22183,4931.6406
22184,4931.946
22185,4931.3354
22186,4931.6406
22187,4931.6406
22188,4930.725
22189,4930.725
22190,4930.725
22191,4931.3354
22192,4930.725
22193,4931.6406
22194,4931.0303
22195,4930.725
22196,4931.0303
22197,4931.0303
22198,4931.0303
22199,4931.946
22200,4931.3354
22201,4931.3354
22202,4930.725
22203,4932.251
22204,4931.6406
22205,4930.725
22206,4931.3354
22207,4931.3354
22208,4931.6406
22209,4931.3354
22210,4931.6406
22211,4931.946
22212,4931.6406
22213,4931.0303
22214,4931.3354
22215,4930.42
22216,4930.725
22217,4930.725
22218,4931.0303
22219,4931.6406
22220,4930.42
22221,4931.0303
22222,4930.42
22223,4931.0303
22224,4931.946
22225,4931.3354
22226,4931.3354
22227,4930.1147
22228,4931.0303
22229,4931.6406
22230,4930.1147
22231,4930.42
22232,4930.42
22233,4930.725
22234,4930.1147
22235,4931.6406
22236,4931.0303
22237,4931.3354
22238,4932.251
22239,4930.725
22240,4930.42
22241,4931.0303
22242,4931.6406
22243,4931.3354
22244,4930.725
22245,4931.0303
22246,4931.0303
22247,4931.6406
22248,4931.3354
22249,4931.3354
22250,4931.946
22251,4931.6406
22252,4931.3354
22253,4931.6406
22254,4930.725
22255,4932.8613
22256,4931.0303
22257,4931.946
22258,4931.0303
22259,4930.725
22260,4931.0303
22261,4931.946
22262,4931.0303
22263,4931.3354
22264,4930.42
22265,4931.946
22266,4930.725
22267,4931.0303
22268,4931.0303
22269,4931.6406
22270,4930.42
22271,4931.946
22272,4931.946
22273,4930.42
22274,4931.3354
22275,4931.6406
22276,4930.725
22277,4930.42
22278,4930.725
22279,4931.946
22280,4930.1147
22281,4930.1147
22282,4930.42
22283,4931.946
22284,4931.6406
22285,4931.0303
22286,4931.3354
22287,4931.0303
22288,4931.0303
22289,4931.3354
22290,4931.3354
22291,4931.946
22292,4931.3354
22293,4931.6406
22294,4931.3354
22295,4930.725
22296,4931.0303
22297,4930.725
22298,4930.42
22299,4931.3354
22300,4930.725
22301,4931.0303
22302,4930.725
22303,4931.3354
22304,4930.725
22305,4930.725
22306,4931.946
22307,4931.3354
22308,4932.251
22309,4930.725
22310,4931.3354
22311,4931.3354
22312,4931.6406
22313,4930.725
22314,4931.0303
22315,4930.725
22316,4931.0303
22317,4931.0303
22318,4931.6406
22319,4930.725
22320,4930.42
22321,4931.3354
22322,4931.0303
22323,4931.3354
22324,4931.3354
22325,4931.3354
22326,4931.0303
22327,4931.0303
22328,4932.251
22329,4931.0303
22330,4932.251
22331,4931.0303
22332,4931.6406
22333,4930.725
22334,4931.0303
22335,4931.6406
22336,4931.0303
22337,4931.0303
22338,4932.251
22339,4931.3354
22340,4931.0303
22341,4931.0303
22342,4931.0303
22343,4931.946
22344,4931.0303
22345,4930.42
22346,4931.6406
22347,4931.3354
22348,4931.3354
22349,4931.6406
22350,4931.3354
22351,4930.42
22352,4930.725
22353,4931.3354
22354,4930.42
22355,4931.0303
22356,4931.3354
22357,4931.3354
22358,4930.725
22359,4931.0303
22360,4930.725
22361,4931.6406
22362,4931.3354
22363,4930.1147
22364,4931.0303
22365,4930.725
22366,4931.0303
22367,4931.6406
22368,4932.251
22369,4931.6406
22370,4931.0303
22371,4931.0303
22372,4930.1147
22373,4931.6406
22374,4931.0303
22375,4931.946
22376,4932.556
22377,4931.0303
22378,4931.946
22379,4931.3354
22380,4931.0303
22381,4931.3354
22382,4931.0303
22383,4930.1147
22384,4931.3354
22385,4931.0303
22386,4931.6406
22387,4931.6406
22388,4931.0303
22389,4930.42
22390,4930.42
22391,4931.0303
22392,4931.3354
22393,4931.3354
22394,4931.6406
22395,4931.6406
22396,4930.42
22397,4931.3354
22398,4931.0303
22399,4931.0303
22400,4931.3354
22401,4931.0303
22402,4931.3354
22403,4931.6406
22404,4930.725
22405,4931.3354
22406,4931.3354
22407,4931.0303
22408,4930.42
22409,4931.3354
22410,4931.0303
22411,4931.0303
22412,4931.0303
22413,4931.3354
22414,4930.725
22415,4931.946
22416,4931.3354
22417,4931.3354
22418,4931.6406
22419,4930.725
22420,4930.725
22421,4931.3354
22422,4931.3354
22423,4931.6406
22424,4931.3354
22425,4931.3354
22426,4931.3354
22427,4931.3354
22428,4931.3354
22429,4931.6406
22430,4931.6406
22431,4930.725
22432,4929.8096
22433,4931.3354
22434,4931.3354
22435,4931.3354
22436,4931.3354
22437,4929.8096
22438,4931.946
22439,4931.3354
22440,4930.725
22441,4931.3354
22442,4930.725
22443,4931.6406
22444,4931.0303
22445,4931.0303
22446,4930.725
22447,4931.3354
22448,4931.3354
22449,4930.42
22450,4931.0303
22451,4929.8096
22452,4931.6406
22453,4931.0303
22454,4930.42
22455,4930.725
22456,4931.3354
22457,4931.3354
22458,4931.3354
22459,4931.0303
22460,4931.6406
22461,4931.6406
22462,4931.946
22463,4931.3354
22464,4930.42
22465,4930.725
22466,4931.6406
22467,4931.3354
22468,4931.0303
22469,4930.725
22470,4931.946
22471,4931.3354
22472,4930.725
22473,4930.725
22474,4931.3354
22475,4931.3354
22476,4931.946
22477,4929.8096
22478,4931.0303
22479,4932.251
22480,4932.556
22481,4930.42
22482,4931.0303
22483,4930.1147
22484,4931.3354
22485,4932.8613
22486,4930.42
22487,4931.946
22488,4931.6406
22489,4931.0303
22490,4931.3354
22491,4931.6406
22492,4931.0303
22493,4931.3354
22494,4931.3354
22495,4930.725
22496,4930.725
22497,4931.6406
22498,4931.3354
22499,4931.0303
22500,4930.725
22501,4930.725
22502,4930.725
22503,4931.3354
22504,4931.3354
22505,4931.6406
22506,4929.8096
22507,4931.6406
22508,4930.725
22509,4931.3354
22510,4931.0303
22511,4930.725
22512,4931.0303
22513,4931.6406
22514,4930.42
22515,4931.6406
22516,4931.6406
22517,4931.6406
22518,4930.725
22519,4930.725
22520,4931.3354
22521,4929.8096
22522,4931.0303
22523,4931.3354
22524,4931.0303
22525,4931.0303
22526,4931.0303
22527,4930.1147
22528,4930.42
22529,4931.6406
22530,4931.3354
22531,4930.725
22532,4931.0303
22533,4930.42
22534,4931.3354
22535,4931.3354
22536,4930.725
22537,4931.946
22538,4931.6406
22539,4930.42
22540,4931.3354
22541,4931.0303
22542,4930.725
22543,4931.0303
22544,4931.0303
22545,4931.946
22546,4931.3354
22547,4931.3354
22548,4931.3354
22549,4931.3354
22550,4930.42
22551,4931.0303
22552,4930.725
22553,4930.725
22554,4931.0303
22555,4931.6406
22556,4932.556
22557,4931.3354
22558,4930.725
22559,4931.0303
22560,4930.42
22561,4931.0303
22562,4930.725
22563,4931.6406
22564,4931.0303
22565,4930.725
22566,4931.6406
22567,4930.42
22568,4930.725
22569,4931.6406
22570,4931.3354
22571,4930.42
22572,4930.725
22573,4931.0303
22574,4930.42
22575,4930.725
22576,4931.0303
22577,4930.725
22578,4931.3354
22579,4931.0303
22580,4930.42
22581,4931.6406
22582,4930.725
22583,4931.6406
22584,4931.0303
22585,4931.6406
22586,4931.3354
22587,4931.946
22588,4930.725
22589,4931.3354
22590,4931.6406
22591,4930.725
22592,4931.3354
22593,4931.3354
22594,4931.6406
22595,4931.0303
22596,4930.725
22597,4931.0303
22598,4930.725
22599,4931.3354
22600,4930.1147
22601,4931.6406
22602,4931.6406
22603,4931.6406
22604,4930.725
22605,4930.42
22606,4931.3354
22607,4931.3354
22608,4930.1147
22609,4930.42
22610,4931.0303
22611,4930.42
22612,4931.3354
22613,4930.725
22614,4931.3354
22615,4931.3354
22616,4930.42
22617,4931.3354
22618,4930.42
22619,4931.6406
22620,4931.946
22621,4931.0303
22622,4930.725
22623,4931.6406
22624,4931.0303
22625,4932.251
22626,4931.3354
22627,4931.0303
22628,4931.3354
22629,4932.251
22630,4931.0303
22631,4931.3354
22632,4931.946
22633,4931.0303
22634,4931.946
22635,4931.6406
22636,4931.946
22637,4931.0303
22638,4930.725
22639,4931.3354
22640,4931.3354
22641,4931.6406
22642,4931.3354
22643,4931.3354
22644,4931.0303
22645,4931.3354
22646,4929.8096
22647,4930.42
22648,4931.6406
22649,4931.6406
22650,4931.3354
22651,4931.6406
22652,4930.725
22653,4931.3354
22654,4931.0303
22655,4931.3354
22656,4931.3354
22657,4931.3354
22658,4930.42
22659,4930.725
22660,4931.3354
22661,4931.3354
22662,4931.6406
22663,4931.0303
22664,4931.3354
22665,4931.0303
22666,4931.3354
22667,4931.3354
22668,4931.946
22669,4931.946
22670,4931.3354
22671,4931.0303
22672,4929.5044
22673,4930.725
22674,4930.42
22675,4931.0303
22676,4931.3354
22677,4931.3354
22678,4930.1147
22679,4931.6406
22680,4931.0303
22681,4931.946
22682,4931.3354
22683,4930.42
22684,4930.1147
22685,4931.0303
22686,4931.3354
22687,4931.3354
22688,4931.0303
22689,4930.42
22690,4931.3354
22691,4929.8096
22692,4931.6406
22693,4931.0303
22694,4931.6406
22695,4931.3354
22696,4931.6406
22697,4930.42
22698,4931.3354
22699,4931.3354
22700,4930.725
22701,4931.0303
22702,4931.6406
22703,4931.3354
22704,4931.6406
22705,4931.0303
22706,4931.0303
22707,4931.3354
22708,4930.42
22709,4930.725
22710,4931.6406
22711,4932.251
22712,4931.3354
22713,4931.3354
22714,4930.725
22715,4931.0303
22716,4930.725
22717,4931.3354
22718,4930.42
22719,4930.1147
22720,4931.3354
22721,4931.0303
22722,4931.3354
22723,4931.0303
22724,4931.3354
22725,4931.3354
22726,4931.3354
22727,4930.725
22728,4930.1147
22729,4930.725
22730,4931.0303
22731,4931.0303
22732,4933.1665
22733,4929.5044
22734,4930.725
22735,4931.3354
22736,4931.6406
22737,4930.725
22738,4930.725
22739,4931.0303
22740,4931.6406
22741,4931.3354
22742,4931.3354
22743,4931.3354
22744,4931.3354
22745,4930.1147
22746,4931.0303
22747,4930.725
22748,4931.3354
22749,4931.0303
22750,4931.0303
22751,4931.0303
22752,4931.3354
22753,4931.946
22754,4931.6406
22755,4931.0303
22756,4931.3354
22757,4931.6406
22758,4931.6406
22759,4931.3354
22760,4930.725
22761,4931.6406
22762,4931.6406
22763,4930.42
22764,4931.3354
22765,4930.1147
22766,4931.0303
22767,4931.3354
22768,4931.3354
22769,4930.725
22770,4931.3354
22771,4931.6406
22772,4931.6406
22773,4930.725
22774,4931.0303
22775,4931.946
22776,4931.0303
22777,4930.725
22778,4930.725
22779,4931.3354
22780,4931.0303
22781,4930.1147
22782,4931.6406
22783,4931.3354
22784,4931.3354
22785,4931.6406
22786,4931.3354
22787,4931.3354
22788,4932.251
22789,4931.3354
22790,4931.3354
22791,4931.0303
22792,4930.42
22793,4931.3354
22794,4931.0303
22795,4931.0303
22796,4930.725
22797,4930.725
22798,4930.42
22799,4931.946
22800,4931.3354
22801,4930.725
22802,4931.6406
22803,4931.0303
22804,4931.946
22805,4930.725
22806,4931.3354
22807,4931.946
22808,4930.42
22809,4931.3354
22810,4931.946
22811,4930.1147
22812,4931.0303
22813,4931.0303
22814,4931.6406
22815,4930.42
22816,4931.3354
22817,4930.725
22818,4931.3354
22819,4930.725
22820,4932.251
22821,4931.946
22822,4931.3354
22823,4930.725
22824,4931.3354
22825,4931.946
22826,4930.42
22827,4930.725
22828,4930.725
22829,4932.251
22830,4931.6406
22831,4931.6406
22832,4931.3354
22833,4931.3354
22834,4931.0303
22835,4932.8613
22836,4931.0303
22837,4931.3354
22838,4931.6406
22839,4931.3354
22840,4931.0303
22841,4930.42
22842,4931.0303
22843,4931.3354
22844,4930.42
22845,4931.3354
22846,4931.946
22847,4930.725
22848,4930.725
22849,4931.6406
22850,4931.0303
22851,4930.725
22852,4931.0303
22853,4930.1147
22854,4931.0303
22855,4930.725
22856,4930.725
22857,4931.6406
22858,4931.3354
22859,4930.725
22860,4931.3354
22861,4930.42
22862,4931.3354
22863,4931.6406
22864,4930.42
22865,4930.725
22866,4931.0303
22867,4931.0303
22868,4931.0303
22869,4931.3354
22870,4931.3354
22871,4931.3354
22872,4932.8613
22873,4931.0303
22874,4931.6406
22875,4931.6406
22876,4930.725
22877,4931.6406
22878,4930.42
22879,4930.725
22880,4931.6406
22881,4931.3354
22882,4931.0303
22883,4930.725
22884,4931.0303
22885,4931.0303
22886,4931.3354
22887,4931.946
22888,4930.1147
22889,4931.3354
22890,4930.725
22891,4931.0303
22892,4931.0303
22893,4931.3354
22894,4931.3354
22895,4930.725
22896,4930.42
22897,4930.725
22898,4931.3354
22899,4932.556
22900,4931.3354
22901,4930.725
22902,4930.725
22903,4931.6406
22904,4931.0303
22905,4931.0303
22906,4931.3354
22907,4931.6406
22908,4931.0303
22909,4931.6406
22910,4931.3354
22911,4931.0303
22912,4931.3354
22913,4931.946
22914,4931.6406
22915,4931.3354
22916,4931.6406
22917,4931.3354
22918,4931.3354
22919,4931.0303
22920,4931.3354
22921,4931.0303
22922,4930.42
22923,4931.3354
22924,4931.3354
22925,4931.6406
22926,4930.725
22927,4931.3354
22928,4930.1147
22929,4930.725
22930,4930.725
22931,4931.6406
22932,4930.725
22933,4931.3354
22934,4930.42
22935,4931.0303
22936,4931.6406
22937,4931.0303
22938,4931.0303
22939,4931.0303
22940,4930.725
22941,4931.0303
22942,4931.0303
22943,4930.725
22944,4931.0303
22945,4931.6406
22946,4930.1147
22947,4930.725
22948,4931.6406
22949,4931.946
22950,4931.946
22951,4930.42
22952,4931.6406
22953,4930.42
22954,4932.251
22955,4931.3354
22956,4931.3354
22957,4930.725
22958,4931.0303
22959,4931.0303
22960,4931.3354
22961,4930.1147
22962,4930.725
22963,4931.0303
22964,4931.3354
22965,4930.42
22966,4931.0303
22967,4931.3354
22968,4931.0303
22969,4930.42
22970,4930.42
22971,4930.725
22972,4930.1147
22973,4931.3354
22974,4931.6406
22975,4929.8096
22976,4931.6406
22977,4931.0303
22978,4931.3354
22979,4931.946
22980,4931.0303
22981,4932.251
22982,4930.725
22983,4931.0303
22984,4931.0303
22985,4931.0303
22986,4931.0303
22987,4931.6406
22988,4931.3354
22989,4932.251
22990,4930.725
22991,4931.0303
22992,4931.6406
22993,4930.725
22994,4931.946
22995,4930.1147
22996,4931.0303
22997,4931.3354
22998,4931.3354
22999,4931.946
23000,4930.725
23001,4930.725
23002,4931.0303
23003,4931.0303
23004,4931.0303
23005,4931.6406
23006,4929.5044
23007,4931.0303
23008,4931.0303
23009,4930.42
23010,4930.725
23011,4931.6406
23012,4931.3354
23013,4931.6406
23014,4930.42
23015,4930.42
23016,4930.1147
23017,4931.0303
23018,4929.8096
23019,4931.0303
23020,4931.946
23021,4931.6406
23022,4931.0303
23023,4930.725
23024,4931.6406
23025,4931.0303
23026,4931.0303
23027,4931.3354
23028,4931.0303
23029,4930.42
23030,4931.6406
23031,4930.725
23032,4931.0303
23033,4931.3354
23034,4931.3354
23035,4931.3354
23036,4931.0303
23037,4931.0303
23038,4931.6406
23039,4931.946
23040,4930.42
23041,4931.6406
23042,4931.6406
23043,4931.3354
23044,4931.3354
23045,4930.1147
23046,4931.0303
23047,4930.42
23048,4931.946
23049,4932.251
23050,4931.0303
23051,4931.946
23052,4931.0303
23053,4930.42
23054,4931.3354
23055,4931.3354
23056,4930.42
23057,4931.3354
23058,4931.946
23059,4930.725
23060,4931.0303
23061,4931.946
23062,4931.3354
23063,4931.3354
23064,4931.3354
23065,4931.3354
23066,4930.725
23067,4930.725
23068,4931.6406
23069,4932.251
23070,4931.6406
23071,4931.3354
23072,4931.3354
23073,4930.725
23074,4930.42
23075,4931.0303
23076,4931.0303
23077,4931.3354
23078,4930.42
23079,4930.725
23080,4931.6406
23081,4931.6406
23082,4931.3354
23083,4930.42
23084,4931.0303
23085,4931.3354
23086,4931.6406
23087,4931.6406
23088,4931.3354
23089,4930.725
23090,4931.6406
23091,4931.0303
23092,4931.0303
23093,4930.725
23094,4932.251
23095,4931.3354
23096,4930.42
23097,4931.0303
23098,4931.6406
23099,4930.725
23100,4930.725
23101,4931.3354
23102,4931.0303
23103,4930.42
23104,4930.42
23105,4931.3354
23106,4931.3354
23107,4931.0303
23108,4931.0303
23109,4930.1147
23110,4930.42
23111,4931.6406
23112,4931.946
23113,4931.0303
23114,4932.251
23115,4931.0303
23116,4931.0303
23117,4931.3354
23118,4931.0303
23119,4931.946
23120,4930.42
23121,4930.725
23122,4931.0303
23123,4931.3354
23124,4931.0303
23125,4931.0303
23126,4931.6406
23127,4931.6406
23128,4931.3354
23129,4930.42
23130,4931.6406
23131,4931.3354
23132,4931.6406
23133,4931.3354
23134,4929.8096
23135,4930.725
23136,4930.725
23137,4930.42
23138,4931.6406
23139,4931.0303
23140,4931.3354
23141,4931.0303
23142,4931.0303
23143,4931.0303
23144,4931.0303
23145,4931.0303
23146,4931.0303
23147,4931.3354
23148,4930.1147
23149,4931.3354
23150,4931.6406
23151,4931.0303
23152,4929.8096
23153,4930.725
23154,4931.0303
23155,4931.3354
23156,4930.42
23157,4931.6406
23158,4931.6406
23159,4931.946
23160,4931.3354
23161,4930.725
23162,4931.0303
23163,4930.725
23164,4930.725
23165,4930.42
23166,4931.0303
23167,4931.3354
23168,4931.946
23169,4930.725
23170,4931.0303
23171,4931.946
23172,4930.725
23173,4930.42
23174,4930.725
23175,4931.3354
23176,4931.3354
23177,4930.725
23178,4931.6406
23179,4931.3354
23180,4930.725
23181,4931.6406
23182,4931.0303
23183,4930.725
23184,4930.725
23185,4930.725
23186,4930.42
23187,4929.8096
23188,4930.1147
23189,4931.6406
23190,4931.0303
23191,4930.725
23192,4931.0303
23193,4931.3354
23194,4931.6406
23195,4931.0303
23196,4930.1147
23197,4931.3354
23198,4931.3354
23199,4930.725
23200,4931.6406
23201,4931.0303
23202,4930.725
23203,4931.0303
23204,4931.3354
23205,4931.3354
23206,4931.3354
23207,4931.6406
23208,4931.946
23209,4931.3354
23210,4931.3354
23211,4931.0303
23212,4931.6406
23213,4930.42
23214,4931.0303
23215,4931.3354
23216,4930.725
23217,4930.725
23218,4931.3354
23219,4931.3354
23220,4931.0303
23221,4931.6406
23222,4929.199
23223,4931.6406
23224,4931.6406
23225,4931.6406
23226,4932.8613
23227,4931.3354
23228,4931.0303
23229,4931.6406
23230,4931.3354
23231,4931.6406
23232,4931.3354
23233,4932.556
23234,4931.3354
23235,4930.725
23236,4931.3354
23237,4931.3354
23238,4931.0303
23239,4930.725
23240,4930.725
23241,4930.725
23242,4931.3354
23243,4931.0303
23244,4931.0303
23245,4931.3354
23246,4931.0303
23247,4930.725
23248,4930.725
23249,4931.3354
23250,4932.556
23251,4930.725
23252,4930.42
23253,4931.0303
23254,4931.6406
23255,4931.6406
23256,4930.42
23257,4931.0303
23258,4930.42
23259,4931.0303
23260,4931.6406
23261,4931.3354
23262,4929.8096
23263,4931.0303
23264,4931.6406
23265,4930.725
23266,4930.725
23267,4931.3354
23268,4930.725
23269,4931.0303
23270,4931.6406
23271,4931.3354
23272,4930.725
23273,4931.946
23274,4931.946
23275,4931.3354
23276,4931.0303
23277,4930.725
23278,4931.0303
23279,4930.725
23280,4930.42
23281,4931.946
23282,4931.0303
23283,4931.946
23284,4930.725
23285,4931.0303
23286,4931.6406
23287,4931.0303
23288,4931.0303
23289,4931.3354
23290,4931.0303
23291,4930.42
23292,4931.6406
23293,4930.42
23294,4931.6406
23295,4931.3354
23296,4931.6406
23297,4930.1147
23298,4930.42
23299,4931.6406
23300,4931.946
23301,4931.0303
23302,4930.1147
23303,4930.725
23304,4931.0303
23305,4929.5044
23306,4930.725
23307,4931.946
23308,4930.725
23309,4931.0303
23310,4930.42
23311,4931.946
23312,4931.3354
23313,4931.6406
23314,4931.0303
23315,4930.42
23316,4930.1147
23317,4930.725
23318,4931.0303
23319,4930.725
23320,4931.946
23321,4931.3354
23322,4930.725
23323,4930.725
23324,4931.0303
23325,4931.946
23326,4930.725
23327,4931.3354
23328,4930.42
23329,4931.0303
23330,4930.42
23331,4931.3354
23332,4931.3354
23333,4931.0303
23334,4931.0303
23335,4931.6406
23336,4931.946
23337,4931.3354
23338,4931.0303
23339,4931.6406
23340,4931.6406
23341,4930.725
23342,4930.725
23343,4930.42
23344,4931.3354
23345,4931.6406
23346,4931.0303
23347,4930.725
23348,4931.0303
23349,4931.0303
23350,4931.3354
23351,4930.1147
23352,4931.3354
23353,4931.3354
23354,4930.42
23355,4931.6406
23356,4931.946
23357,4930.725
23358,4931.3354
23359,4931.946
23360,4931.0303
23361,4930.725
23362,4930.42
23363,4931.3354
23364,4931.6406
23365,4931.3354
23366,4931.6406
23367,4930.42
23368,4931.3354
23369,4931.3354
23370,4931.3354
23371,4930.725
23372,4931.3354
23373,4929.199
23374,4931.3354
23375,4930.725
23376,4931.0303
23377,4931.0303
23378,4931.946
23379,4930.725
23380,4929.5044
23381,4931.3354
23382,4931.0303
23383,4930.42
23384,4931.0303
23385,4931.0303
23386,4930.725
23387,4931.3354
23388,4931.3354
23389,4931.3354
23390,4931.946
23391,4930.725
23392,4931.6406
23393,4931.3354
23394,4931.3354
23395,4931.6406
23396,4931.6406
23397,4931.0303
23398,4931.0303
23399,4930.42
23400,4931.3354
23401,4931.6406
23402,4932.251
23403,4932.8613
23404,4930.42
23405,4931.3354
23406,4931.946
23407,4931.0303
23408,4931.3354
23409,4931.3354
23410,4931.3354
23411,4930.725
23412,4931.0303
23413,4931.3354
23414,4930.725
23415,4931.3354
23416,4930.42
23417,4931.3354
23418,4931.6406
23419,4931.0303
23420,4931.6406
23421,4931.0303
23422,4931.6406
23423,4930.725
23424,4930.725
23425,4931.0303
23426,4930.42
23427,4931.6406
23428,4931.946
23429,4930.1147
23430,4930.1147
23431,4931.3354
23432,4931.0303
23433,4931.0303
23434,4931.3354
23435,4931.3354
23436,4931.0303
23437,4931.0303
23438,4931.0303
23439,4931.3354
23440,4931.6406
23441,4930.725
23442,4931.6406
23443,4931.6406
23444,4931.3354
23445,4931.6406
23446,4931.0303
23447,4931.0303
23448,4930.725
23449,4931.3354
23450,4931.0303
23451,4931.0303
23452,4931.3354
23453,4930.42
23454,4930.725
23455,4931.0303
23456,4931.0303
23457,4930.725
23458,4931.0303
23459,4931.0303
23460,4931.0303
23461,4930.725
23462,4930.725
23463,4931.3354
23464,4931.3354
23465,4930.725
23466,4929.8096
23467,4931.946
23468,4931.0303
23469,4930.1147
23470,4930.42
23471,4931.0303
23472,4931.3354
23473,4932.8613
23474,4930.725
23475,4930.725
23476,4931.6406
23477,4931.3354
23478,4931.0303
23479,4930.42
23480,4931.3354
23481,4931.6406
23482,4930.725
23483,4931.6406
23484,4931.946
23485,4930.42
23486,4930.42
23487,4931.3354
23488,4931.3354
23489,4931.6406
23490,4931.3354
23491,4930.725
23492,4930.1147
23493,4930.42
23494,4931.3354
23495,4931.946
23496,4931.946
23497,4931.0303
23498,4931.3354
23499,4931.3354
23500,4931.0303
23501,4931.3354
23502,4931.3354
23503,4931.0303
23504,4930.725
23505,4931.0303
23506,4931.3354
23507,4931.0303
23508,4931.946
23509,4931.3354
23510,4930.725
23511,4930.725
23512,4932.251
23513,4931.3354
23514,4930.725
23515,4931.0303
23516,4931.6406
23517,4931.0303
23518,4930.725
23519,4931.0303
23520,4931.3354
23521,4931.3354
23522,4931.6406
23523,4930.42
23524,4931.6406
23525,4931.0303
23526,4931.3354
23527,4930.725
23528,4930.1147
23529,4931.0303
23530,4930.725
23531,4930.725
23532,4931.3354
23533,4932.251
23534,4929.8096
23535,4930.725
23536,4931.0303
23537,4931.946
23538,4931.0303
23539,4930.42
23540,4931.946
23541,4931.6406
23542,4930.725
23543,4932.251
23544,4931.6406
23545,4930.725
23546,4931.3354
23547,4931.6406
23548,4931.3354
23549,4930.725
23550,4931.946
23551,4931.3354
23552,4930.42
23553,4930.725
23554,4931.0303
23555,4931.3354
23556,4930.725
23557,4930.725
23558,4931.6406
23559,4931.6406
23560,4931.0303
23561,4931.3354
23562,4931.0303
23563,4931.0303
23564,4930.725
23565,4931.0303
23566,4930.42
23567,4931.3354
23568,4931.6406
23569,4931.3354
23570,4931.3354
23571,4931.0303
23572,4930.725
23573,4930.725
23574,4931.0303
23575,4930.42
23576,4931.6406
23577,4931.0303
23578,4930.1147
23579,4930.1147
23580,4931.0303
23581,4930.42
23582,4931.6406
23583,4931.3354
23584,4931.0303
23585,4931.3354
23586,4930.42
23587,4931.3354
23588,4932.8613
23589,4931.946
23590,4931.6406
23591,4931.6406
23592,4930.42
23593,4931.0303
23594,4931.0303
23595,4930.725
23596,4931.6406
23597,4930.725
23598,4931.6406
23599,4930.1147
23600,4931.6406
23601,4932.251
23602,4931.6406
23603,4931.0303
23604,4931.3354
23605,4931.946
23606,4931.3354
23607,4931.3354
23608,4931.6406
23609,4930.725
23610,4931.0303
23611,4931.0303
23612,4931.3354
23613,4931.946
23614,4930.725
23615,4931.6406
23616,4931.6406
23617,4930.725
23618,4931.0303
23619,4931.6406
23620,4931.6406
23621,4931.6406
23622,4930.725
23623,4931.0303
23624,4931.0303
23625,4931.0303
23626,4931.3354
23627,4931.0303
23628,4931.3354
23629,4931.0303
23630,4930.725
23631,4930.725
23632,4931.6406
23633,4931.3354
23634,4929.8096
23635,4931.0303
23636,4931.0303
23637,4930.725
23638,4931.0303
23639,4931.3354
23640,4931.0303
23641,4931.6406
23642,4929.8096
23643,4931.3354
23644,4932.8613
23645,4931.946
23646,4931.0303
23647,4931.3354
23648,4931.0303
23649,4931.946
23650,4931.946
23651,4931.3354
23652,4930.42
23653,4930.725
23654,4931.0303
23655,4931.0303
23656,4931.3354
23657,4931.3354
23658,4931.6406
23659,4931.0303
23660,4931.3354
23661,4930.42
23662,4931.0303
23663,4931.0303
23664,4931.946
23665,4931.6406
23666,4931.0303
23667,4930.42
23668,4931.6406
23669,4930.1147
23670,4931.0303
23671,4931.0303
23672,4930.725
23673,4930.725
23674,4931.0303
23675,4931.0303
23676,4930.725
23677,4931.0303
23678,4931.3354
23679,4931.6406
23680,4930.725
23681,4931.0303
23682,4932.251
23683,4931.6406
23684,4931.0303
23685,4930.725
23686,4931.0303
23687,4930.42
23688,4930.725
23689,4931.0303
23690,4931.6406
23691,4931.0303
23692,4931.0303
23693,4930.1147
23694,4931.0303
23695,4931.0303
23696,4930.42
23697,4930.725
23698,4930.42
23699,4931.6406
23700,4930.42
23701,4932.251
23702,4931.0303
23703,4931.3354
23704,4931.0303
23705,4930.725
23706,4931.6406
23707,4931.6406
23708,4931.0303
23709,4931.3354
23710,4930.42
23711,4929.8096
23712,4931.0303
23713,4930.725
23714,4931.0303
23715,4931.6406
23716,4928.589
23717,4931.3354
23718,4931.3354
23719,4931.3354
23720,4932.8613
23721,4930.42
23722,4930.725
23723,4931.0303
23724,4931.0303
23725,4931.3354
23726,4931.3354
23727,4931.946
23728,4931.946
23729,4931.3354
23730,4930.725
23731,4930.1147
23732,4931.6406
23733,4931.0303
23734,4931.0303
23735,4931.0303
23736,4931.0303
23737,4931.3354
23738,4931.0303
23739,4931.3354
23740,4931.0303
23741,4929.8096
23742,4932.251
23743,4931.0303
23744,4930.725
23745,4931.946
23746,4931.3354
23747,4931.0303
23748,4930.42
23749,4930.1147
23750,4931.6406
23751,4931.0303
23752,4931.6406
23753,4931.0303
23754,4930.42
23755,4931.0303
23756,4931.3354
23757,4931.3354
23758,4931.0303
23759,4930.1147
23760,4931.0303
23761,4931.0303
23762,4931.0303
23763,4931.6406
23764,4930.1147
23765,4931.6406
23766,4930.42
23767,4931.0303
23768,4931.6406
23769,4931.946
23770,4931.3354
23771,4931.0303
23772,4931.3354
23773,4930.42
23774,4931.0303
23775,4930.1147
23776,4930.725
23777,4931.6406
23778,4931.6406
23779,4930.42
23780,4931.0303
23781,4931.6406
23782,4931.3354
23783,4931.0303
23784,4931.0303
23785,4931.6406
23786,4930.42
23787,4930.42
23788,4931.0303
23789,4931.6406
23790,4931.946
23791,4931.6406
23792,4930.725
23793,4931.3354
23794,4930.725
23795,4931.3354
23796,4931.3354
23797,4929.5044
23798,4929.5044
23799,4931.0303
23800,4930.725
23801,4931.3354
23802,4930.42
23803,4931.6406
23804,4930.1147
23805,4931.3354
23806,4931.0303
23807,4931.0303
23808,4931.6406
23809,4931.0303
23810,4931.3354
23811,4930.725
23812,4931.3354
23813,4932.251
23814,4931.0303
23815,4931.0303
23816,4931.6406
23817,4931.0303
23818,4931.946
23819,4931.0303
23820,4931.3354
23821,4931.6406
23822,4931.6406
23823,4931.0303
23824,4931.6406
23825,4930.42
23826,4930.42
23827,4931.0303
23828,4932.251
23829,4931.0303
23830,4931.0303
23831,4931.6406
23832,4931.0303
23833,4931.0303
23834,4931.0303
23835,4931.6406
23836,4930.42
23837,4931.3354
23838,4931.0303
23839,4931.0303
23840,4930.725
23841,4931.0303
23842,4930.42
23843,4931.0303
23844,4930.42
23845,4930.42
23846,4931.0303
23847,4931.6406
23848,4930.1147
23849,4931.6406
23850,4930.725
23851,4930.725
23852,4930.725
23853,4931.0303
23854,4930.725
23855,4930.42
23856,4930.1147
23857,4931.0303
23858,4929.8096
23859,4931.3354
23860,4932.251
23861,4930.1147
23862,4930.1147
23863,4931.3354
23864,4931.0303
23865,4930.725
23866,4931.0303
23867,4930.725
23868,4930.725
23869,4931.0303
23870,4931.6406
23871,4931.0303
23872,4931.3354
23873,4930.1147
23874,4931.3354
23875,4929.5044
23876,4930.725
23877,4931.0303
23878,4931.3354
23879,4931.3354
23880,4930.725
23881,4929.199
23882,4931.0303
23883,4931.946
23884,4931.6406
23885,4931.0303
23886,4931.0303
23887,4930.725
23888,4931.0303
23889,4931.6406
23890,4931.6406
23891,4931.6406
23892,4930.725
23893,4931.0303
23894,4930.725
23895,4931.0303
23896,4931.6406
23897,4932.556
23898,4931.0303
23899,4931.6406
23900,4931.0303
23901,4932.251
23902,4931.3354
23903,4931.946
23904,4931.3354
23905,4931.0303
23906,4931.6406
23907,4931.6406
23908,4931.0303
23909,4931.0303
23910,4931.0303
23911,4930.1147
23912,4931.0303
23913,4931.3354
23914,4931.0303
23915,4931.0303
23916,4931.3354
23917,4930.42
23918,4930.42
23919,4931.6406
23920,4931.6406
23921,4931.3354
23922,4930.725
23923,4930.42
23924,4931.0303
23925,4930.725
23926,4930.725
23927,4931.3354
23928,4931.3354
23929,4931.3354
23930,4931.6406
23931,4931.3354
23932,4930.725
23933,4932.251
23934,4930.42
23935,4931.0303
23936,4931.0303
23937,4931.3354
23938,4931.946
23939,4931.0303
23940,4931.0303
23941,4931.3354
23942,4931.3354
23943,4931.0303
23944,4931.0303
23945,4931.6406
23946,4932.251
23947,4931.0303
23948,4930.725
23949,4930.725
23950,4931.3354
23951,4931.6406
23952,4931.946
23953,4930.725
23954,4931.0303
23955,4931.0303
23956,4931.946
23957,4931.0303
23958,4931.0303
23959,4931.0303
23960,4931.3354
23961,4931.946
23962,4930.42
23963,4930.1147
23964,4930.725
23965,4931.3354
23966,4931.0303
23967,4932.556
23968,4931.3354
23969,4932.556
23970,4931.0303
23971,4931.0303
23972,4931.3354
23973,4931.3354
23974,4930.725
23975,4931.3354
23976,4930.42
23977,4931.3354
23978,4931.3354
23979,4931.0303
23980,4930.725
23981,4930.1147
23982,4930.725
23983,4930.42
23984,4931.0303
23985,4930.725
23986,4931.0303
23987,4931.6406
23988,4931.0303
23989,4931.0303
23990,4930.725
23991,4931.0303
23992,4930.1147
23993,4931.0303
23994,4931.0303
23995,4930.725
23996,4931.0303
23997,4931.0303
23998,4931.946
23999,4931.0303
24000,4931.0303
24001,4931.6406
24002,4931.3354
24003,4931.0303
24004,4930.725
24005,4931.0303
24006,4931.0303
24007,4931.0303
24008,4931.6406
24009,4931.0303
24010,4931.0303
24011,4931.0303
24012,4930.725
24013,4931.3354
24014,4931.3354
24015,4931.6406
24016,4931.946
24017,4931.0303
24018,4930.725
24019,4931.0303
24020,4931.946
24021,4930.725
24022,4931.3354
24023,4931.6406
24024,4931.3354
24025,4932.251
24026,4930.725
24027,4931.3354
24028,4933.1665
24029,4931.3354
24030,4930.42
24031,4930.725
24032,4931.0303
24033,4931.0303
24034,4931.6406
24035,4931.6406
24036,4930.725
24037,4931.3354
24038,4930.725
24039,4930.725
24040,4931.0303
24041,4931.0303
24042,4931.3354
24043,4931.0303
24044,4932.251
24045,4931.0303
24046,4931.0303
24047,4931.3354
24048,4931.0303
24049,4931.3354
24050,4931.0303
24051,4931.0303
24052,4931.946
24053,4930.725
24054,4930.725
24055,4930.725
24056,4931.0303
24057,4931.946
24058,4931.0303
24059,4930.1147
24060,4930.725
24061,4931.6406
24062,4930.42
24063,4930.42
24064,4931.6406
24065,4931.3354
24066,4930.42
24067,4930.725
24068,4931.0303
24069,4931.0303
24070,4931.946
24071,4930.725
24072,4930.1147
24073,4931.3354
24074,4930.42
24075,4931.3354
24076,4931.6406
24077,4931.3354
24078,4931.6406
24079,4930.725
24080,4930.42
24081,4930.1147
24082,4930.42
24083,4932.251
24084,4929.8096
24085,4931.6406
24086,4930.42
24087,4930.42
24088,4931.3354
24089,4930.725
24090,4930.42
24091,4931.0303
24092,4931.3354
24093,4930.725
24094,4931.6406
24095,4931.0303
24096,4931.946
24097,4930.42
24098,4931.3354
24099,4930.42
24100,4931.0303
24101,4931.3354
24102,4931.3354
24103,4931.6406
24104,4931.946
24105,4931.3354
24106,4931.0303
24107,4931.3354
24108,4931.6406
24109,4931.946
24110,4931.3354
24111,4930.725
24112,4930.725
24113,4930.42
24114,4931.6406
24115,4930.725
24116,4931.0303
24117,4930.725
24118,4930.1147
24119,4931.3354
24120,4931.0303
24121,4931.3354
24122,4931.6406
24123,4931.0303
24124,4931.0303
24125,4931.946
24126,4930.42
24127,4930.725
24128,4930.42
24129,4931.0303
24130,4931.6406
24131,4930.42
24132,4930.42
24133,4931.946
24134,4930.725
24135,4930.725
24136,4930.725
24137,4932.8613
24138,4931.0303
24139,4931.6406
24140,4931.946
24141,4931.0303
24142,4931.0303
24143,4931.0303
24144,4931.6406
24145,4931.0303
24146,4931.946
24147,4931.946
24148,4931.6406
24149,4930.1147
24150,4931.946
24151,4931.0303
24152,4931.0303
24153,4931.3354
24154,4930.725
24155,4931.3354
24156,4931.0303
24157,4930.725
24158,4930.42
24159,4930.42
24160,4930.725
24161,4930.725
24162,4932.251
24163,4929.8096
24164,4930.725
24165,4931.0303
24166,4931.6406
24167,4931.0303
24168,4931.3354
24169,4930.1147
24170,4932.556
24171,4931.3354
24172,4931.946
24173,4931.0303
24174,4930.42
24175,4931.3354
24176,4931.3354
24177,4930.725
24178,4931.0303
24179,4931.6406
24180,4931.0303
24181,4931.3354
24182,4931.6406
24183,4933.4717
24184,4931.3354
24185,4930.725
24186,4930.725
24187,4930.725
24188,4931.3354
24189,4931.3354
24190,4931.3354
24191,4931.0303
24192,4930.42
24193,4931.3354
24194,4931.0303
24195,4930.725
24196,4931.6406
24197,4932.251
24198,4931.0303
24199,4931.0303
24200,4931.3354
24201,4931.0303
24202,4930.42
24203,4930.725
24204,4930.725
24205,4930.42
24206,4931.0303
24207,4930.725
24208,4930.42
24209,4930.725
24210,4929.8096
24211,4931.0303
24212,4931.6406
24213,4930.725
24214,4933.4717
24215,4931.0303
24216,4931.6406
24217,4931.6406
24218,4931.6406
24219,4930.725
24220,4931.0303
24221,4931.946
24222,4931.6406
24223,4930.725
24224,4931.0303
24225,4931.0303
24226,4931.6406
24227,4931.3354
24228,4931.6406
24229,4931.3354
24230,4931.0303
24231,4931.0303
24232,4931.0303
24233,4931.6406
24234,4931.0303
24235,4930.725
24236,4931.0303
24237,4930.725
24238,4930.42
24239,4931.6406
24240,4930.1147
24241,4931.0303
24242,4931.3354
24243,4931.0303
24244,4931.3354
24245,4931.6406
24246,4931.0303
24247,4931.6406
24248,4931.0303
24249,4930.725
24250,4930.725
24251,4931.0303
24252,4931.3354
24253,4931.0303
24254,4930.42
24255,4930.42
24256,4931.3354
24257,4932.251
24258,4931.3354
24259,4930.1147
24260,4931.3354
24261,4931.3354
24262,4932.556
24263,4931.0303
24264,4931.0303
24265,4931.0303
24266,4931.0303
24267,4931.3354
24268,4930.725
24269,4930.42
24270,4931.3354
24271,4931.6406
24272,4930.725
24273,4930.725
24274,4930.725
24275,4931.6406
24276,4930.42
24277,4930.42
24278,4931.0303
24279,4931.3354
24280,4929.8096
24281,4930.42
24282,4931.6406
24283,4930.725
24284,4931.946
24285,4931.0303
24286,4930.42
24287,4930.725
24288,4931.6406
24289,4931.946
24290,4931.3354
24291,4931.0303
24292,4931.3354
24293,4930.725
24294,4931.0303
24295,4931.946
24296,4931.3354
24297,4930.725
24298,4931.0303
24299,4930.725
24300,4931.3354
24301,4930.725
24302,4931.3354
24303,4931.3354
24304,4931.0303
24305,4930.42
24306,4931.3354
24307,4931.6406
24308,4931.0303
24309,4931.0303
24310,4930.725
24311,4930.725
24312,4931.0303
24313,4931.3354
24314,4931.6406
24315,4931.6406
24316,4931.3354
24317,4931.0303
24318,4929.8096
24319,4930.725
24320,4931.0303
24321,4931.0303
24322,4931.0303
24323,4930.725
24324,4931.0303
24325,4930.725
24326,4930.42
24327,4930.725
24328,4930.42
24329,4931.0303
24330,4931.3354
24331,4931.6406
24332,4931.0303
24333,4931.0303
24334,4931.6406
24335,4931.6406
24336,4931.0303
24337,4931.0303
24338,4931.0303
24339,4931.6406
24340,4930.725
24341,4931.3354
24342,4931.3354
24343,4931.0303
24344,4930.725
24345,4931.946
24346,4931.0303
24347,4931.3354
24348,4931.0303
24349,4931.3354
24350,4930.42
24351,4930.725
24352,4931.3354
24353,4931.3354
24354,4931.6406
24355,4930.42
24356,4931.6406
24357,4931.0303
24358,4931.0303
24359,4931.0303
24360,4930.725
24361,4931.0303
24362,4931.0303
24363,4931.0303
24364,4930.725
24365,4932.251
24366,4931.0303
24367,4931.3354
24368,4931.3354
24369,4930.725
24370,4931.6406
24371,4931.0303
24372,4930.725
24373,4930.725
24374,4930.725
24375,4930.42
24376,4931.0303
24377,4931.6406
24378,4930.725
24379,4931.0303
24380,4930.42
24381,4930.725
24382,4931.3354
24383,4931.6406
24384,4931.0303
24385,4931.3354
24386,4931.0303
24387,4931.6406
24388,4931.3354
24389,4931.6406
24390,4931.3354
24391,4931.3354
24392,4930.725
24393,4931.6406
24394,4931.3354
24395,4931.3354
24396,4930.42
24397,4931.6406
24398,4931.6406
24399,4930.1147
24400,4930.725
24401,4931.6406
24402,4931.3354
24403,4931.6406
24404,4930.1147
24405,4931.6406
24406,4930.42
24407,4931.0303
24408,4930.725
24409,4931.3354
24410,4931.0303
24411,4931.6406
24412,4931.0303
24413,4931.0303
24414,4931.0303
24415,4931.6406
24416,4931.3354
24417,4931.0303
24418,4931.0303
24419,4931.0303
24420,4931.3354
24421,4931.3354
24422,4931.0303
24423,4931.0303
24424,4931.3354
24425,4931.3354
24426,4931.946
24427,4931.6406
24428,4931.6406
24429,4931.3354
24430,4931.3354
24431,4931.0303
24432,4931.3354
24433,4931.6406
24434,4931.6406
24435,4931.0303
24436,4931.3354
24437,4930.42
24438,4931.6406
24439,4931.3354
24440,4931.3354
24441,4930.1147
24442,4930.725
24443,4930.725
24444,4931.3354
24445,4931.3354
24446,4931.0303
24447,4931.0303
24448,4931.6406
24449,4930.1147
24450,4930.42
24451,4930.42
24452,4930.42
24453,4931.0303
24454,4931.3354
24455,4931.0303
24456,4931.0303
24457,4931.0303
24458,4930.725
24459,4931.3354
24460,4930.725
24461,4932.251
24462,4931.6406
24463,4931.0303
24464,4930.725
24465,4930.725
24466,4931.3354
24467,4931.3354
24468,4931.3354
24469,4931.3354
24470,4931.6406
24471,4931.6406
24472,4931.3354
24473,4931.946
24474,4930.42
24475,4930.725
24476,4931.3354
24477,4930.42
24478,4930.42
24479,4931.0303
24480,4930.42
24481,4931.3354
24482,4931.3354
24483,4931.6406
24484,4930.725
24485,4931.3354
24486,4929.8096
24487,4930.725
24488,4931.3354
24489,4930.42
24490,4930.725
24491,4930.725
24492,4930.725
24493,4930.725
24494,4931.0303
24495,4931.0303
24496,4931.946
24497,4929.5044
24498,4931.3354
24499,4930.1147
24500,4930.42
24501,4930.725
24502,4931.0303
24503,4931.3354
24504,4931.946
24505,4931.3354
24506,4931.3354
24507,4931.3354
24508,4931.6406
24509,4931.946
24510,4930.42
24511,4931.0303
24512,4931.3354
24513,4930.725
24514,4930.725
24515,4931.6406
24516,4931.6406
24517,4931.6406
24518,4931.0303
24519,4931.0303
24520,4931.0303
24521,4931.3354
24522,4931.3354
24523,4930.42
24524,4930.1147
24525,4930.725
24526,4931.0303
24527,4930.1147
24528,4932.251
24529,4931.0303
24530,4932.251
24531,4931.6406
24532,4930.42
24533,4930.42
24534,4931.0303
24535,4931.946
24536,4930.42
24537,4931.3354
24538,4931.6406
24539,4931.3354
24540,4930.725
24541,4930.725
24542,4931.6406
24543,4930.42
24544,4931.3354
24545,4931.0303
24546,4930.42
24547,4931.6406
24548,4931.3354
24549,4931.3354
24550,4930.1147
24551,4931.0303
24552,4931.6406
24553,4931.3354
24554,4931.6406
24555,4931.3354
24556,4931.6406
24557,4931.6406
24558,4931.946
24559,4931.0303
24560,4930.725
24561,4930.1147
24562,4931.0303
24563,4931.3354
24564,4930.42
24565,4930.42
24566,4930.725
24567,4931.0303
24568,4931.0303
24569,4930.42
24570,4931.0303
24571,4931.3354
24572,4931.6406
24573,4931.3354
24574,4931.0303
24575,4930.725
24576,4931.6406
24577,4931.0303
24578,4930.42
24579,4931.3354
24580,4931.6406
24581,4931.0303
24582,4930.725
24583,4932.251
24584,4931.0303
24585,4931.3354
24586,4931.0303
24587,4931.0303
24588,4930.1147
24589,4931.0303
24590,4931.6406
24591,4930.725
24592,4931.6406
24593,4931.6406
24594,4931.0303
24595,4931.3354
24596,4931.6406
24597,4931.3354
24598,4931.6406
24599,4931.3354
24600,4931.0303
24601,4932.251
24602,4930.725
24603,4931.3354
24604,4931.3354
24605,4931.0303
24606,4930.42
24607,4931.0303
24608,4931.6406
24609,4931.0303
24610,4930.725
24611,4931.6406
24612,4930.42
24613,4930.725
24614,4931.0303
24615,4931.3354
24616,4930.725
24617,4931.0303
24618,4930.42
24619,4930.725
24620,4931.0303
24621,4931.0303
24622,4930.725
24623,4931.6406
24624,4931.6406
24625,4930.725
24626,4931.3354
24627,4930.42
24628,4930.42
24629,4931.6406
24630,4931.0303
24631,4931.0303
24632,4931.6406
24633,4932.251
24634,4930.42
24635,4931.6406
24636,4931.3354
24637,4931.6406
24638,4932.556
24639,4931.6406
24640,4932.556
24641,4931.0303
24642,4931.0303
24643,4930.725
24644,4931.3354
24645,4931.0303
24646,4931.0303
24647,4930.42
24648,4931.3354
24649,4931.6406
24650,4931.0303
24651,4930.1147
24652,4931.3354
24653,4931.0303
24654,4930.42
24655,4930.42
24656,4930.1147
24657,4931.3354
24658,4931.3354
24659,4930.42
24660,4930.725
24661,4930.725
24662,4931.6406
24663,4930.725
24664,4931.3354
24665,4931.6406
24666,4931.6406
24667,4931.3354
24668,4931.3354
24669,4930.725
24670,4931.0303
24671,4931.946
24672,4931.3354
24673,4931.0303
24674,4931.0303
24675,4931.3354
24676,4931.0303
24677,4930.42
24678,4931.946
24679,4931.0303
24680,4931.6406
24681,4930.42
24682,4930.42
24683,4931.6406
24684,4931.6406
24685,4930.42
24686,4931.0303
24687,4930.1147
24688,4931.6406
24689,4932.251
24690,4931.6406
24691,4930.42
24692,4930.725
24693,4931.6406
24694,4931.0303
24695,4930.725
24696,4931.0303
24697,4931.6406
24698,4931.6406
24699,4930.42
24700,4930.42
24701,4931.0303
24702,4931.3354
24703,4931.3354
24704,4929.8096
24705,4931.0303
24706,4931.3354
24707,4932.556
24708,4933.1665
24709,4931.3354
24710,4930.725
24711,4931.946
24712,4931.3354
24713,4931.946
24714,4931.3354
24715,4930.725
24716,4931.3354
24717,4930.725
24718,4931.0303
24719,4931.0303
24720,4932.251
24721,4931.0303
24722,4931.6406
24723,4930.42
24724,4930.1147
24725,4930.725
24726,4930.725
24727,4930.1147
24728,4931.3354
24729,4930.42
24730,4931.0303
24731,4932.251
24732,4930.725
24733,4931.0303
24734,4931.3354
24735,4931.6406
24736,4931.0303
24737,4929.8096
24738,4930.725
24739,4931.0303
24740,4931.3354
24741,4931.3354
24742,4930.725
24743,4931.3354
24744,4931.0303
24745,4930.725
24746,4931.0303
24747,4931.0303
24748,4931.0303
24749,4931.0303
24750,4930.42
24751,4930.42
24752,4931.946
24753,4931.3354
24754,4930.725
24755,4930.42
24756,4931.6406
24757,4931.0303
24758,4931.3354
24759,4931.3354
24760,4931.3354
24761,4930.725
24762,4931.0303
24763,4931.3354
24764,4931.3354
24765,4931.6406
24766,4931.3354
24767,4931.3354
24768,4931.3354
24769,4930.42
24770,4929.5044
24771,4930.725
24772,4931.3354
24773,4930.725
24774,4931.3354
24775,4931.3354
24776,4930.42
24777,4931.0303
24778,4931.946
24779,4930.42
24780,4930.725
24781,4930.725
24782,4932.251
24783,4930.725
24784,4930.42
24785,4932.251
24786,4931.0303
24787,4929.8096
24788,4931.3354
24789,4931.0303
24790,4931.3354
24791,4931.3354
24792,4931.6406
24793,4931.946
24794,4931.3354
24795,4930.725
24796,4931.3354
24797,4931.3354
24798,4931.0303
24799,4931.3354
24800,4931.0303
24801,4930.725
24802,4931.3354
24803,4931.3354
24804,4931.3354
24805,4930.725
24806,4931.0303
24807,4930.725
24808,4930.42
24809,4930.725
24810,4931.3354
24811,4931.0303
24812,4930.42
24813,4931.0303
24814,4931.0303
24815,4930.725
24816,4931.6406
24817,4930.725
24818,4931.3354
24819,4930.1147
24820,4930.725
24821,4931.946
24822,4930.725
24823,4930.42
24824,4931.3354
24825,4931.0303
24826,4931.6406
24827,4931.946
24828,4931.6406
24829,4931.0303
24830,4931.6406
24831,4931.6406
24832,4931.0303
24833,4931.0303
24834,4931.3354
24835,4931.946
24836,4931.6406
24837,4929.8096
24838,4930.42
24839,4931.0303
24840,4930.42
24841,4931.0303
24842,4931.3354
24843,4931.3354
24844,4931.0303
24845,4931.0303
24846,4931.3354
24847,4931.3354
24848,4931.6406
24849,4931.6406
24850,4930.42
24851,4930.725
24852,4931.946
24853,4931.6406
24854,4931.3354
24855,4931.3354
24856,4931.0303
24857,4931.0303
24858,4930.42
24859,4931.6406
24860,4931.3354
24861,4931.3354
24862,4931.0303
24863,4931.3354
24864,4931.3354
24865,4930.725
24866,4931.6406
24867,4931.6406
24868,4931.3354
24869,4930.725
24870,4932.251
24871,4931.6406
24872,4931.946
24873,4930.725
24874,4931.0303
24875,4930.1147
24876,4931.0303
24877,4930.725
24878,4931.6406
24879,4930.42
24880,4931.6406
24881,4928.589
24882,4930.42
24883,4931.0303
24884,4931.3354
24885,4933.4717
24886,4931.3354
24887,4930.42
24888,4931.6406
24889,4930.42
24890,4931.946
24891,4931.0303
24892,4930.1147
24893,4930.725
24894,4931.3354
24895,4931.6406
24896,4931.3354
24897,4931.0303
24898,4930.725
24899,4931.946
24900,4931.0303
24901,4931.6406
24902,4931.3354
24903,4931.946
24904,4931.0303
24905,4930.725
24906,4930.1147
24907,4931.6406
24908,4931.946
24909,4930.42
24910,4931.0303
24911,4930.725
24912,4931.0303
24913,4931.0303
24914,4931.0303
24915,4930.725
24916,4931.6406
24917,4931.6406
24918,4931.6406
24919,4930.725
24920,4931.3354
24921,4931.0303
24922,4931.3354
24923,4931.0303
24924,4931.3354
24925,4930.42
24926,4931.946
24927,4931.6406
24928,4931.3354
24929,4929.5044
24930,4931.3354
24931,4930.725
24932,4931.0303
24933,4931.0303
24934,4930.725
24935,4930.725
24936,4931.0303
24937,4930.725
24938,4931.0303
24939,4931.0303
24940,4931.0303
24941,4931.0303
24942,4931.0303
24943,4930.725
24944,4931.3354
24945,4931.3354
24946,4931.0303
24947,4930.725
24948,4931.0303
24949,4931.946
24950,4930.1147
24951,4929.199
24952,4931.3354
24953,4930.725
24954,4931.3354
24955,4933.4717
24956,4931.0303
24957,4931.3354
24958,4931.946
24959,4931.6406
24960,4931.0303
24961,4931.3354
24962,4929.8096
24963,4931.0303
24964,4931.6406
24965,4930.42
24966,4931.0303
24967,4931.6406
24968,4931.0303
24969,4930.725
24970,4931.0303
24971,4931.0303
24972,4931.946
24973,4931.3354
24974,4931.3354
24975,4931.0303
24976,4931.3354
24977,4931.6406
24978,4931.0303
24979,4930.42
24980,4930.42
24981,4930.42
24982,4931.0303
24983,4931.0303
24984,4930.725
24985,4931.6406
24986,4931.0303
24987,4931.3354
24988,4930.725
24989,4931.0303
24990,4931.6406
24991,4931.946
24992,4930.725
24993,4931.6406
24994,4930.42
24995,4931.3354
24996,4930.1147
24997,4930.725
24998,4931.3354
24999,4931.6406
25000,4931.6406
25001,4930.725
25002,4931.946
25003,4930.42
25004,4931.6406
25005,4931.6406
25006,4931.0303
25007,4931.0303
25008,4931.3354
25009,4931.3354
25010,4930.1147
25011,4931.3354
25012,4931.946
25013,4931.3354
25014,4930.1147
25015,4931.6406
25016,4931.3354
25017,4930.42
25018,4931.0303
25019,4930.725
25020,4930.42
25021,4931.0303
25022,4931.0303
25023,4931.3354
25024,4930.725
25025,4931.0303
25026,4930.725
25027,4931.0303
25028,4931.0303
25029,4931.0303
25030,4931.6406
25031,4930.725
25032,4930.1147
25033,4931.6406
25034,4930.725
25035,4931.0303
25036,4931.6406
25037,4931.3354
25038,4930.725
25039,4931.3354
25040,4931.3354
25041,4931.3354
25042,4930.1147
25043,4931.946
25044,4931.6406
25045,4931.6406
25046,4931.3354
25047,4931.3354
25048,4931.3354
25049,4931.0303
25050,4931.0303
25051,4931.0303
25052,4931.0303
25053,4931.6406
25054,4931.3354
25055,4931.3354
25056,4930.725
25057,4930.1147
25058,4931.3354
25059,4930.1147
25060,4930.42
25061,4929.8096
25062,4931.0303
25063,4931.0303
25064,4931.0303
25065,4931.3354
25066,4931.3354
25067,4931.0303
25068,4931.6406
25069,4931.0303
25070,4930.725
25071,4931.0303
25072,4931.6406
25073,4931.3354
25074,4931.0303
25075,4930.725
25076,4931.3354
25077,4931.0303
25078,4930.725
25079,4931.946
25080,4931.3354
25081,4931.0303
25082,4931.0303
25083,4931.0303
25084,4931.0303
25085,4931.6406
25086,4932.251
25087,4930.42
25088,4931.0303
25089,4931.3354
25090,4931.6406
25091,4931.3354
25092,4931.3354
25093,4931.6406
25094,4931.0303
25095,4931.3354
25096,4930.725
25097,4931.946
25098,4931.6406
25099,4931.3354
25100,4930.42
25101,4930.725
25102,4930.1147
25103,4931.6406
25104,4931.0303
25105,4931.0303
25106,4930.1147
25107,4930.42
25108,4931.3354
25109,4930.725
25110,4931.6406
25111,4931.6406
25112,4931.0303
25113,4930.725
25114,4931.6406
25115,4931.6406
25116,4931.6406
25117,4931.0303
25118,4931.6406
25119,4931.0303
25120,4931.0303
25121,4931.946
25122,4930.725
25123,4931.3354
25124,4930.42
25125,4931.0303
25126,4931.3354
25127,4931.6406
25128,4930.1147
25129,4931.0303
25130,4931.0303
25131,4930.42
25132,4933.4717
25133,4931.0303
25134,4930.725
25135,4931.0303
25136,4931.946
25137,4931.3354
25138,4930.725
25139,4931.6406
25140,4931.6406
25141,4931.6406
25142,4931.0303
25143,4931.0303
25144,4931.3354
25145,4931.3354
25146,4931.6406
25147,4931.3354
25148,4930.725
25149,4930.725
25150,4931.3354
25151,4930.725
25152,4931.0303
25153,4931.3354
25154,4930.725
25155,4933.1665
25156,4930.725
25157,4931.946
25158,4930.725
25159,4931.946
25160,4931.3354
25161,4931.0303
25162,4931.6406
25163,4930.725
25164,4931.3354
25165,4931.6406
25166,4931.6406
25167,4931.3354
25168,4931.6406
25169,4930.1147
25170,4932.251
25171,4931.0303
25172,4931.946
25173,4931.3354
25174,4930.42
25175,4931.0303
25176,4931.0303
25177,4931.3354
25178,4930.725
25179,4930.725
25180,4931.0303
25181,4930.725
25182,4931.0303
25183,4930.42
25184,4930.42
25185,4931.6406
25186,4931.0303
25187,4931.3354
25188,4930.725
25189,4930.42
25190,4931.0303
25191,4930.725
25192,4931.0303
25193,4931.0303
25194,4930.42
25195,4931.3354
25196,4931.6406
25197,4931.946
25198,4930.1147
25199,4931.0303
25200,4930.725
25201,4930.725
25202,4931.946
25203,4932.251
25204,4931.946
25205,4931.6406
25206,4930.42
25207,4930.725
25208,4931.946
25209,4931.3354
25210,4930.725
25211,4931.3354
25212,4931.6406
25213,4930.1147
25214,4931.0303
25215,4930.725
25216,4931.0303
25217,4931.6406
25218,4931.946
25219,4930.1147
25220,4930.1147
25221,4931.0303
25222,4931.0303
25223,4931.3354
25224,4930.725
25225,4930.42
25226,4931.0303
25227,4931.6406
25228,4930.42
25229,4931.0303
25230,4930.42
25231,4931.3354
25232,4930.1147
25233,4931.3354
25234,4931.3354
25235,4931.0303
25236,4931.0303
25237,4931.0303
25238,4931.0303
25239,4931.0303
25240,4931.3354
25241,4931.0303
25242,4931.6406
25243,4931.946
25244,4931.3354
25245,4930.725
25246,4931.6406
25247,4931.3354
25248,4931.0303
25249,4932.556
25250,4931.0303
25251,4930.725
25252,4930.42
25253,4931.946
25254,4931.3354
25255,4931.946
25256,4931.0303
25257,4931.6406
25258,4931.0303
25259,4931.6406
25260,4931.0303
25261,4931.3354
25262,4930.725
25263,4931.3354
25264,4931.3354
25265,4930.725
25266,4931.0303
25267,4931.0303
25268,4931.3354
25269,4930.42
25270,4931.6406
25271,4931.0303
25272,4931.946
25273,4931.6406
25274,4931.0303
25275,4931.0303
25276,4930.42
25277,4931.946
25278,4931.0303
25279,4931.0303
25280,4931.3354
25281,4931.0303
25282,4931.3354
25283,4931.0303
25284,4931.0303
25285,4930.725
25286,4931.3354
25287,4931.6406
25288,4931.3354
25289,4931.0303
25290,4931.6406
25291,4931.3354
25292,4931.3354
25293,4931.0303
25294,4930.42
25295,4932.251
25296,4931.0303
25297,4931.3354
25298,4931.6406
25299,4930.725
25300,4931.0303
25301,4930.42
25302,4930.42
25303,4931.6406
25304,4931.6406
25305,4931.3354
25306,4931.3354
25307,4930.42
25308,4931.3354
25309,4931.0303
25310,4931.0303
25311,4930.1147
25312,4931.946
25313,4931.6406
25314,4931.3354
25315,4931.0303
25316,4930.725
25317,4931.6406
25318,4931.6406
25319,4930.725
25320,4930.725
25321,4931.3354
25322,4931.3354
25323,4931.6406
25324,4930.725
25325,4931.3354
25326,4930.42
25327,4931.3354
25328,4931.0303
25329,4930.725
25330,4931.3354
25331,4932.251
25332,4930.725
25333,4931.3354
25334,4930.725
25335,4931.3354
25336,4931.3354
25337,4931.0303
25338,4930.725
25339,4931.0303
25340,4930.42
25341,4931.3354
25342,4931.6406
25343,4930.42
25344,4931.6406
25345,4930.725
25346,4931.3354
25347,4930.725
25348,4930.42
25349,4931.3354
25350,4930.42
25351,4931.0303
25352,4931.0303
25353,4930.725
25354,4930.725
25355,4930.725
25356,4931.3354
25357,4931.3354
25358,4930.725
25359,4931.3354
25360,4930.1147
25361,4930.725
25362,4931.3354
25363,4930.725
25364,4930.725
25365,4931.6406
25366,4931.6406
25367,4931.6406
25368,4931.0303
25369,4930.42
25370,4931.6406
25371,4931.3354
25372,4931.0303
25373,4931.3354
25374,4930.42
25375,4929.5044
25376,4930.725
25377,4932.556
25378,4931.0303
25379,4933.1665
25380,4931.0303
25381,4931.0303
25382,4930.725
25383,4931.0303
25384,4930.725
25385,4931.3354
25386,4931.3354
25387,4930.725
25388,4930.42
25389,4930.725
25390,4930.725
25391,4931.946
25392,4931.6406
25393,4930.42
25394,4930.42
25395,4931.0303
25396,4930.1147
25397,4930.42
25398,4930.42
25399,4931.3354
25400,4931.0303
25401,4931.0303
25402,4931.3354
25403,4931.946
25404,4931.3354
25405,4931.3354
25406,4931.3354
25407,4930.725
25408,4931.0303
25409,4931.3354
25410,4931.3354
25411,4931.6406
25412,4931.3354
25413,4930.42
25414,4931.3354
25415,4931.3354
25416,4931.3354
25417,4932.556
25418,4930.42
25419,4931.0303
25420,4931.946
25421,4930.1147
25422,4931.0303
25423,4931.946
25424,4930.725
25425,4930.42
25426,4931.0303
25427,4931.946
25428,4931.6406
25429,4930.725
25430,4931.3354
25431,4931.3354
25432,4930.42
25433,4930.725
25434,4931.3354
25435,4931.0303
25436,4931.0303
25437,4931.3354
25438,4931.946
25439,4930.1147
25440,4931.0303
25441,4931.3354
25442,4930.42
25443,4930.725
25444,4930.725
25445,4930.725
25446,4931.3354
25447,4931.0303
25448,4931.6406
25449,4931.946
25450,4931.3354
25451,4931.6406
25452,4930.725
25453,4930.725
25454,4931.3354
25455,4931.6406
25456,4931.946
25457,4930.725
25458,4930.725
25459,4931.946
25460,4931.0303
25461,4931.6406
25462,4930.725
25463,4930.725
25464,4930.725
25465,4931.946
25466,4930.42
25467,4931.3354
25468,4931.946
25469,4932.556
25470,4931.3354
25471,4930.725
25472,4931.3354
25473,4931.6406
25474,4930.42
25475,4929.8096
25476,4931.0303
25477,4931.6406
25478,4931.0303
25479,4931.946
25480,4930.42
25481,4931.0303
25482,4931.3354
25483,4931.0303
25484,4931.0303
25485,4931.3354
25486,4930.725
25487,4931.0303
25488,4930.42
25489,4930.42
25490,4931.6406
25491,4931.946
25492,4931.0303
25493,4930.725
25494,4931.0303
25495,4931.6406
25496,4931.0303
25497,4931.0303
25498,4931.946
25499,4930.725
25500,4932.556
25501,4930.725
25502,4931.0303
25503,4930.725
25504,4931.946
25505,4931.3354
25506,4930.1147
25507,4931.3354
25508,4930.42
25509,4931.6406
25510,4931.3354
25511,4931.3354
25512,4931.0303
25513,4930.725
25514,4930.725
25515,4930.725
25516,4931.0303
25517,4930.725
25518,4931.6406
25519,4931.946
25520,4930.725
25521,4931.3354
25522,4931.0303
25523,4931.6406
25524,4931.0303
25525,4930.725
25526,4931.3354
25527,4931.3354
25528,4931.0303
25529,4931.3354
25530,4930.725
25531,4930.42
25532,4931.3354
25533,4931.0303
25534,4931.3354
25535,4929.8096
25536,4930.42
25537,4931.6406
25538,4930.42
25539,4931.0303
25540,4930.725
25541,4931.6406
25542,4931.3354
25543,4931.0303
25544,4930.725
25545,4930.725
25546,4931.6406
25547,4931.3354
25548,4931.0303
25549,4931.3354
25550,4931.3354
25551,4931.3354
25552,4931.6406
25553,4930.1147
25554,4931.6406
25555,4930.725
25556,4931.0303
25557,4930.725
25558,4931.0303
25559,4931.0303
25560,4931.946
25561,4931.6406
25562,4931.3354
25563,4931.3354
25564,4931.0303
25565,4931.3354
25566,4930.725
25567,4930.725
25568,4930.725
25569,4931.0303
25570,4930.725
25571,4930.725
25572,4930.725
25573,4930.725
25574,4931.6406
25575,4931.0303
25576,4930.725
25577,4931.0303
25578,4931.6406
25579,4930.725
25580,4932.251
25581,4931.0303
25582,4931.0303
25583,4930.1147
25584,4931.0303
25585,4931.3354
25586,4931.0303
25587,4931.946
25588,4930.725
25589,4931.0303
25590,4930.725
25591,4931.0303
25592,4931.0303
25593,4931.6406
25594,4931.0303
25595,4931.0303
25596,4931.0303
25597,4931.3354
25598,4931.0303
25599,4930.725
25600,4930.725
25601,4931.3354
25602,4930.42
25603,4930.42
25604,4931.0303
25605,4931.6406
25606,4931.3354
25607,4931.6406
25608,4931.6406
25609,4931.0303
25610,4931.6406
25611,4930.725
25612,4931.946
25613,4931.3354
25614,4931.0303
25615,4932.251
25616,4931.3354
25617,4931.0303
25618,4931.3354
25619,4930.1147
25620,4932.251
25621,4931.0303
25622,4930.725
25623,4931.3354
25624,4931.6406
25625,4930.725
25626,4932.556
25627,4931.0303
25628,4931.0303
25629,4931.3354
25630,4930.725
25631,4931.946
25632,4931.6406
25633,4931.6406
25634,4929.5044
25635,4931.3354
25636,4931.3354
25637,4931.6406
25638,4930.725
25639,4931.0303
25640,4931.6406
25641,4931.3354
25642,4931.0303
25643,4931.0303
25644,4930.1147
25645,4931.3354
25646,4931.0303
25647,4931.0303
25648,4931.6406
25649,4931.6406
25650,4931.0303
25651,4931.0303
25652,4931.3354
25653,4931.0303
25654,4931.946
25655,4931.6406
25656,4931.6406
25657,4931.3354
25658,4931.0303
25659,4931.6406
25660,4931.3354
25661,4931.0303
25662,4931.3354
25663,4930.42
25664,4931.0303
25665,4931.3354
25666,4930.725
25667,4931.0303
25668,4931.6406
25669,4931.3354
25670,4930.1147
25671,4931.3354
25672,4930.1147
25673,4931.6406
25674,4931.6406
25675,4931.0303
25676,4930.42
25677,4931.3354
25678,4931.3354
25679,4931.0303
25680,4930.725
25681,4930.725
25682,4931.0303
25683,4930.42
25684,4930.725
25685,4931.0303
25686,4931.3354
25687,4931.0303
25688,4931.0303
25689,4931.6406
25690,4931.6406
25691,4931.946
25692,4929.5044
25693,4931.0303
25694,4930.42
25695,4931.3354
25696,4933.1665
25697,4931.6406
25698,4931.0303
25699,4931.3354
25700,4931.6406
25701,4931.0303
25702,4931.0303
25703,4931.0303
25704,4931.3354
25705,4931.6406
25706,4931.3354
25707,4931.3354
25708,4931.3354
25709,4931.0303
25710,4931.6406
25711,4930.42
25712,4930.725
25713,4931.3354
25714,4931.0303
25715,4930.725
25716,4931.0303
25717,4930.42
25718,4931.3354
25719,4930.42
25720,4932.8613
25721,4931.0303
25722,4931.3354
25723,4931.6406
25724,4931.3354
25725,4931.3354
25726,4930.725
25727,4931.3354
25728,4930.725
25729,4930.42
25730,4930.42
25731,4931.3354
25732,4931.3354
25733,4931.3354
25734,4931.3354
25735,4931.6406
25736,4931.6406
25737,4931.3354
25738,4930.725
25739,4930.725
25740,4931.6406
25741,4931.6406
25742,4931.946
25743,4930.42
25744,4930.42
25745,4930.42
25746,4930.42
25747,4931.946
25748,4931.6406
25749,4931.6406
25750,4930.42
25751,4931.946
25752,4931.3354
25753,4931.3354
25754,4931.3354
25755,4931.3354
25756,4931.0303
25757,4931.3354
25758,4930.725
25759,4930.725
25760,4931.6406
25761,4931.6406
25762,4931.0303
25763,4930.725
25764,4930.725
25765,4930.725
25766,4931.0303
25767,4930.725
25768,4930.42
25769,4930.725
25770,4931.6406
25771,4931.0303
25772,4930.725
25773,4930.725
25774,4931.3354
25775,4930.42
25776,4930.42
25777,4931.6406
25778,4931.6406
25779,4931.3354
25780,4931.3354
25781,4931.3354
25782,4932.251
25783,4930.725
25784,4931.0303
25785,4931.6406
25786,4931.0303
25787,4930.42
25788,4931.0303
25789,4931.0303
25790,4931.3354
25791,4930.725
25792,4931.3354
25793,4930.42
25794,4930.42
25795,4931.6406
25796,4931.3354
25797,4931.0303
25798,4930.725
25799,4930.725
25800,4930.725
25801,4931.0303
25802,4931.3354
25803,4931.3354
25804,4930.42
25805,4931.3354
25806,4931.946
25807,4931.3354
25808,4931.0303
25809,4931.3354
25810,4931.946
25811,4931.3354
25812,4931.3354
25813,4931.3354
25814,4931.6406
25815,4930.725
25816,4930.42
25817,4931.0303
25818,4931.3354
25819,4931.0303
25820,4931.3354
25821,4931.0303
25822,4931.946
25823,4931.6406
25824,4930.1147
25825,4931.0303
25826,4930.42
25827,4931.3354
25828,4931.0303
25829,4930.1147
25830,4931.3354
25831,4931.6406
25832,4930.725
25833,4931.6406
25834,4931.3354
25835,4931.0303
25836,4931.3354
25837,4931.3354
25838,4931.0303
25839,4930.42
25840,4931.0303
25841,4931.946
25842,4931.0303
25843,4931.946
25844,4931.0303
25845,4931.0303
25846,4931.3354
25847,4931.946
25848,4931.3354
25849,4931.0303
25850,4930.42
25851,4931.0303
25852,4931.6406
25853,4930.42
25854,4930.42
25855,4931.0303
25856,4931.6406
25857,4931.946
25858,4931.0303
25859,4931.946
25860,4932.251
25861,4931.0303
25862,4931.3354
25863,4931.0303
25864,4931.0303
25865,4931.0303
25866,4931.3354
25867,4931.0303
25868,4931.3354
25869,4930.1147
25870,4931.0303
25871,4930.725
25872,4931.3354
25873,4933.1665
25874,4931.3354
25875,4930.42
25876,4930.725
25877,4931.6406
25878,4931.0303
25879,4930.725
25880,4931.3354
25881,4931.3354
25882,4931.0303
25883,4931.0303
25884,4931.3354
25885,4931.3354
25886,4930.725
25887,4931.3354
25888,4932.251
25889,4931.0303
25890,4931.3354
25891,4931.6406
25892,4931.0303
25893,4930.725
25894,4930.1147
25895,4932.8613
25896,4931.0303
25897,4931.6406
25898,4931.0303
25899,4931.3354
25900,4931.3354
25901,4931.3354
25902,4931.0303
25903,4930.725
25904,4931.0303
25905,4932.556
25906,4931.6406
25907,4931.0303
25908,4931.0303
25909,4931.6406
25910,4930.42
25911,4931.0303
25912,4931.3354
25913,4931.0303
25914,4931.6406
25915,4932.251
25916,4931.0303
25917,4930.1147
25918,4931.3354
25919,4929.8096
25920,4930.725
25921,4931.3354
25922,4931.0303
25923,4930.1147
25924,4931.3354
25925,4930.1147
25926,4930.42
25927,4930.725
25928,4931.3354
25929,4931.3354
25930,4931.6406
25931,4930.725
25932,4930.42
25933,4931.946
25934,4931.6406
25935,4930.42
25936,4931.0303
25937,4931.6406
25938,4931.0303
25939,4930.42
25940,4931.3354
25941,4931.3354
25942,4932.556
25943,4932.556
25944,4931.3354
25945,4931.946
25946,4931.6406
25947,4931.3354
25948,4931.6406
25949,4931.3354
25950,4930.1147
25951,4931.0303
25952,4931.3354
25953,4930.725
25954,4931.3354
25955,4931.3354
25956,4931.3354
25957,4931.6406
25958,4930.725
25959,4931.3354
25960,4931.0303
25961,4931.6406
25962,4931.6406
25963,4930.725
25964,4930.42
25965,4930.725
25966,4931.6406
25967,4931.0303
25968,4930.42
25969,4931.3354
25970,4930.725
25971,4930.42
25972,4931.3354
25973,4930.1147
25974,4930.1147
25975,4930.725
25976,4931.0303
25977,4931.0303
25978,4931.3354
25979,4930.725
25980,4932.251
25981,4931.0303
25982,4931.0303
25983,4931.3354
25984,4931.6406
25985,4931.3354
25986,4931.6406
25987,4931.946
25988,4931.3354
25989,4931.0303
25990,4931.3354
25991,4930.725
25992,4931.0303
25993,4930.725
25994,4930.1147
25995,4931.6406
25996,4931.0303
25997,4931.0303
25998,4931.6406
25999,4930.1147
26000,4930.42
26001,4930.42
26002,4931.0303
26003,4931.3354
26004,4932.556
26005,4931.6406
26006,4931.6406
26007,4931.0303
26008,4931.0303
26009,4930.42
26010,4930.725
26011,4931.0303
26012,4931.3354
26013,4931.3354
26014,4930.42
26015,4930.725
26016,4930.725
26017,4931.3354
26018,4931.3354
26019,4931.3354
26020,4931.6406
26021,4931.3354
26022,4931.3354
26023,4931.0303
26024,4931.3354
26025,4931.0303
26026,4931.0303
26027,4931.3354
26028,4931.946
26029,4931.6406
26030,4930.42
26031,4931.0303
26032,4930.42
26033,4931.0303
26034,4930.725
26035,4931.6406
26036,4931.6406
26037,4931.3354
26038,4930.1147
26039,4930.725
26040,4930.42
26041,4931.3354
26042,4931.0303
26043,4931.3354
26044,4930.1147
26045,4931.0303
26046,4931.3354
26047,4931.3354
26048,4931.0303
26049,4931.0303
26050,4930.42
26051,4930.725
26052,4930.42
26053,4931.6406
26054,4931.3354
26055,4930.725
26056,4930.725
26057,4930.42
26058,4931.6406
26059,4931.6406
26060,4931.3354
26061,4932.556
26062,4931.6406
26063,4931.0303
26064,4931.6406
26065,4931.946
26066,4931.946
26067,4931.3354
26068,4930.42
26069,4931.6406
26070,4931.0303
26071,4931.6406
26072,4931.6406
26073,4931.6406
26074,4930.725
26075,4930.725
26076,4930.42
26077,4930.42
26078,4931.3354
26079,4931.3354
26080,4930.725
26081,4931.0303
26082,4930.725
26083,4931.0303
26084,4930.42
26085,4930.725
26086,4931.3354
26087,4931.3354
26088,4930.42
26089,4931.6406
26090,4931.0303
26091,4931.0303
26092,4930.725
26093,4931.0303
26094,4930.42
26095,4931.3354
26096,4931.0303
26097,4930.725
26098,4931.0303
26099,4930.42
26100,4931.3354
26101,4930.725
26102,4931.0303
26103,4931.0303
26104,4932.251
26105,4931.0303
26106,4931.0303
26107,4932.251
26108,4930.1147
26109,4931.0303
26110,4930.725
26111,4932.251
26112,4930.725
26113,4930.725
26114,4931.3354
26115,4932.251
26116,4929.199
26117,4930.42
26118,4931.3354
26119,4930.725
26120,4932.556
26121,4931.0303
26122,4931.6406
26123,4931.0303
26124,4931.3354
26125,4931.3354
26126,4931.0303
26127,4930.725
26128,4931.3354
26129,4931.0303
26130,4931.0303
26131,4931.0303
26132,4930.725
26133,4931.0303
26134,4931.0303
26135,4931.0303
26136,4931.6406
26137,4930.1147
26138,4930.42
26139,4931.3354
26140,4931.0303
26141,4931.0303
26142,4930.725
26143,4932.251
26144,4931.0303
26145,4930.1147
26146,4931.6406
26147,4931.3354
26148,4931.0303
26149,4931.0303
26150,4931.0303
26151,4931.3354
26152,4930.725
26153,4931.6406
26154,4931.3354
26155,4931.0303
26156,4931.0303
26157,4930.725
26158,4930.725
26159,4931.3354
26160,4931.3354
26161,4931.3354
26162,4931.946
26163,4930.725
26164,4931.6406
26165,4930.725
26166,4930.725
26167,4931.946
26168,4930.42
26169,4930.725
26170,4931.0303
26171,4931.0303
26172,4930.725
26173,4930.725
26174,4931.0303
26175,4931.3354
26176,4931.0303
26177,4930.725
26178,4931.3354
26179,4931.3354
26180,4931.0303
26181,4931.3354
26182,4930.42
26183,4931.0303
26184,4931.3354
26185,4931.6406
26186,4930.42
26187,4931.0303
26188,4930.725
26189,4931.3354
26190,4932.556
26191,4931.6406
26192,4931.6406
26193,4931.0303
26194,4930.1147
26195,4931.0303
26196,4931.6406
26197,4931.0303
26198,4931.0303
26199,4931.3354
26200,4931.946
26201,4931.0303
26202,4931.3354
26203,4931.6406
26204,4931.0303
26205,4931.6406
26206,4931.3354
26207,4931.946
26208,4930.725
26209,4931.0303
26210,4931.0303
26211,4931.0303
26212,4931.3354
26213,4931.0303
26214,4930.725
26215,4930.42
26216,4930.42
26217,4931.6406
26218,4931.946
26219,4930.1147
26220,4930.42
26221,4930.725
26222,4931.0303
26223,4930.725
26224,4931.0303
26225,4931.946
26226,4930.725
26227,4931.0303
26228,4931.946
26229,4931.6406
26230,4931.3354
26231,4931.6406
26232,4931.0303
26233,4930.725
26234,4931.6406
26235,4931.0303
26236,4930.42
26237,4931.946
26238,4930.1147
26239,4931.946
26240,4931.0303
26241,4931.946
26242,4931.6406
26243,4931.6406
26244,4930.42
26245,4931.6406
26246,4931.6406
26247,4931.3354
26248,4931.0303
26249,4930.725
26250,4931.0303
26251,4931.0303
26252,4931.946
26253,4930.725
26254,4930.725
26255,4930.725
26256,4931.0303
26257,4931.3354
26258,4931.0303
26259,4931.3354
26260,4931.6406
26261,4931.0303
26262,4931.0303
26263,4930.725
26264,4931.6406
26265,4930.725
26266,4930.725
26267,4930.725
26268,4931.0303
26269,4930.1147
26270,4931.0303
26271,4931.3354
26272,4931.6406
26273,4931.3354
26274,4930.725
26275,4931.946
26276,4930.1147
26277,4931.0303
26278,4931.3354
26279,4931.946
26280,4931.0303
26281,4931.0303
26282,4930.725
26283,4931.0303
26284,4930.42
26285,4930.725
26286,4931.3354
26287,4931.6406
26288,4931.3354
26289,4931.3354
26290,4931.0303
26291,4930.42
26292,4931.3354
26293,4930.725
26294,4930.725
26295,4930.1147
26296,4930.42
26297,4931.0303
26298,4931.3354
26299,4931.3354
26300,4930.725
26301,4930.42
26302,4931.3354
26303,4932.251
26304,4931.3354
26305,4930.42
26306,4931.6406
26307,4931.3354
26308,4930.42
26309,4931.6406
26310,4931.3354
26311,4930.725
26312,4931.946
26313,4931.6406
26314,4931.0303
26315,4931.6406
26316,4931.3354
26317,4930.725
26318,4930.725
26319,4931.3354
26320,4931.0303
26321,4931.0303
26322,4930.42
26323,4930.725
26324,4931.6406
26325,4931.3354
26326,4930.1147
26327,4930.42
26328,4931.6406
26329,4931.0303
26330,4931.0303
26331,4931.3354
26332,4930.42
26333,4931.0303
26334,4931.6406
26335,4931.0303
26336,4930.725
26337,4930.725
26338,4930.725
26339,4931.6406
26340,4931.946
26341,4931.0303
26342,4931.0303
26343,4931.3354
26344,4931.3354
26345,4931.3354
26346,4931.0303
26347,4931.3354
26348,4931.3354
26349,4931.946
26350,4931.0303
26351,4931.3354
26352,4931.3354
26353,4931.0303
26354,4930.725
26355,4931.0303
26356,4931.3354
26357,4930.725
26358,4931.0303
26359,4931.0303
26360,4931.3354
26361,4931.6406
26362,4931.3354
26363,4928.589
26364,4931.0303
26365,4931.0303
26366,4931.3354
26367,4932.251
26368,4930.725
26369,4931.3354
26370,4931.6406
26371,4931.0303
26372,4930.1147
26373,4931.0303
26374,4931.3354
26375,4931.3354
26376,4931.0303
26377,4931.3354
26378,4930.725
26379,4931.0303
26380,4931.6406
26381,4931.0303
26382,4930.1147
26383,4931.3354
26384,4931.0303
26385,4931.0303
26386,4931.6406
26387,4931.3354
26388,4930.725
26389,4930.1147
26390,4930.725
26391,4931.0303
26392,4931.0303
26393,4931.6406
26394,4930.725
26395,4931.3354
26396,4931.6406
26397,4931.0303
26398,4931.3354
26399,4930.42
26400,4931.3354
26401,4931.3354
26402,4931.0303
26403,4931.3354
26404,4931.0303
26405,4931.3354
26406,4931.6406
26407,4930.42
26408,4931.3354
26409,4930.42
26410,4930.42
26411,4931.3354
26412,4931.0303
26413,4930.725
26414,4930.725
26415,4931.3354
26416,4931.0303
26417,4931.6406
26418,4930.725
26419,4930.42
26420,4932.251
26421,4930.725
26422,4930.725
26423,4931.946
26424,4930.42
26425,4931.6406
26426,4930.725
26427,4931.6406
26428,4930.725
26429,4931.0303
26430,4930.725
26431,4929.8096
26432,4931.0303
26433,4930.725
26434,4932.8613
26435,4931.0303
26436,4931.6406
26437,4932.251
26438,4929.8096
26439,4930.725
26440,4931.0303
26441,4931.946
26442,4931.3354
26443,4931.0303
26444,4932.251
26445,4931.3354
26446,4931.0303
26447,4931.3354
26448,4931.6406
26449,4931.0303
26450,4931.0303
26451,4930.725
26452,4929.8096
26453,4929.8096
26454,4930.725
26455,4929.8096
26456,4930.725
26457,4930.1147
26458,4931.0303
26459,4931.0303
26460,4930.42
26461,4931.0303
26462,4931.6406
26463,4931.3354
26464,4931.0303
26465,4931.0303
26466,4929.5044
26467,4931.3354
26468,4931.3354
26469,4931.946
26470,4931.3354
26471,4931.0303
26472,4931.6406
26473,4931.3354
26474,4931.6406
26475,4931.6406
26476,4931.0303
26477,4931.0303
26478,4931.0303
26479,4931.3354
26480,4931.3354
26481,4931.3354
26482,4931.0303
26483,4931.0303
26484,4931.6406
26485,4930.725
26486,4931.6406
26487,4931.3354
26488,4931.3354
26489,4930.42
26490,4931.946
26491,4930.42
26492,4931.3354
26493,4931.0303
26494,4931.3354
26495,4929.5044
26496,4930.1147
26497,4932.251
26498,4931.3354
26499,4931.6406
26500,4931.0303
26501,4930.42
26502,4931.3354
26503,4931.0303
26504,4931.3354
26505,4931.6406
26506,4930.42
26507,4931.3354
26508,4930.42
26509,4931.3354
26510,4930.42
26511,4931.3354
26512,4931.3354
26513,4930.1147
26514,4931.0303
26515,4931.3354
26516,4931.6406
26517,4931.3354
26518,4931.0303
26519,4931.3354
26520,4930.725
26521,4931.3354
26522,4931.0303
26523,4931.3354
26524,4930.725
26525,4931.6406
26526,4931.3354
26527,4930.725
26528,4931.0303
26529,4931.3354
26530,4931.3354
26531,4931.0303
26532,4931.0303
26533,4931.3354
26534,4931.3354
26535,4931.946
26536,4931.0303
26537,4931.0303
26538,4931.0303
26539,4931.3354
26540,4930.725
26541,4930.42
26542,4931.3354
26543,4930.725
26544,4931.946
26545,4929.8096
26546,4930.1147
26547,4930.725
26548,4930.725
26549,4930.725
26550,4931.3354
26551,4931.3354
26552,4931.0303
26553,4931.6406
26554,4931.3354
26555,4931.946
26556,4931.946
26557,4931.946
26558,4931.6406
26559,4931.0303
26560,4931.3354
26561,4931.3354
26562,4931.3354
26563,4931.0303
26564,4930.725
26565,4931.3354
26566,4932.251
26567,4930.725
26568,4931.6406
26569,4931.3354
26570,4931.0303
26571,4931.0303
26572,4930.725
26573,4931.0303
26574,4931.6406
26575,4931.3354
26576,4931.0303
26577,4931.0303
26578,4930.725
26579,4931.6406
26580,4931.3354
26581,4930.725
26582,4931.6406
26583,4930.725
26584,4930.725
26585,4931.3354
26586,4931.3354
26587,4931.946
26588,4931.3354
26589,4931.3354
26590,4931.946
26591,4930.42
26592,4931.0303
26593,4931.6406
26594,4931.3354
26595,4930.42
26596,4930.725
26597,4931.6406
26598,4931.0303
26599,4931.6406
26600,4932.556
26601,4932.8613
26602,4930.42
26603,4931.946
26604,4931.0303
26605,4931.6406
26606,4930.42
26607,4931.946
26608,4931.3354
26609,4930.725
26610,4930.1147
26611,4931.3354
26612,4931.946
26613,4931.6406
26614,4931.946
26615,4930.725
26616,4931.0303
26617,4931.3354
26618,4930.1147
26619,4930.42
26620,4930.42
26621,4931.0303
26622,4931.3354
26623,4930.42
26624,4931.3354
26625,4931.3354
26626,4930.725
26627,4930.1147
26628,4931.3354
26629,4931.3354
26630,4931.946
26631,4931.3354
26632,4931.6406
26633,4931.0303
26634,4931.3354
26635,4931.0303
26636,4931.0303
26637,4931.6406
26638,4931.0303
26639,4931.0303
26640,4932.251
26641,4930.725
26642,4931.0303
26643,4931.3354
26644,4931.0303
26645,4930.1147
26646,4931.0303
26647,4931.3354
26648,4930.725
26649,4931.0303
26650,4931.0303
26651,4930.725
26652,4931.0303
26653,4931.6406
26654,4931.6406
26655,4931.0303
26656,4930.725
26657,4931.3354
26658,4931.0303
26659,4931.0303
26660,4930.42
26661,4931.6406
26662,4930.725
26663,4931.3354
26664,4930.725
26665,4929.8096
26666,4931.0303
26667,4930.1147
26668,4931.3354
26669,4931.0303
26670,4930.725
26671,4931.946
26672,4931.0303
26673,4931.0303
26674,4931.0303
26675,4931.3354
26676,4931.3354
26677,4930.725
26678,4931.3354
26679,4931.0303
26680,4931.0303
26681,4931.0303
26682,4931.946
26683,4931.6406
26684,4931.946
26685,4932.251
26686,4931.3354
26687,4931.0303
26688,4930.725
26689,4931.0303
26690,4931.3354
26691,4931.0303
26692,4931.0303
26693,4931.0303
26694,4930.725
26695,4930.42
26696,4931.0303
26697,4930.725
26698,4931.3354
26699,4931.0303
26700,4931.3354
26701,4930.42
26702,4930.42
26703,4931.0303
26704,4930.725
26705,4930.725
26706,4930.42
26707,4931.946
26708,4930.725
26709,4930.725
26710,4931.3354
26711,4930.1147
26712,4930.725
26713,4931.3354
26714,4931.6406
26715,4931.6406
26716,4930.42
26717,4931.6406
26718,4930.725
26719,4931.0303
26720,4931.3354
26721,4930.42
26722,4931.3354
26723,4930.42
26724,4931.0303
26725,4931.0303
26726,4931.3354
26727,4931.6406
26728,4931.3354
26729,4931.3354
26730,4931.3354
26731,4931.6406
26732,4931.6406
26733,4930.725
26734,4930.725
26735,4931.3354
26736,4931.3354
26737,4931.3354
26738,4931.0303
26739,4930.725
26740,4931.0303
26741,4931.6406
26742,4930.725
26743,4932.251
26744,4931.946
26745,4931.6406
26746,4930.725
26747,4930.1147
26748,4931.0303
26749,4931.0303
26750,4931.3354
26751,4931.3354
26752,4930.1147
26753,4930.725
26754,4931.3354
26755,4931.3354
26756,4931.3354
26757,4931.6406
26758,4930.725
26759,4930.725
26760,4931.3354
26761,4931.6406
26762,4931.6406
26763,4931.6406
26764,4930.725
26765,4931.0303
26766,4931.6406
26767,4930.42
26768,4931.0303
26769,4930.725
26770,4931.946
26771,4931.0303
26772,4931.0303
26773,4930.1147
26774,4931.6406
26775,4931.3354
26776,4931.0303
26777,4930.725
26778,4929.8096
26779,4930.725
26780,4931.0303
26781,4931.6406
26782,4931.3354
26783,4929.8096
26784,4930.725
26785,4931.6406
26786,4930.725
26787,4930.725
26788,4931.3354
26789,4931.3354
26790,4929.8096
26791,4931.3354
26792,4930.1147
26793,4931.3354
26794,4931.3354
26795,4931.0303
26796,4930.1147
26797,4930.725
26798,4931.3354
26799,4931.6406
26800,4930.725
26801,4931.3354
26802,4930.725
26803,4931.6406
26804,4931.3354
26805,4930.725
26806,4930.725
26807,4930.42
26808,4930.42
26809,4930.725
26810,4931.3354
26811,4930.725
26812,4931.6406
26813,4931.0303
26814,4931.0303
26815,4931.0303
26816,4931.946
26817,4931.946
26818,4931.0303
26819,4930.725
26820,4930.725
26821,4931.6406
26822,4931.6406
26823,4931.0303
26824,4931.0303
26825,4931.0303
26826,4931.0303
26827,4930.725
26828,4931.0303
26829,4930.42
26830,4931.0303
26831,4931.0303
26832,4931.3354
26833,4930.1147
26834,4931.0303
26835,4931.6406
26836,4931.3354
26837,4930.725
26838,4930.725
26839,4931.0303
26840,4930.725
26841,4930.725
26842,4931.0303
26843,4930.725
26844,4931.3354
26845,4931.0303
26846,4930.725
26847,4931.6406
26848,4931.6406
26849,4931.6406
26850,4930.725
26851,4931.3354
26852,4931.0303
26853,4931.3354
26854,4931.6406
26855,4931.0303
26856,4931.946
26857,4930.42
26858,4931.0303
26859,4930.1147
26860,4931.6406
26861,4932.556
26862,4932.251
26863,4931.3354
26864,4931.0303
26865,4930.42
26866,4931.3354
26867,4931.3354
26868,4930.42
26869,4931.3354
26870,4931.0303
26871,4930.42
26872,4931.3354
26873,4931.0303
26874,4931.3354
26875,4930.725
26876,4931.0303
26877,4931.0303
26878,4930.725
26879,4931.3354
26880,4931.6406
26881,4931.0303
26882,4930.1147
26883,4930.725
26884,4932.251
26885,4931.3354
26886,4931.6406
26887,4931.0303
26888,4931.0303
26889,4931.0303
26890,4931.0303
26891,4931.0303
26892,4931.3354
26893,4931.946
26894,4931.946
26895,4931.0303
26896,4931.0303
26897,4931.0303
26898,4931.6406
26899,4931.3354
26900,4931.3354
26901,4931.0303
26902,4931.3354
26903,4931.3354
26904,4932.556
26905,4931.0303
26906,4931.0303
26907,4930.42
26908,4931.3354
26909,4931.6406
26910,4931.0303
26911,4930.725
26912,4931.0303
26913,4931.0303
26914,4931.3354
26915,4930.42
26916,4931.6406
26917,4931.6406
26918,4930.725
26919,4931.0303
26920,4931.3354
26921,4931.0303
26922,4931.3354
26923,4931.0303
26924,4931.3354
26925,4931.0303
26926,4931.3354
26927,4930.42
26928,4931.3354
26929,4931.0303
26930,4932.251
26931,4932.556
26932,4931.3354
26933,4931.3354
26934,4930.42
26935,4931.3354
26936,4931.6406
26937,4931.3354
26938,4931.6406
26939,4931.0303
26940,4931.6406
26941,4931.946
26942,4930.725
26943,4931.3354
26944,4930.725
26945,4930.42
26946,4930.725
26947,4930.725
26948,4930.725
26949,4931.0303
26950,4930.42
26951,4931.6406
26952,4931.0303
26953,4931.0303
26954,4931.6406
26955,4931.3354
26956,4931.0303
26957,4930.42
26958,4931.3354
26959,4931.0303
26960,4931.3354
26961,4931.0303
26962,4930.725
26963,4931.3354
26964,4930.725
26965,4931.0303
26966,4931.3354
26967,4931.0303
26968,4930.725
26969,4931.0303
26970,4931.946
26971,4930.42
26972,4931.6406
26973,4931.3354
26974,4931.0303
26975,4931.6406
26976,4931.0303
26977,4930.725
26978,4929.8096
26979,4931.0303
26980,4931.6406
26981,4930.725
26982,4931.0303
26983,4931.3354
26984,4931.3354
26985,4930.1147
26986,4931.0303
26987,4931.0303
26988,4931.6406
26989,4930.725
26990,4931.0303
26991,4930.725
26992,4931.0303
26993,4930.725
26994,4931.6406
26995,4931.0303
26996,4930.725
26997,4930.725
26998,4930.42
26999,4931.0303
27000,4930.42
27001,4931.3354
27002,4931.3354
27003,4931.3354
27004,4931.3354
27005,4931.3354
27006,4930.725
27007,4931.3354
27008,4932.556
27009,4931.0303
27010,4930.42
27011,4931.0303
27012,4931.0303
27013,4931.0303
27014,4930.725
27015,4931.3354
27016,4931.0303
27017,4931.0303
27018,4931.0303
27019,4930.725
27020,4931.3354
27021,4931.0303
27022,4931.0303
27023,4931.3354
27024,4929.8096
27025,4931.3354
27026,4931.3354
27027,4930.725
27028,4931.0303
27029,4931.3354
27030,4931.3354
27031,4931.0303
27032,4930.725
27033,4931.0303
27034,4931.0303
27035,4930.725
27036,4930.42
27037,4931.6406
27038,4931.946
27039,4931.3354
27040,4931.0303
27041,4930.725
27042,4931.0303
27043,4931.0303
27044,4931.3354
27045,4931.6406
27046,4930.725
27047,4931.0303
27048,4932.556
27049,4931.6406
27050,4931.946
27051,4930.725
27052,4930.42
27053,4930.1147
27054,4931.6406
27055,4931.3354
27056,4931.946
27057,4930.725
27058,4931.6406
27059,4931.0303
27060,4930.725
27061,4931.6406
27062,4931.3354
27063,4930.725
27064,4930.42
27065,4930.42
27066,4931.6406
27067,4931.0303
27068,4930.42
27069,4931.0303
27070,4931.0303
27071,4931.6406
27072,4931.946
27073,4931.0303
27074,4931.3354
27075,4931.0303
27076,4931.0303
27077,4931.6406
27078,4929.8096
27079,4930.725
27080,4931.0303
27081,4931.6406
27082,4931.6406
27083,4930.725
27084,4931.3354
27085,4931.6406
27086,4933.4717
27087,4931.0303
27088,4930.725
27089,4931.946
27090,4930.725
27091,4931.3354
27092,4931.0303
27093,4931.0303
27094,4931.946
27095,4931.3354
27096,4930.1147
27097,4931.0303
27098,4931.3354
27099,4931.3354
27100,4931.6406
27101,4930.1147
27102,4931.3354
27103,4931.3354
27104,4930.42
27105,4930.725
27106,4931.6406
27107,4931.3354
27108,4932.8613
27109,4931.3354
27110,4931.0303
27111,4931.6406
27112,4930.725
27113,4931.6406
27114,4932.251
27115,4930.725
27116,4931.0303
27117,4931.0303
27118,4931.0303
27119,4931.946
27120,4931.0303
27121,4930.42
27122,4931.6406
27123,4931.6406
27124,4931.0303
27125,4931.6406
27126,4931.0303
27127,4931.0303
27128,4931.0303
27129,4930.725
27130,4931.3354
27131,4930.725
27132,4931.946
27133,4931.0303
27134,4930.42
27135,4931.946
27136,4931.6406
27137,4930.725
27138,4931.3354
27139,4931.6406
27140,4930.42
27141,4930.725
27142,4931.0303
27143,4931.3354
27144,4931.3354
27145,4931.0303
27146,4930.42
27147,4931.0303
27148,4930.725
27149,4930.725
27150,4931.0303
27151,4931.3354
27152,4930.1147
27153,4931.3354
27154,4931.3354
27155,4931.6406
27156,4931.0303
27157,4931.0303
27158,4931.946
27159,4931.3354
27160,4931.6406
27161,4930.725
27162,4929.8096
27163,4930.725
27164,4931.3354
27165,4930.725
27166,4931.6406
27167,4931.6406
27168,4931.6406
27169,4931.3354
27170,4930.42
27171,4930.42
27172,4930.42
27173,4931.3354
27174,4931.0303
27175,4932.251
27176,4932.251
27177,4931.0303
27178,4931.3354
27179,4931.0303
27180,4931.0303
27181,4931.0303
27182,4931.3354
27183,4931.3354
27184,4930.725
27185,4931.0303
27186,4930.725
27187,4931.3354
27188,4930.725
27189,4931.946
27190,4930.725
27191,4931.0303
27192,4931.0303
27193,4931.0303
27194,4931.6406
27195,4931.0303
27196,4931.3354
27197,4930.725
27198,4930.725
27199,4931.3354
27200,4931.3354
27201,4930.725
27202,4930.725
27203,4931.3354
27204,4931.0303
27205,4931.3354
27206,4929.5044
27207,4931.3354
27208,4930.42
27209,4931.0303
27210,4930.42
27211,4931.6406
27212,4931.6406
27213,4930.725
27214,4931.6406
27215,4930.725
27216,4931.0303
27217,4931.6406
27218,4931.6406
27219,4931.0303
27220,4930.1147
27221,4931.6406
27222,4931.0303
27223,4931.0303
27224,4930.725
27225,4931.3354
27226,4931.0303
27227,4931.6406
27228,4930.42
27229,4930.42
27230,4930.725
27231,4931.0303
27232,4931.3354
27233,4930.42
27234,4930.42
27235,4931.3354
27236,4931.6406
27237,4931.3354
27238,4931.3354
27239,4931.3354
27240,4929.8096
27241,4930.725
27242,4931.6406
27243,4931.6406
27244,4930.725
27245,4931.6406
27246,4931.0303
27247,4930.42
27248,4931.6406
27249,4931.946
27250,4931.3354
27251,4931.0303
27252,4931.3354
27253,4930.725
27254,4931.3354
27255,4931.3354
27256,4931.6406
27257,4930.725
27258,4931.6406
27259,4931.3354
27260,4931.0303
27261,4930.725
27262,4930.1147
27263,4931.3354
27264,4931.0303
27265,4931.0303
27266,4931.3354
27267,4931.0303
27268,4930.725
27269,4931.6406
27270,4930.725
27271,4930.42
27272,4931.6406
27273,4931.0303
27274,4931.6406
27275,4930.1147
27276,4931.0303
27277,4931.6406
27278,4930.42
27279,4930.42
27280,4930.42
27281,4931.946
27282,4931.0303
27283,4931.946
27284,4930.42
27285,4931.3354
27286,4931.0303
27287,4930.725
27288,4931.6406
27289,4930.725
27290,4930.1147
27291,4931.3354
27292,4931.6406
27293,4931.6406
27294,4931.3354
27295,4932.556
27296,4931.3354
27297,4930.725
27298,4930.42
27299,4931.0303
27300,4930.725
27301,4931.946
27302,4931.0303
27303,4930.725
27304,4931.6406
27305,4931.3354
27306,4930.725
27307,4930.725
27308,4930.725
27309,4930.42
27310,4930.42
27311,4930.42
27312,4931.3354
27313,4931.3354
27314,4931.0303
27315,4931.0303
27316,4930.725
27317,4932.251
27318,4931.0303
27319,4931.946
27320,4931.0303
27321,4931.3354
27322,4931.6406
27323,4930.42
27324,4930.725
27325,4931.0303
27326,4931.946
27327,4931.946
27328,4931.0303
27329,4930.725
27330,4931.946
27331,4931.0303
27332,4931.946
27333,4931.0303
27334,4930.725
27335,4931.0303
27336,4931.0303
27337,4930.725
27338,4931.3354
27339,4930.725
27340,4930.42
27341,4931.0303
27342,4930.42
27343,4930.725
27344,4932.556
27345,4931.946
27346,4930.42
27347,4930.42
27348,4931.946
27349,4931.0303
27350,4931.6406
27351,4930.1147
27352,4931.6406
27353,4931.0303
27354,4930.42
27355,4933.1665
27356,4930.42
27357,4931.0303
27358,4931.0303
27359,4931.6406
27360,4930.725
27361,4931.0303
27362,4931.0303
27363,4931.946
27364,4931.3354
27365,4931.0303
27366,4930.725
27367,4931.0303
27368,4931.0303
27369,4930.725
27370,4931.6406
27371,4931.3354
27372,4931.3354
27373,4931.3354
27374,4931.946
27375,4931.3354
27376,4931.3354
27377,4931.946
27378,4931.0303
27379,4931.3354
27380,4931.6406
27381,4931.0303
27382,4932.251
27383,4931.6406
27384,4931.0303
27385,4931.6406
27386,4931.0303
27387,4931.0303
27388,4931.3354
27389,4931.6406
27390,4931.6406
27391,4931.946
27392,4931.0303
27393,4931.0303
27394,4930.725
27395,4931.946
27396,4931.0303
27397,4930.42
27398,4931.0303
27399,4931.6406
27400,4931.946
27401,4931.3354
27402,4931.0303
27403,4930.42
27404,4931.0303
27405,4930.725
27406,4931.0303
27407,4930.42
27408,4931.6406
27409,4931.3354
27410,4931.0303
27411,4931.0303
27412,4931.6406
27413,4931.0303
27414,4931.3354
27415,4931.0303
27416,4931.6406
27417,4930.42
27418,4930.725
27419,4931.3354
27420,4931.3354
27421,4930.725
27422,4931.3354
27423,4931.3354
27424,4930.42
27425,4931.6406
27426,4930.725
27427,4931.6406
27428,4930.42
27429,4931.6406
27430,4931.6406
27431,4932.556
27432,4931.3354
27433,4930.42
27434,4930.725
27435,4930.725
27436,4930.42
27437,4931.6406
27438,4930.42
27439,4931.0303
27440,4931.0303
27441,4931.946
27442,4931.0303
27443,4930.42
27444,4931.0303
27445,4931.3354
27446,4930.725
27447,4931.6406
27448,4931.0303
27449,4931.0303
27450,4930.42
27451,4931.0303
27452,4930.725
27453,4931.0303
27454,4931.6406
27455,4931.6406
27456,4931.0303
27457,4930.42
27458,4931.6406
27459,4931.3354
27460,4931.0303
27461,4931.0303
27462,4931.0303
27463,4931.6406
27464,4931.3354
27465,4931.6406
27466,4930.725
27467,4931.0303
27468,4931.946
27469,4931.6406
27470,4931.0303
27471,4931.0303
27472,4931.3354
27473,4932.8613
27474,4931.0303
27475,4930.42
27476,4931.0303
27477,4931.0303
27478,4931.0303
27479,4930.1147
27480,4930.725
27481,4931.3354
27482,4930.725
27483,4931.6406
27484,4930.725
27485,4931.0303
27486,4931.0303
27487,4931.3354
27488,4931.0303
27489,4931.3354
27490,4931.3354
27491,4930.725
27492,4931.3354
27493,4931.3354
27494,4932.8613
27495,4931.946
27496,4930.725
27497,4930.725
27498,4931.3354
27499,4931.3354
27500,4932.556
27501,4931.6406
27502,4931.0303
27503,4931.3354
27504,4931.0303
27505,4931.6406
27506,4931.0303
27507,4931.0303
27508,4930.725
27509,4930.725
27510,4931.6406
27511,4931.6406
27512,4931.0303
27513,4931.0303
27514,4931.0303
27515,4931.0303
27516,4930.42
27517,4930.42
27518,4931.946
27519,4931.6406
27520,4930.1147
27521,4930.725
27522,4930.725
27523,4930.725
27524,4930.725
27525,4930.725
27526,4930.42
27527,4930.725
27528,4931.0303
27529,4930.42
27530,4930.725
27531,4930.42
27532,4931.0303
27533,4931.3354
27534,4930.725
27535,4931.6406
27536,4931.946
27537,4931.0303
27538,4931.0303
27539,4931.3354
27540,4931.6406
27541,4930.725
27542,4931.0303
27543,4931.0303
27544,4931.0303
27545,4930.725
27546,4931.946
27547,4930.42
27548,4931.0303
27549,4929.8096
27550,4931.6406
27551,4931.6406
27552,4930.725
27553,4930.42
27554,4931.0303
27555,4931.3354
27556,4931.6406
27557,4930.725
27558,4931.0303
27559,4930.725
27560,4931.3354
27561,4931.0303
27562,4931.3354
27563,4930.725
27564,4930.725
27565,4931.6406
27566,4930.725
27567,4931.3354
27568,4931.3354
27569,4931.6406
27570,4930.42
27571,4931.0303
27572,4930.725
27573,4930.42
27574,4931.0303
27575,4931.6406
27576,4931.6406
27577,4931.0303
27578,4931.6406
27579,4931.0303
27580,4931.0303
27581,4931.3354
27582,4931.0303
27583,4931.6406
27584,4930.725
27585,4931.6406
27586,4931.6406
27587,4930.725
27588,4930.725
27589,4930.42
27590,4930.725
27591,4930.1147
27592,4930.1147
27593,4930.725
27594,4931.0303
27595,4931.0303
27596,4931.6406
27597,4931.3354
27598,4929.5044
27599,4930.725
27600,4931.3354
27601,4931.0303
27602,4932.251
27603,4930.725
27604,4931.0303
27605,4931.0303
27606,4931.6406
27607,4931.3354
27608,4931.0303
27609,4930.42
27610,4930.725
27611,4931.3354
27612,4931.0303
27613,4931.3354
27614,4931.946
27615,4931.3354
27616,4931.6406
27617,4931.946
27618,4931.3354
27619,4931.3354
27620,4930.725
27621,4931.6406
27622,4931.0303
27623,4931.0303
27624,4931.0303
27625,4931.3354
27626,4931.0303
27627,4931.0303
27628,4931.0303
27629,4931.6406
27630,4931.3354
27631,4930.42
27632,4931.6406
27633,4931.0303
27634,4931.3354
27635,4932.251
27636,4931.6406
27637,4929.8096
27638,4930.42
27639,4931.3354
27640,4931.6406
27641,4931.0303
27642,4931.3354
27643,4931.3354
27644,4930.42
27645,4931.0303
27646,4931.3354
27647,4931.3354
27648,4930.42
27649,4931.6406
27650,4931.3354
27651,4931.0303
27652,4930.725
27653,4931.0303
27654,4931.0303
27655,4931.3354
27656,4931.3354
27657,4931.0303
27658,4931.0303
27659,4931.6406
27660,4931.3354
27661,4931.0303
27662,4931.3354
27663,4931.6406
27664,4931.946
27665,4932.251
27666,4931.0303
27667,4931.0303
27668,4931.6406
27669,4931.3354
27670,4931.0303
27671,4931.3354
27672,4931.6406
27673,4931.0303
27674,4931.0303
27675,4931.0303
27676,4931.6406
27677,4930.725
27678,4931.946
27679,4929.199
27680,4930.42
27681,4931.3354
27682,4931.6406
27683,4931.0303
27684,4931.6406
27685,4930.42
27686,4931.3354
27687,4931.0303
27688,4931.0303
27689,4929.8096
27690,4930.42
27691,4931.3354
27692,4931.6406
27693,4931.3354
27694,4931.3354
27695,4931.3354
27696,4931.6406
27697,4931.6406
27698,4930.1147
27699,4931.6406
27700,4931.0303
27701,4932.556
27702,4932.251
27703,4931.0303
27704,4931.0303
27705,4930.42
27706,4930.1147
27707,4930.1147
27708,4930.42
27709,4931.3354
27710,4931.3354
27711,4930.42
27712,4930.1147
27713,4930.42
27714,4931.0303
27715,4931.6406
27716,4932.251
27717,4932.556
27718,4932.251
27719,4932.8613
27720,4931.946
27721,4931.3354
27722,4930.725
27723,4931.0303
27724,4931.0303
27725,4930.725
27726,4928.589
27727,4929.5044
27728,4930.42
27729,4930.42
27730,4930.42
27731,4930.42
27732,4930.725
27733,4930.725
27734,4931.0303
27735,4930.1147
27736,4931.0303
27737,4931.946
27738,4931.0303
27739,4932.556
27740,4931.3354
27741,4930.42
27742,4932.251
27743,4930.725
27744,4929.8096
27745,4931.0303
27746,4931.0303
27747,4931.3354
27748,4931.3354
27749,4930.725
27750,4931.3354
27751,4931.0303
27752,4931.3354
27753,4931.0303
27754,4930.725
27755,4931.3354
27756,4931.3354
27757,4931.0303
27758,4929.5044
27759,4931.6406
27760,4931.0303
27761,4931.3354
27762,4930.725
27763,4931.3354
27764,4931.3354
27765,4931.946
27766,4930.1147
27767,4931.3354
27768,4930.725
27769,4931.3354
27770,4930.725
27771,4930.725
27772,4929.8096
27773,4930.725
27774,4930.725
27775,4931.6406
27776,4930.42
27777,4931.3354
27778,4931.6406
27779,4931.6406
27780,4931.0303
27781,4931.3354
27782,4932.251
27783,4931.3354
27784,4931.3354
27785,4931.0303
27786,4931.3354
27787,4930.725
27788,4931.0303
27789,4931.0303
27790,4931.0303
27791,4931.0303
27792,4931.6406
27793,4930.725
27794,4931.0303
27795,4931.3354
27796,4931.6406
27797,4930.725
27798,4931.0303
27799,4932.8613
27800,4931.3354
27801,4931.6406
27802,4931.6406
27803,4930.725
27804,4930.1147
27805,4931.6406
27806,4930.725
27807,4931.3354
27808,4930.42
27809,4930.725
27810,4931.0303
27811,4931.0303
27812,4931.0303
27813,4930.42
27814,4931.6406
27815,4932.251
27816,4931.3354
27817,4931.0303
27818,4930.42
27819,4931.3354
27820,4931.0303
27821,4931.0303
27822,4931.0303
27823,4931.0303
27824,4931.6406
27825,4931.0303
27826,4931.3354
27827,4932.556
27828,4931.3354
27829,4930.725
27830,4931.3354
27831,4931.3354
27832,4931.3354
27833,4931.3354
27834,4932.556
27835,4931.0303
27836,4930.725
27837,4930.725
27838,4930.725
27839,4931.0303
27840,4931.6406
27841,4930.42
27842,4931.6406
27843,4931.6406
27844,4931.0303
27845,4930.1147
27846,4931.6406
27847,4930.42
27848,4931.0303
27849,4932.8613
27850,4931.6406
27851,4931.946
27852,4931.3354
27853,4930.725
27854,4930.725
27855,4932.556
27856,4929.5044
27857,4931.6406
27858,4931.0303
27859,4931.0303
27860,4930.725
27861,4930.725
27862,4931.0303
27863,4931.3354
27864,4931.6406
27865,4930.725
27866,4930.42
27867,4931.0303
27868,4930.725
27869,4931.3354
27870,4931.3354
27871,4931.6406
27872,4931.946
27873,4931.6406
27874,4931.0303
27875,4929.5044
27876,4931.3354
27877,4931.3354
27878,4931.3354
27879,4930.42
27880,4929.8096
27881,4931.3354
27882,4931.3354
27883,4931.3354
27884,4930.42
27885,4931.0303
27886,4931.0303
27887,4931.0303
27888,4932.251
27889,4929.8096
27890,4930.42
27891,4930.42
27892,4931.3354
27893,4930.725
27894,4931.0303
27895,4931.0303
27896,4931.3354
27897,4931.0303
27898,4930.725
27899,4930.725
27900,4931.3354
27901,4931.3354
27902,4931.6406
27903,4930.725
27904,4929.8096
27905,4932.251
27906,4930.725
27907,4930.725
27908,4931.3354
27909,4931.946
27910,4931.0303
27911,4931.0303
27912,4930.725
27913,4931.946
27914,4931.3354
27915,4930.725
27916,4931.0303
27917,4930.42
27918,4931.3354
27919,4933.1665
27920,4931.6406
27921,4931.0303
27922,4931.3354
27923,4931.0303
27924,4930.1147
27925,4930.42
27926,4930.1147
27927,4931.3354
27928,4931.0303
27929,4931.3354
27930,4931.0303
27931,4930.725
27932,4930.42
27933,4930.725
27934,4931.0303
27935,4931.3354
27936,4931.3354
27937,4930.725
27938,4931.0303
27939,4931.946
27940,4931.0303
27941,4931.6406
27942,4931.3354
27943,4931.6406
27944,4931.0303
27945,4931.3354
27946,4931.3354
27947,4931.6406
27948,4930.725
27949,4929.5044
27950,4931.0303
27951,4931.6406
27952,4931.6406
27953,4931.0303
27954,4932.556
27955,4931.3354
27956,4931.3354
27957,4930.725
27958,4931.3354
27959,4931.0303
27960,4931.0303
27961,4930.725
27962,4930.725
27963,4931.0303
27964,4931.3354
27965,4931.946
27966,4930.42
27967,4931.0303
27968,4932.251
27969,4931.0303
27970,4931.0303
27971,4930.725
27972,4931.6406
27973,4931.3354
27974,4931.0303
27975,4931.0303
27976,4930.725
27977,4931.6406
27978,4930.725
27979,4930.725
27980,4930.42
27981,4931.6406
27982,4931.0303
27983,4931.0303
27984,4930.725
27985,4930.42
27986,4931.946
27987,4931.3354
27988,4930.1147
27989,4932.556
27990,4930.725
27991,4930.725
27992,4931.6406
27993,4931.6406
27994,4931.0303
27995,4930.725
27996,4931.946
27997,4932.251
27998,4930.725
27999,4930.42
28000,4931.3354
28001,4931.3354
28002,4931.0303
28003,4930.42
28004,4931.3354
28005,4931.946
28006,4931.6406
28007,4930.725
28008,4930.725
28009,4931.946
28010,4930.42
28011,4931.3354
28012,4931.0303
28013,4931.0303
28014,4930.42
28015,4931.6406
28016,4931.0303
28017,4931.3354
28018,4930.42
28019,4931.3354
28020,4931.0303
28021,4931.0303
28022,4931.6406
28023,4930.42
28024,4931.3354
28025,4931.946
28026,4931.946
28027,4930.725
28028,4931.946
28029,4930.42
28030,4930.725
28031,4930.725
28032,4931.0303
28033,4931.6406
28034,4931.3354
28035,4931.3354
28036,4931.3354
28037,4931.0303
28038,4931.946
28039,4931.6406
28040,4931.6406
28041,4931.6406
28042,4931.0303
28043,4932.251
28044,4930.725
28045,4930.725
28046,4931.3354
28047,4931.6406
28048,4930.725
28049,4931.0303
28050,4931.3354
28051,4931.3354
28052,4931.6406
28053,4930.725
28054,4930.42
28055,4931.3354
28056,4930.725
28057,4931.0303
28058,4931.3354
28059,4931.3354
28060,4930.42
28061,4932.251
28062,4931.0303
28063,4930.42
28064,4930.725
28065,4931.946
28066,4930.42
28067,4930.725
28068,4931.6406
28069,4931.0303
28070,4931.0303
28071,4931.3354
28072,4930.725
28073,4931.3354
28074,4931.0303
28075,4932.251
28076,4930.725
28077,4930.725
28078,4931.3354
28079,4930.1147
28080,4931.3354
28081,4931.0303
28082,4931.3354
28083,4931.0303
28084,4930.725
28085,4930.42
28086,4931.946
28087,4931.0303
28088,4931.3354
28089,4931.3354
28090,4931.6406
28091,4931.3354
28092,4930.1147
28093,4931.6406
28094,4931.6406
28095,4930.725
28096,4932.8613
28097,4930.725
28098,4930.725
28099,4931.6406
28100,4931.6406
28101,4931.3354
28102,4931.3354
28103,4931.0303
28104,4930.725
28105,4931.0303
28106,4931.6406
28107,4931.6406
28108,4931.3354
28109,4930.725
28110,4931.3354
28111,4931.6406
28112,4931.0303
28113,4932.251
28114,4931.946
28115,4931.6406
28116,4929.8096
28117,4931.0303
28118,4931.0303
28119,4931.6406
28120,4931.6406
28121,4930.725
28122,4931.946
28123,4930.725
28124,4931.6406
28125,4930.725
28126,4929.8096
28127,4931.3354
28128,4931.0303
28129,4930.725
28130,4931.946
28131,4930.725
28132,4931.3354
28133,4931.0303
28134,4931.3354
28135,4930.725
28136,4931.6406
28137,4930.725
28138,4931.0303
28139,4931.0303
28140,4931.946
28141,4930.42
28142,4931.3354
28143,4930.725
28144,4930.1147
28145,4931.3354
28146,4930.42
28147,4931.0303
28148,4930.725
28149,4931.3354
28150,4930.725
28151,4931.6406
28152,4932.251
28153,4931.6406
28154,4931.946
28155,4931.0303
28156,4931.6406
28157,4931.3354
28158,4931.0303
28159,4931.0303
28160,4931.6406
28161,4930.725
28162,4930.1147
28163,4931.6406
28164,4931.3354
28165,4931.6406
28166,4931.946
28167,4931.946
28168,4930.42
28169,4930.1147
28170,4930.725
28171,4931.3354
28172,4930.42
28173,4931.0303
28174,4931.3354
28175,4931.6406
28176,4930.42
28177,4930.725
28178,4931.946
28179,4930.1147
28180,4931.3354
28181,4931.3354
28182,4931.0303
28183,4931.3354
28184,4932.251
28185,4931.3354
28186,4930.42
28187,4930.42
28188,4931.946
28189,4930.725
28190,4930.725
28191,4931.0303
28192,4931.3354
28193,4931.946
28194,4931.0303
28195,4931.3354
28196,4931.0303
28197,4931.946
28198,4931.0303
28199,4931.3354
28200,4931.0303
28201,4931.6406
28202,4932.556
28203,4931.6406
28204,4931.3354
28205,4930.1147
28206,4931.6406
28207,4931.3354
28208,4930.725
28209,4931.946
28210,4931.3354
28211,4931.0303
28212,4931.0303
28213,4931.0303
28214,4931.3354
28215,4930.42
28216,4930.1147
28217,4931.6406
28218,4931.3354
28219,4931.0303
28220,4930.725
28221,4931.0303
28222,4931.0303
28223,4930.1147
28224,4931.0303
28225,4931.3354
28226,4931.3354
28227,4931.3354
28228,4931.3354
28229,4931.0303
28230,4930.725
28231,4932.556
28232,4930.42
28233,4931.0303
28234,4931.0303
28235,4931.0303
28236,4931.3354
28237,4930.725
28238,4931.0303
28239,4931.6406
28240,4930.725
28241,4931.3354
28242,4931.946
28243,4930.725
28244,4931.6406
28245,4931.3354
28246,4931.0303
28247,4932.556
28248,4931.3354
28249,4931.3354
28250,4931.0303
28251,4931.946
28252,4932.251
28253,4930.725
28254,4930.1147
28255,4930.725
28256,4931.6406
28257,4931.946
28258,4931.3354
28259,4930.1147
28260,4931.6406
28261,4930.42
28262,4930.725
28263,4931.0303
28264,4931.0303
28265,4931.0303
28266,4931.0303
28267,4931.3354
28268,4930.725
28269,4931.3354
28270,4931.3354
28271,4931.6406
28272,4930.725
28273,4930.42
28274,4931.3354
28275,4931.3354
28276,4931.0303
28277,4931.3354
28278,4931.6406
28279,4930.42
28280,4931.6406
28281,4931.6406
28282,4931.3354
28283,4931.3354
28284,4931.3354
28285,4930.725
28286,4931.946
28287,4931.3354
28288,4932.556
28289,4930.42
28290,4930.42
28291,4931.0303
28292,4931.6406
28293,4931.3354
28294,4931.3354
28295,4931.0303
28296,4931.3354
28297,4931.3354
28298,4931.0303
28299,4930.1147
28300,4930.725
28301,4931.3354
28302,4931.0303
28303,4930.725
28304,4930.42
28305,4931.6406
28306,4930.725
28307,4931.0303
28308,4931.3354
28309,4931.3354
28310,4931.3354
28311,4931.0303
28312,4931.6406
28313,4931.0303
28314,4931.3354
28315,4931.0303
28316,4930.42
28317,4931.0303
28318,4931.946
28319,4931.946
28320,4931.946
28321,4931.6406
28322,4931.3354
28323,4931.0303
28324,4931.0303
28325,4931.0303
28326,4931.946
28327,4931.3354
28328,4930.1147
28329,4931.0303
28330,4931.3354
28331,4930.725
28332,4931.3354
28333,4931.0303
28334,4931.6406
28335,4930.42
28336,4930.42
28337,4931.3354
28338,4931.3354
28339,4930.1147
28340,4931.6406
28341,4930.725
28342,4931.3354
28343,4932.8613
28344,4930.725
28345,4931.6406
28346,4931.0303
28347,4931.946
28348,4931.6406
28349,4931.3354
28350,4930.725
28351,4930.725
28352,4931.6406
28353,4931.3354
28354,4930.725
28355,4930.42
28356,4931.3354
28357,4931.0303
28358,4930.725
28359,4931.0303
28360,4930.725
28361,4930.725
28362,4931.3354
28363,4931.0303
28364,4931.0303
28365,4931.0303
28366,4931.3354
28367,4931.3354
28368,4931.3354
28369,4931.6406
28370,4931.6406
28371,4931.3354
28372,4931.0303
28373,4931.0303
28374,4930.42
28375,4931.3354
28376,4931.3354
28377,4930.1147
28378,4931.3354
28379,4930.725
28380,4931.0303
28381,4929.5044
28382,4930.42
28383,4931.3354
28384,4931.6406
28385,4930.1147
28386,4931.0303
28387,4931.6406
28388,4931.3354
28389,4930.725
28390,4931.0303
28391,4930.725
28392,4930.725
28393,4931.3354
28394,4930.725
28395,4932.556
28396,4931.6406
28397,4931.0303
28398,4931.0303
28399,4931.0303
28400,4930.42
28401,4930.725
28402,4931.946
28403,4931.3354
28404,4931.6406
28405,4930.42
28406,4931.3354
28407,4931.0303
28408,4931.3354
28409,4930.42
28410,4930.725
28411,4931.0303
28412,4931.6406
28413,4931.946
28414,4931.0303
28415,4931.3354
28416,4931.0303
28417,4930.42
28418,4930.725
28419,4932.251
28420,4930.42
28421,4931.6406
28422,4931.3354
28423,4931.3354
28424,4932.8613
28425,4931.946
28426,4931.3354
28427,4930.42
28428,4930.725
28429,4931.946
28430,4930.42
28431,4931.6406
28432,4930.725
28433,4930.42
28434,4931.6406
28435,4931.0303
28436,4931.3354
28437,4930.725
28438,4930.725
28439,4931.946
28440,4931.0303
28441,4931.6406
28442,4930.1147
28443,4930.42
28444,4931.0303
28445,4931.3354
28446,4931.6406
28447,4932.556
28448,4931.3354
28449,4931.0303
28450,4931.0303
28451,4930.42
28452,4931.6406
28453,4931.6406
28454,4930.1147
28455,4930.725
28456,4931.0303
28457,4930.42
28458,4931.0303
28459,4930.42
28460,4931.0303
28461,4931.6406
28462,4931.946
28463,4931.3354
28464,4931.0303
28465,4931.3354
28466,4930.725
28467,4930.725
28468,4930.42
28469,4930.725
28470,4931.0303
28471,4930.725
28472,4930.725
28473,4931.0303
28474,4930.725
28475,4931.6406
28476,4930.725
28477,4929.5044
28478,4931.6406
28479,4931.0303
28480,4930.1147
28481,4931.0303
28482,4931.0303
28483,4931.6406
28484,4931.946
28485,4931.6406
28486,4931.0303
28487,4931.6406
28488,4931.946
28489,4931.6406
28490,4931.946
28491,4931.0303
28492,4930.42
28493,4931.6406
28494,4931.6406
28495,4930.725
28496,4931.3354
28497,4931.3354
28498,4931.6406
28499,4930.725
28500,4931.0303
28501,4931.3354
28502,4931.3354
28503,4931.946
28504,4930.725
28505,4931.6406
28506,4930.42
28507,4930.725
28508,4931.6406
28509,4930.725
28510,4930.42
28511,4931.0303
28512,4930.725
28513,4931.6406
28514,4931.0303
28515,4931.6406
28516,4931.0303
28517,4930.42
28518,4931.0303
28519,4931.0303
28520,4931.0303
28521,4931.6406
28522,4930.42
28523,4930.42
28524,4930.1147
28525,4930.725
28526,4931.6406
28527,4931.0303
28528,4931.0303
28529,4930.42
28530,4931.3354
28531,4931.3354
28532,4931.6406
28533,4931.3354
28534,4931.3354
28535,4930.725
28536,4930.725
28537,4931.6406
28538,4930.42
28539,4931.0303
28540,4931.6406
28541,4930.725
28542,4930.725
28543,4931.946
28544,4931.946
28545,4931.0303
28546,4931.0303
28547,4931.3354
28548,4931.0303
28549,4930.725
28550,4931.3354
28551,4931.6406
28552,4931.0303
28553,4930.725
28554,4930.42
28555,4930.42
28556,4931.3354
28557,4931.0303
28558,4931.0303
28559,4931.0303
28560,4931.6406
28561,4931.3354
28562,4931.0303
28563,4931.0303
28564,4931.3354
28565,4930.725
28566,4931.0303
28567,4930.725
28568,4931.946
28569,4931.0303
28570,4931.3354
28571,4931.6406
28572,4931.6406
28573,4931.0303
28574,4931.946
28575,4931.3354
28576,4931.0303
28577,4931.0303
28578,4931.0303
28579,4931.6406
28580,4930.725
28581,4931.0303
28582,4930.42
28583,4931.0303
28584,4931.6406
28585,4931.0303
28586,4929.8096
28587,4931.3354
28588,4930.725
28589,4931.3354
28590,4932.8613
28591,4931.0303
28592,4930.725
28593,4930.725
28594,4931.0303
28595,4931.0303
28596,4931.6406
28597,4931.6406
28598,4931.3354
28599,4930.725
28600,4931.3354
28601,4931.0303
28602,4930.725
28603,4932.251
28604,4930.725
28605,4931.3354
28606,4931.3354
28607,4931.0303
28608,4931.3354
28609,4931.0303
28610,4930.42
28611,4930.1147
28612,4931.3354
28613,4931.3354
28614,4931.6406
28615,4931.0303
28616,4931.946
28617,4930.725
28618,4931.3354
28619,4930.725
28620,4931.6406
28621,4931.6406
28622,4931.3354
28623,4930.725
28624,4931.3354
28625,4931.0303
28626,4931.3354
28627,4931.0303
28628,4930.1147
28629,4930.1147
28630,4931.0303
28631,4931.0303
28632,4931.0303
28633,4931.0303
28634,4931.0303
28635,4931.3354
28636,4930.725
28637,4930.1147
28638,4931.3354
28639,4931.6406
28640,4931.0303
28641,4931.3354
28642,4931.0303
28643,4931.6406
28644,4930.42
28645,4930.725
28646,4931.946
28647,4931.946
28648,4930.1147
28649,4930.725
28650,4931.3354
28651,4931.0303
28652,4930.725
28653,4931.3354
28654,4930.1147
28655,4931.0303
28656,4931.0303
28657,4931.6406
28658,4930.1147
28659,4931.0303
28660,4931.946
28661,4931.3354
28662,4931.6406
28663,4931.6406
28664,4931.3354
28665,4931.6406
28666,4931.6406
28667,4930.725
28668,4931.6406
28669,4931.3354
28670,4931.6406
28671,4931.3354
28672,4931.0303
28673,4929.8096
28674,4930.42
28675,4930.1147
28676,4931.0303
28677,4930.725
28678,4931.3354
28679,4930.725
28680,4930.42
28681,4930.1147
28682,4930.725
28683,4931.0303
28684,4930.725
28685,4931.6406
28686,4930.42
28687,4931.0303
28688,4931.3354
28689,4931.3354
28690,4931.3354
28691,4931.0303
28692,4931.6406
28693,4931.6406
28694,4931.0303
28695,4931.3354
28696,4931.6406
28697,4930.42
28698,4930.42
28699,4931.6406
28700,4929.8096
28701,4930.1147
28702,4931.3354
28703,4930.725
28704,4930.725
28705,4930.42
28706,4930.725
28707,4931.3354
28708,4931.6406
28709,4931.0303
28710,4930.725
28711,4931.0303
28712,4931.3354
28713,4931.0303
28714,4931.6406
28715,4931.0303
28716,4931.6406
28717,4931.3354
28718,4930.42
28719,4931.0303
28720,4931.3354
28721,4931.6406
28722,4930.725
28723,4928.589
28724,4931.946
28725,4931.3354
28726,4930.725
28727,4931.3354
28728,4931.0303
28729,4931.0303
28730,4931.946
28731,4931.3354
28732,4931.3354
28733,4931.0303
28734,4931.0303
28735,4931.6406
28736,4930.725
28737,4932.251
28738,4931.6406
28739,4931.3354
28740,4931.3354
28741,4931.0303
28742,4931.946
28743,4931.6406
28744,4931.3354
28745,4931.0303
28746,4931.3354
28747,4930.42
28748,4930.725
28749,4931.6406
28750,4930.42
28751,4931.0303
28752,4931.0303
28753,4931.3354
28754,4931.3354
28755,4930.725
28756,4931.0303
28757,4931.3354
28758,4931.3354
28759,4931.0303
28760,4930.725
28761,4931.0303
28762,4930.725
28763,4930.725
28764,4931.0303
28765,4931.3354
28766,4932.251
28767,4931.6406
28768,4930.1147
28769,4931.6406
28770,4931.0303
28771,4931.3354
28772,4931.0303
28773,4931.0303
28774,4931.6406
28775,4931.6406
28776,4931.0303
28777,4931.6406
28778,4931.0303
28779,4930.725
28780,4930.42
28781,4931.0303
28782,4930.42
28783,4931.6406
28784,4931.3354
28785,4930.725
28786,4931.0303
28787,4930.1147
28788,4931.3354
28789,4931.3354
28790,4931.0303
28791,4931.0303
28792,4929.8096
28793,4931.0303
28794,4931.946
28795,4931.3354
28796,4930.1147
28797,4931.3354
28798,4931.0303
28799,4931.3354
28800,4931.6406
28801,4930.42
28802,4931.0303
28803,4931.3354
28804,4930.725
28805,4930.42
28806,4931.0303
28807,4930.725
28808,4931.946
28809,4930.42
28810,4931.0303
28811,4930.1147
28812,4930.725
28813,4931.3354
28814,4930.42
28815,4931.0303
28816,4931.3354
28817,17.700195
28818,16.174316
28819,17.089844
28820,18.005371
28821,16.784668
28822,17.700195
28823,16.174316
28824,17.089844
28825,17.089844
28826,16.479492
28827,17.089844
28828,17.39502
28829,16.784668
28830,17.089844
28831,16.784668
28832,17.39502
28833,18.005371
28834,17.39502
28835,17.089844
28836,17.089844
28837,16.784668
28838,16.479492
28839,16.479492
28840,15.869141
28841,16.784668
28842,15.869141
28843,16.784668
28844,17.700195
28845,17.700195
28846,16.479492
28847,17.089844
28848,17.089844
28849,17.089844
28850,17.39502
28851,17.39502
28852,17.39502
28853,17.700195
28854,16.784668
28855,16.784668
28856,16.784668
28857,16.479492
28858,17.089844
28859,16.784668
28860,17.089844
28861,16.784668
28862,17.089844
28863,17.700195
28864,17.39502
28865,17.089844
28866,17.089844
28867,16.174316
28868,16.479492
28869,17.089844
28870,17.39502
28871,16.784668
28872,17.700195
28873,16.784668
28874,16.479492
28875,17.39502
28876,17.089844
28877,16.784668
28878,17.089844
28879,16.479492
28880,17.39502
28881,17.089844
28882,17.39502
28883,16.479492
28884,16.784668
28885,17.089844
28886,17.089844
28887,17.089844
28888,17.700195
28889,17.089844
28890,16.784668
28891,16.479492
28892,16.174316
28893,17.39502
28894,17.700195
28895,17.089844
28896,16.784668
28897,17.39502
28898,17.39502
28899,17.089844
28900,17.700195
28901,16.479492
28902,16.784668
28903,16.784668
28904,16.174316
28905,17.089844
28906,16.479492
28907,16.784668
28908,17.089844
28909,17.089844
28910,17.089844
28911,18.005371
28912,16.784668
28913,16.479492
28914,17.39502
28915,16.174316
28916,17.39502
28917,16.479492
28918,17.089844
28919,17.700195
28920,16.784668
28921,17.39502
28922,17.089844
28923,17.39502
28924,17.39502
28925,16.479492
28926,18.005371
28927,17.700195
28928,17.089844
28929,16.784668
28930,17.089844
28931,16.479492
28932,17.089844
28933,17.39502
28934,17.089844
28935,17.700195
28936,17.39502
28937,17.089844
28938,17.39502
28939,17.39502
28940,17.089844
28941,17.700195
28942,16.479492
28943,17.089844
28944,17.089844
28945,16.784668
28946,15.869141
28947,17.700195
28948,16.479492
28949,16.784668
28950,17.089844
28951,17.089844
28952,16.784668
28953,16.479492
28954,16.784668
28955,16.784668
28956,16.479492
28957,17.39502
28958,18.005371
28959,17.089844
28960,16.784668
28961,16.174316
28962,16.784668
28963,16.479492
28964,16.479492
28965,17.39502
28966,16.479492
28967,17.089844
28968,16.784668
28969,17.39502
28970,16.479492
28971,17.700195
28972,17.39502
28973,16.784668
28974,16.174316
28975,16.479492
28976,17.700195
28977,17.700195
28978,16.784668
28979,17.089844
28980,17.39502
28981,17.089844
28982,16.784668
28983,18.005371
28984,17.700195
28985,16.784668
28986,17.089844
28987,16.784668
28988,17.39502
28989,17.089844
28990,17.089844
28991,17.700195
28992,16.479492
28993,16.784668
28994,17.089844
28995,16.479492
28996,16.784668
28997,17.089844
28998,17.700195
28999,16.784668
29000,18.005371
29001,16.479492
29002,15.869141
29003,16.784668
29004,17.089844
29005,16.479492
29006,16.784668
29007,17.39502
29008,17.39502
29009,17.39502
29010,16.784668
29011,16.479492
29012,17.700195
29013,16.784668
29014,17.39502
29015,16.479492
29016,17.089844
29017,17.089844
29018,16.479492
29019,17.089844
29020,17.089844
29021,16.784668
29022,17.39502
29023,17.089844
29024,16.479492
29025,16.784668
29026,17.700195
29027,17.089844
29028,16.479492
29029,16.784668
29030,17.089844
29031,17.700195
29032,16.784668
29033,16.174316
29034,17.39502
29035,17.089844
29036,17.700195
29037,16.479492
29038,16.479492
29039,16.784668
29040,17.39502
29041,16.784668
29042,16.784668
29043,17.700195
29044,16.479492
29045,17.089844
29046,16.784668
29047,17.39502
29048,17.39502
29049,17.39502
29050,17.089844
29051,16.479492
29052,16.479492
29053,16.784668
29054,16.784668
29055,17.089844
29056,17.700195
29057,17.089844
29058,17.39502
29059,16.479492
29060,15.869141
29061,17.39502
29062,17.089844
29063,17.39502
29064,17.39502
29065,17.39502
29066,15.258789
29067,17.089844
29068,18.005371
29069,16.479492
29070,16.784668
29071,18.005371
29072,17.39502
29073,17.39502
29074,16.174316
29075,17.089844
29076,17.089844
29077,17.39502
29078,17.39502
29079,16.479492
29080,16.784668
29081,16.479492
29082,17.089844
29083,17.39502
29084,16.174316
29085,15.563965
29086,17.089844
29087,16.479492
29088,18.005371
29089,16.479492
29090,16.784668
29091,15.563965
29092,16.784668
29093,17.089844
29094,17.089844
29095,16.784668
29096,17.700195
29097,16.784668
29098,17.39502
29099,16.784668
29100,17.089844
29101,16.174316
29102,16.174316
29103,18.005371
29104,17.089844
29105,16.784668
29106,17.700195
29107,17.39502
29108,16.479492
29109,17.39502
29110,16.174316
29111,17.089844
29112,16.479492
29113,17.089844
29114,17.39502
29115,16.479492
29116,16.784668
29117,17.700195
29118,17.089844
29119,16.784668
29120,16.784668
29121,17.39502
29122,17.089844
29123,16.174316
29124,16.174316
29125,17.089844
29126,16.784668
29127,15.869141
29128,16.479492
29129,16.174316
29130,16.174316
29131,17.089844
29132,17.089844
29133,16.479492
29134,16.784668
29135,16.784668
29136,17.39502
29137,17.089844
29138,17.089844
29139,18.310547
29140,17.39502
29141,16.479492
29142,16.784668
29143,16.479492
29144,17.700195
29145,17.089844
29146,17.700195
29147,17.089844
29148,16.479492
29149,17.089844
29150,17.700195
29151,16.479492
29152,16.784668
29153,18.920898
29154,16.174316
29155,17.39502
29156,16.174316
29157,16.784668
29158,16.479492
29159,17.39502
29160,16.174316
29161,16.784668
29162,16.784668
29163,17.089844
29164,17.089844
29165,16.784668
29166,16.479492
29167,17.700195
29168,17.089844
29169,16.784668
29170,17.089844
29171,17.089844
29172,16.784668
29173,16.174316
29174,16.784668
29175,17.089844
29176,17.089844
29177,16.174316
29178,17.089844
29179,17.089844
29180,16.784668
29181,18.005371
29182,16.784668
29183,16.479492
29184,16.174316
29185,16.784668
29186,17.39502
29187,16.784668
29188,17.700195
29189,17.089844
29190,16.479492
29191,15.869141
29192,17.39502
29193,17.089844
29194,17.700195
29195,17.089844
29196,17.089844
29197,15.869141
29198,16.784668
29199,16.479492
29200,17.39502
29201,16.784668
29202,16.479492
29203,17.39502
29204,15.869141
29205,16.784668
29206,17.39502
29207,16.784668
29208,17.700195
29209,17.089844
29210,16.174316
29211,16.784668
29212,17.700195
29213,17.089844
29214,17.39502
29215,16.784668
29216,16.784668
29217,17.39502
29218,17.39502
29219,16.479492
29220,17.089844
29221,16.784668
29222,17.39502
29223,16.784668
29224,17.700195
29225,17.39502
29226,17.39502
29227,17.089844
29228,17.39502
29229,17.089844
29230,16.784668
29231,16.784668
29232,15.869141
29233,16.174316
29234,16.784668
29235,17.089844
29236,16.174316
29237,16.479492
29238,16.784668
29239,17.39502
29240,17.089844
29241,16.479492
29242,17.089844
29243,15.869141
29244,17.39502
29245,17.089844
29246,17.089844
29247,16.784668
29248,17.089844
29249,17.39502
29250,17.39502
29251,16.784668
29252,17.700195
29253,16.784668
29254,16.784668
29255,16.784668
29256,16.174316
29257,17.089844
29258,17.089844
29259,17.089844
29260,17.089844
29261,16.479492
29262,17.39502
29263,17.089844
29264,16.479492
29265,17.089844
29266,16.784668
29267,17.089844
29268,16.479492
29269,16.784668
29270,16.479492
29271,17.089844
29272,16.479492
29273,16.479492
29274,16.479492
29275,17.089844
29276,17.089844
29277,17.089844
29278,16.784668
29279,17.089844
29280,16.479492
29281,18.005371
29282,17.39502
29283,17.089844
29284,17.39502
29285,16.479492
29286,16.784668
29287,17.39502
29288,16.784668
29289,16.479492
29290,17.39502
29291,16.784668
29292,17.089844
29293,17.39502
29294,17.089844
29295,17.700195
29296,16.479492
29297,16.479492
29298,16.784668
29299,17.39502
29300,17.39502
29301,18.005371
29302,16.784668
29303,16.174316
29304,17.39502
29305,17.700195
29306,17.089844
29307,16.784668
29308,16.479492
29309,17.39502
29310,16.784668
29311,16.479492
29312,17.700195
29313,16.784668
29314,17.089844
29315,16.784668
29316,17.39502
29317,17.700195
29318,16.784668
29319,16.784668
29320,17.700195
29321,17.089844
29322,16.479492
29323,16.784668
29324,17.700195
29325,15.869141
29326,17.089844
29327,16.174316
29328,15.869141
29329,16.784668
29330,16.479492
29331,17.39502
29332,16.784668
29333,17.089844
29334,16.479492
29335,16.479492
29336,17.089844
29337,17.089844
29338,16.784668
29339,17.39502
29340,17.089844
29341,17.089844
29342,17.089844
29343,16.784668
29344,17.39502
29345,17.39502
29346,18.005371
29347,16.479492
29348,17.089844
29349,16.479492
29350,17.700195
29351,17.089844
29352,17.39502
29353,17.089844
29354,17.39502
29355,18.005371
29356,16.479492
29357,17.089844
29358,17.700195
29359,17.089844
29360,16.784668
29361,16.479492
29362,17.089844
29363,17.39502
29364,16.784668
29365,16.784668
29366,16.479492
29367,17.089844
29368,16.479492
29369,17.39502
29370,17.089844
29371,17.089844
29372,17.089844
29373,17.089844
29374,17.089844
29375,16.479492
29376,17.089844
29377,16.784668
29378,17.089844
29379,17.39502
29380,16.784668
29381,16.479492
29382,17.089844
29383,16.784668
29384,16.479492
29385,17.39502
29386,17.700195
29387,17.700195
29388,17.39502
29389,17.39502
29390,17.089844
29391,16.784668
29392,16.479492
29393,16.784668
29394,18.005371
29395,17.700195
29396,17.39502
29397,16.784668
29398,16.784668
29399,16.784668
29400,17.39502
29401,17.700195
29402,16.784668
29403,17.089844
29404,16.784668
29405,16.784668
29406,17.39502
29407,16.784668
29408,17.089844
29409,16.784668
29410,16.479492
29411,17.39502
29412,16.479492
29413,17.089844
29414,16.479492
29415,16.479492
29416,17.089844
29417,16.174316
29418,16.784668
29419,17.089844
29420,18.005371
29421,16.784668
29422,17.089844
29423,17.39502
29424,17.089844
29425,17.39502
29426,17.700195
29427,17.39502
29428,15.869141
29429,17.39502
29430,17.089844
29431,16.784668
29432,16.479492
29433,17.089844
29434,16.479492
29435,16.479492
29436,17.39502
29437,18.005371
29438,16.479492
29439,17.089844
29440,17.089844
29441,16.784668
29442,16.174316
29443,16.784668
29444,16.784668
29445,17.089844
29446,17.089844
29447,16.784668
29448,16.174316
29449,17.089844
29450,16.784668
29451,16.784668
29452,17.089844
29453,16.174316
29454,17.089844
29455,16.479492
29456,16.784668
29457,16.784668
29458,17.089844
29459,16.479492
29460,16.479492
29461,17.089844
29462,17.39502
29463,16.784668
29464,17.089844
29465,16.479492
29466,16.784668
29467,17.089844
29468,17.089844
29469,16.784668
29470,16.479492
29471,16.784668
29472,16.784668
29473,16.479492
29474,16.784668
29475,16.479492
29476,18.005371
29477,17.39502
29478,17.089844
29479,17.39502
29480,16.479492
29481,16.784668
29482,17.39502
29483,16.784668
29484,16.174316
29485,16.479492
29486,17.39502
29487,18.005371
29488,17.089844
29489,16.784668
29490,17.39502
29491,17.089844
29492,17.089844
29493,17.089844
29494,16.479492
29495,17.089844
29496,16.174316
29497,15.869141
29498,17.089844
29499,17.39502
29500,18.005371
29501,17.089844
29502,17.39502
29503,16.174316
29504,16.784668
29505,17.39502
29506,16.479492
29507,18.005371
29508,18.005371
29509,16.784668
29510,16.784668
29511,16.784668
29512,16.784668
29513,16.784668
29514,16.479492
29515,17.089844
29516,16.479492
29517,17.39502
29518,17.089844
29519,17.39502
29520,16.479492
29521,16.479492
29522,16.479492
29523,17.39502
29524,17.089844
29525,17.089844
29526,17.39502
29527,16.784668
29528,17.089844
29529,16.784668
29530,16.784668
29531,16.174316
29532,17.700195
29533,17.089844
29534,16.174316
29535,16.479492
29536,16.784668
29537,16.784668
29538,17.089844
29539,17.39502
29540,16.479492
29541,17.39502
29542,16.784668
29543,17.700195
29544,17.089844
29545,16.784668
29546,17.39502
29547,16.479492
29548,17.089844
29549,17.089844
29550,16.784668
29551,15.869141
29552,16.784668
29553,16.479492
29554,17.700195
29555,16.784668
29556,16.784668
29557,17.700195
29558,17.089844
29559,15.869141
29560,16.784668
29561,16.784668
29562,17.700195
29563,16.784668
29564,17.39502
29565,16.479492
29566,16.784668
29567,16.784668
29568,17.39502
29569,17.700195
29570,16.479492
29571,15.869141
29572,16.784668
29573,16.784668
29574,17.39502
29575,17.089844
29576,16.174316
29577,16.784668
29578,16.784668
29579,17.089844
29580,17.39502
29581,16.784668
29582,17.089844
29583,17.089844
29584,16.174316
29585,16.784668
29586,17.089844
29587,17.39502
29588,16.784668
29589,16.784668
29590,16.784668
29591,17.39502
29592,16.784668
29593,17.089844
29594,16.784668
29595,17.089844
29596,16.784668
29597,17.39502
29598,17.089844
29599,17.089844
29600,17.089844
29601,16.784668
29602,16.479492
29603,16.784668
29604,17.089844
29605,17.089844
29606,17.089844
29607,17.39502
29608,16.784668
29609,17.39502
29610,17.39502
29611,16.784668
29612,16.174316
29613,18.005371
29614,16.479492
29615,17.39502
29616,17.39502
29617,16.784668
29618,17.089844
29619,17.089844
29620,16.784668
29621,16.784668
29622,17.089844
29623,16.479492
29624,18.005371
29625,17.089844
29626,16.174316
29627,16.479492
29628,17.39502
29629,17.089844
29630,16.174316
29631,16.784668
29632,17.39502
29633,16.784668
29634,15.869141
29635,17.089844
29636,16.784668
29637,17.089844
29638,17.700195
29639,16.479492
29640,16.479492
29641,16.479492
29642,17.089844
29643,16.479492
29644,18.005371
29645,17.39502
29646,17.39502
29647,16.784668
29648,16.174316
29649,17.39502
29650,16.784668
29651,17.39502
29652,16.784668
29653,17.089844
29654,16.174316
29655,17.089844
29656,17.089844
29657,17.700195
29658,16.784668
29659,16.479492
29660,17.39502
29661,16.784668
29662,17.089844
29663,17.089844
29664,16.784668
29665,16.479492
29666,16.479492
29667,16.479492
29668,17.089844
29669,17.089844
29670,17.089844
29671,17.39502
29672,16.784668
29673,17.39502
29674,17.089844
29675,17.39502
29676,17.39502
29677,17.089844
29678,17.089844
29679,16.784668
29680,17.089844
29681,17.700195
29682,16.479492
29683,17.089844
29684,17.089844
29685,17.39502
29686,16.784668
29687,16.784668
29688,16.784668
29689,15.869141
29690,17.089844
29691,16.784668
29692,17.089844
29693,17.39502
29694,17.700195
29695,17.089844
29696,17.39502
29697,16.784668
29698,17.089844
29699,18.005371
29700,17.089844
29701,16.479492
29702,17.700195
29703,17.700195
29704,16.479492
29705,17.089844
29706,16.479492
29707,17.39502
29708,16.784668
29709,16.479492
29710,16.784668
29711,16.784668
29712,17.089844
29713,17.089844
29714,16.784668
29715,16.479492
29716,17.089844
29717,17.089844
29718,16.784668
29719,17.700195
29720,17.700195
29721,16.784668
29722,17.39502
29723,16.784668
29724,17.700195
29725,16.479492
29726,16.784668
29727,16.479492
29728,17.39502
29729,17.39502
29730,16.174316
29731,16.479492
29732,17.089844
29733,17.089844
29734,17.39502
29735,17.089844
29736,17.089844
29737,16.784668
29738,16.784668
29739,16.174316
29740,17.089844
29741,17.39502
29742,16.174316
29743,16.784668
29744,17.089844
29745,16.479492
29746,17.700195
29747,16.479492
29748,16.784668
29749,16.479492
29750,17.089844
29751,17.089844
29752,17.700195
29753,17.39502
29754,16.479492
29755,17.39502
29756,17.089844
29757,16.784668
29758,17.089844
29759,16.784668
29760,17.700195
29761,16.784668
29762,16.784668
29763,17.39502
29764,16.174316
29765,16.479492
29766,17.089844
29767,17.089844
29768,17.39502
29769,16.784668
29770,16.784668
29771,14.953613
29772,17.089844
29773,17.39502
29774,17.089844
29775,16.174316
29776,16.174316
29777,17.089844
29778,17.089844
29779,16.479492
29780,17.089844
29781,16.174316
29782,16.479492
29783,17.700195
29784,16.479492
29785,16.479492
29786,17.089844
29787,17.089844
29788,17.089844
29789,17.089844
29790,17.089844
29791,16.784668
29792,17.089844
29793,16.784668
29794,17.39502
29795,17.39502
29796,17.39502
29797,16.784668
29798,17.700195
29799,17.089844
29800,17.089844
29801,16.479492
29802,17.39502
29803,16.784668
29804,17.39502
29805,17.39502
29806,17.39502
29807,16.479492
29808,17.700195
29809,17.39502
29810,17.700195
29811,17.089844
29812,16.784668
29813,17.39502
29814,16.784668
29815,16.784668
29816,17.39502
29817,16.174316
29818,16.784668
29819,17.39502
29820,17.089844
29821,15.869141
29822,16.174316
29823,17.39502
29824,17.39502
29825,15.869141
29826,16.479492
29827,16.784668
29828,16.784668
29829,16.479492
29830,16.784668
29831,17.089844
29832,16.479492
29833,16.784668
29834,16.784668
29835,17.089844
29836,17.39502
29837,17.39502
29838,16.174316
29839,16.479492
29840,17.39502
29841,17.39502
29842,17.700195
29843,16.784668
29844,16.479492
29845,16.479492
29846,16.784668
29847,18.005371
29848,17.089844
29849,17.39502
29850,17.089844
29851,17.39502
29852,17.089844
29853,16.479492
29854,16.784668
29855,17.089844
29856,17.39502
29857,17.089844
29858,16.174316
29859,16.479492
29860,16.784668
29861,17.700195
29862,16.784668
29863,16.174316
29864,16.784668
29865,17.089844
29866,17.39502
29867,17.089844
29868,16.479492
29869,16.479492
29870,18.310547
29871,16.784668
29872,17.39502
29873,17.700195
29874,17.089844
29875,16.784668
29876,17.089844
29877,17.39502
29878,15.869141
29879,17.39502
29880,17.089844
29881,18.310547
29882,17.39502
29883,18.310547
29884,16.784668
29885,16.784668
29886,17.700195
29887,17.39502
29888,16.784668
29889,16.784668
29890,17.089844
29891,16.784668
29892,17.089844
29893,15.563965
29894,16.479492
29895,17.089844
29896,16.479492
29897,17.700195
29898,16.784668
29899,15.869141
29900,17.089844
29901,16.174316
29902,17.39502
29903,15.869141
29904,16.479492
29905,17.39502
29906,15.869141
29907,16.479492
29908,17.700195
29909,15.869141
29910,16.784668
29911,17.700195
29912,18.005371
29913,16.479492
29914,16.784668
29915,17.39502
29916,17.700195
29917,17.089844
29918,17.089844
29919,16.479492
29920,17.39502
29921,17.089844
29922,17.089844
29923,17.089844
29924,16.479492
29925,16.479492
29926,16.174316
29927,16.479492
29928,17.39502
29929,16.784668
29930,17.089844
29931,16.174316
29932,16.784668
29933,17.089844
29934,16.479492
29935,16.784668
29936,17.700195
29937,16.784668
29938,16.479492
29939,16.784668
29940,17.089844
29941,16.784668
29942,16.784668
29943,17.089844
29944,15.869141
29945,17.39502
29946,18.005371
29947,17.089844
29948,16.479492
29949,16.479492
29950,16.479492
29951,17.700195
29952,17.089844
29953,17.39502
29954,16.479492
29955,17.089844
29956,16.174316
29957,15.869141
29958,17.089844
29959,16.784668
29960,16.479492
29961,17.39502
29962,17.089844
29963,16.174316
29964,17.089844
29965,17.700195
29966,16.784668
29967,16.784668
29968,16.784668
29969,18.005371
29970,17.700195
29971,16.784668
29972,17.700195
29973,17.39502
29974,17.089844
29975,17.089844
29976,16.479492
29977,17.39502
29978,17.089844
29979,16.479492
29980,17.089844
29981,15.869141
29982,16.784668
29983,16.784668
29984,18.310547
29985,16.479492
29986,17.089844
29987,15.869141
29988,16.479492
29989,17.089844
29990,16.784668
29991,17.089844
29992,17.39502
29993,16.784668
29994,16.174316
29995,16.784668
29996,17.089844
29997,17.089844
29998,17.089844
29999,16.784668
30000,17.089844
30001,16.784668
30002,17.39502
30003,16.784668
30004,16.784668
30005,16.479492
30006,16.174316
30007,16.784668
30008,17.700195
30009,17.089844
30010,17.39502
30011,17.39502
30012,15.869141
30013,16.784668
30014,16.784668
30015,16.784668
30016,16.784668
30017,16.784668
30018,17.089844
30019,17.700195
30020,16.479492
30021,16.784668
30022,16.784668
30023,16.784668
30024,16.479492
30025,17.089844
30026,17.089844
30027,17.089844
30028,16.479492
30029,16.784668
30030,17.39502
30031,17.39502
30032,17.089844
30033,18.310547
30034,17.089844
30035,17.700195
30036,16.174316
30037,16.479492
30038,16.479492
30039,17.700195
30040,16.784668
30041,17.39502
30042,18.005371
30043,16.784668
30044,17.700195
30045,16.174316
30046,17.089844
30047,17.39502
30048,16.479492
30049,16.174316
30050,16.784668
30051,16.784668
30052,17.089844
30053,17.089844
30054,18.005371
30055,17.700195
30056,17.39502
30057,16.784668
30058,16.784668
30059,17.089844
30060,17.39502
30061,17.089844
30062,16.784668
30063,16.479492
30064,17.39502
30065,17.089844
30066,16.479492
30067,17.089844
30068,16.174316
30069,16.784668
30070,16.479492
30071,16.784668
30072,17.700195
30073,17.089844
30074,16.479492
30075,16.784668
30076,16.174316
30077,17.089844
30078,16.784668
30079,17.089844
30080,17.089844
30081,17.089844
30082,17.39502
30083,17.39502
30084,16.479492
30085,17.39502
30086,16.174316
30087,16.784668
30088,16.784668
30089,17.089844
30090,17.089844
30091,18.005371
30092,17.39502
30093,16.479492
30094,16.174316
30095,17.39502
30096,17.700195
30097,17.39502
30098,17.39502
30099,15.869141
30100,17.39502
30101,15.563965
30102,16.479492
30103,16.784668
30104,16.479492
30105,16.479492
30106,16.784668
30107,16.784668
30108,14.953613
30109,16.479492
30110,15.869141
30111,16.784668
30112,17.089844
30113,17.089844
30114,16.784668
30115,17.39502
30116,16.479492
30117,16.174316
30118,17.39502
30119,16.784668
30120,17.089844
30121,17.39502
30122,17.089844
30123,16.784668
30124,16.174316
30125,16.784668
30126,16.479492
30127,16.479492
30128,17.700195
30129,17.39502
30130,17.700195
30131,16.174316
30132,17.700195
30133,17.39502
30134,17.089844
30135,17.39502
30136,17.089844
30137,17.089844
30138,17.089844
30139,17.39502
30140,16.479492
30141,17.089844
30142,16.174316
30143,16.479492
30144,16.784668
30145,17.089844
30146,17.39502
30147,16.784668
30148,16.784668
30149,16.479492
30150,16.479492
30151,17.39502
30152,17.089844
30153,17.089844
30154,16.784668
30155,16.479492
30156,17.089844
30157,16.479492
30158,17.089844
30159,17.39502
30160,17.089844
30161,17.089844
30162,17.39502
30163,17.39502
30164,16.784668
30165,16.784668
30166,17.700195
30167,15.869141
30168,16.784668
30169,17.39502
30170,16.784668
30171,17.39502
30172,17.089844
30173,17.089844
30174,17.39502
30175,16.479492
30176,17.089844
30177,17.089844
30178,16.784668
30179,16.784668
30180,16.479492
30181,17.089844
30182,16.784668
30183,17.089844
30184,16.784668
30185,17.39502
30186,16.174316
30187,17.39502
30188,17.089844
30189,17.700195
30190,16.784668
30191,17.39502
30192,16.479492
30193,17.089844
30194,16.174316
30195,17.089844
30196,17.089844
30197,17.089844
30198,16.479492
30199,17.700195
30200,17.700195
30201,17.39502
30202,17.700195
30203,17.700195
30204,16.479492
30205,17.700195
30206,16.784668
30207,17.089844
30208,17.39502
30209,17.089844
30210,16.784668
30211,17.089844
30212,17.39502
30213,17.089844
30214,16.784668
30215,17.39502
30216,17.089844
30217,17.089844
30218,16.479492
30219,16.174316
30220,16.174316
30221,17.39502
30222,16.784668
30223,15.563965
30224,16.479492
30225,16.784668
30226,16.479492
30227,16.784668
30228,17.39502
30229,16.784668
30230,17.089844
30231,17.089844
30232,16.784668
30233,15.869141
30234,16.784668
30235,16.174316
30236,16.479492
30237,17.39502
30238,17.089844
30239,16.784668
30240,17.089844
30241,17.700195
30242,16.784668
30243,17.39502
30244,16.174316
30245,17.089844
30246,17.089844
30247,16.784668
30248,16.784668
30249,17.089844
30250,18.005371
30251,17.39502
30252,17.39502
30253,17.089844
30254,16.174316
30255,17.089844
30256,17.700195
30257,17.39502
30258,16.479492
30259,17.089844
30260,17.39502
30261,16.784668
30262,17.39502
30263,16.784668
30264,17.089844
30265,16.784668
30266,17.089844
30267,17.089844
30268,17.089844
30269,16.479492
30270,17.39502
30271,17.39502
30272,16.174316
30273,16.479492
30274,17.700195
30275,17.089844
30276,16.784668
30277,16.784668
30278,17.39502
30279,16.784668
30280,16.479492
30281,16.479492
30282,17.089844
30283,16.479492
30284,17.39502
30285,17.089844
30286,16.784668
30287,17.089844
30288,17.700195
30289,17.700195
30290,16.479492
30291,16.784668
30292,17.700195
30293,17.700195
30294,17.089844
30295,17.39502
30296,17.39502
30297,17.700195
30298,16.784668
30299,16.784668
30300,16.784668
30301,17.39502
30302,16.479492
30303,16.174316
30304,16.479492
30305,16.784668
30306,17.089844
30307,17.700195
30308,16.784668
30309,17.089844
30310,16.784668
30311,16.784668
30312,17.39502
30313,18.310547
30314,16.479492
30315,16.479492
30316,16.784668
30317,17.700195
30318,17.39502
30319,16.784668
30320,17.089844
30321,17.089844
30322,15.869141
30323,17.089844
30324,16.784668
30325,17.39502
30326,17.089844
30327,16.784668
30328,16.479492
30329,16.174316
30330,17.089844
30331,18.615723
30332,16.784668
30333,16.784668
30334,17.089844
30335,16.479492
30336,16.784668
30337,17.089844
30338,17.39502
30339,16.174316
30340,16.784668
30341,17.089844
30342,17.39502
30343,16.479492
30344,16.784668
30345,16.784668
30346,16.479492
30347,16.479492
30348,17.089844
30349,16.784668
30350,16.479492
30351,17.089844
30352,16.784668
30353,16.479492
30354,16.784668
30355,17.089844
30356,17.39502
30357,16.784668
30358,17.089844
30359,16.784668
30360,16.479492
30361,16.784668
30362,16.784668
30363,17.700195
30364,17.089844
30365,17.39502
30366,17.089844
30367,17.089844
30368,17.089844
30369,16.479492
30370,16.479492
30371,16.784668
30372,17.089844
30373,17.700195
30374,17.39502
30375,16.784668
30376,17.39502
30377,17.39502
30378,16.479492
30379,17.39502
30380,16.174316
30381,16.784668
30382,17.700195
30383,16.784668
30384,16.784668
30385,16.479492
30386,16.784668
30387,17.39502
30388,17.089844
30389,16.479492
30390,16.479492
30391,16.479492
30392,16.784668
30393,17.089844
30394,16.784668
30395,17.39502
30396,17.39502
30397,16.784668
30398,16.784668
30399,17.39502
30400,16.479492
30401,16.784668
30402,16.479492
30403,15.869141
30404,17.39502
30405,16.784668
30406,17.39502
30407,17.700195
30408,16.174316
30409,15.869141
30410,16.784668
30411,16.479492
30412,17.700195
30413,16.784668
30414,16.784668
30415,16.784668
30416,17.089844
30417,16.479492
30418,17.39502
30419,17.39502
30420,18.005371
30421,17.39502
30422,16.174316
30423,16.479492
30424,17.089844
30425,17.39502
30426,17.39502
30427,17.39502
30428,16.784668
30429,18.005371
30430,17.39502
30431,16.174316
30432,17.089844
30433,16.479492
30434,16.784668
30435,16.479492
30436,16.784668
30437,16.784668
30438,16.479492
30439,16.174316
30440,17.39502
30441,16.174316
30442,16.784668
30443,17.39502
30444,17.089844
30445,17.089844
30446,16.479492
30447,17.089844
30448,16.784668
30449,17.39502
30450,16.174316
30451,17.089844
30452,17.39502
30453,16.784668
30454,17.700195
30455,17.089844
30456,17.089844
30457,17.089844
30458,17.089844
30459,16.479492
30460,17.089844
30461,17.089844
30462,16.784668
30463,17.089844
30464,17.089844
30465,16.479492
30466,18.005371
30467,17.089844
30468,17.089844
30469,17.700195
30470,16.784668
30471,17.089844
30472,16.479492
30473,16.174316
30474,17.39502
30475,17.089844
30476,16.479492
30477,16.174316
30478,16.479492
30479,17.39502
30480,17.089844
30481,17.39502
30482,16.784668
30483,16.479492
30484,17.089844
30485,16.479492
30486,18.005371
30487,17.089844
30488,17.700195
30489,18.005371
30490,17.089844
30491,17.089844
30492,17.39502
30493,17.39502
30494,17.089844
30495,16.784668
30496,16.784668
30497,16.784668
30498,16.784668
30499,17.39502
30500,17.39502
30501,17.39502
30502,16.784668
30503,17.700195
30504,17.089844
30505,16.784668
30506,16.479492
30507,16.784668
30508,16.784668
30509,16.479492
30510,17.089844
30511,16.479492
30512,17.700195
30513,16.479492
30514,15.563965
30515,16.479492
30516,16.174316
30517,17.089844
30518,17.39502
30519,16.174316
30520,17.39502
30521,17.089844
30522,16.479492
30523,16.784668
30524,16.479492
30525,17.089844
30526,17.39502
30527,16.174316
30528,16.479492
30529,18.310547
30530,17.089844
30531,16.479492
30532,17.089844
30533,16.784668
30534,16.784668
30535,17.39502
30536,16.479492
30537,17.39502
30538,16.174316
30539,16.479492
30540,16.479492
30541,16.784668
30542,17.700195
30543,17.089844
30544,17.089844
30545,17.39502
30546,16.784668
30547,16.784668
30548,16.784668
30549,17.089844
30550,16.784668
30551,17.089844
30552,16.784668
30553,16.479492
30554,17.089844
30555,16.479492
30556,17.089844
30557,16.784668
30558,16.479492
30559,16.479492
30560,16.479492
30561,16.479492
30562,16.174316
30563,16.784668
30564,17.089844
30565,16.479492
30566,18.005371
30567,17.39502
30568,17.089844
30569,17.700195
30570,16.784668
30571,17.39502
30572,16.479492
30573,16.479492
30574,16.784668
30575,17.089844
30576,16.479492
30577,16.784668
30578,16.479492
30579,16.784668
30580,16.784668
30581,16.479492
30582,17.700195
30583,16.479492
30584,17.089844
30585,17.089844
30586,16.479492
30587,16.479492
30588,16.479492
30589,16.784668
30590,17.089844
30591,17.089844
30592,17.700195
30593,16.479492
30594,17.089844
30595,16.479492
30596,16.784668
30597,16.784668
30598,16.784668
30599,17.700195
30600,16.784668
30601,16.784668
30602,16.479492
30603,17.089844
30604,17.089844
30605,16.479492
30606,16.784668
30607,17.39502
30608,17.089844
30609,17.39502
30610,17.089844
30611,16.784668
30612,16.784668
30613,16.784668
30614,16.784668
30615,17.39502
30616,17.089844
30617,16.784668
30618,17.39502
30619,16.784668
30620,16.784668
30621,17.089844
30622,16.784668
30623,16.174316
30624,17.089844
30625,17.089844
30626,17.089844
30627,16.784668
30628,17.39502
30629,17.39502
30630,17.39502
30631,17.39502
30632,16.784668
30633,17.089844
30634,16.174316
30635,17.089844
30636,16.174316
30637,17.089844
30638,17.39502
30639,16.479492
30640,17.089844
30641,16.784668
30642,16.479492
30643,17.089844
30644,16.784668
30645,16.784668
30646,16.784668
30647,16.784668
30648,17.089844
30649,17.39502
30650,16.784668
30651,15.869141
30652,17.089844
30653,17.39502
30654,17.39502
30655,17.39502
30656,16.784668
30657,16.479492
30658,17.39502
30659,17.39502
30660,17.700195
30661,17.39502
30662,17.089844
30663,16.479492
30664,17.39502
30665,17.089844
30666,17.089844
30667,16.479492
30668,16.784668
30669,16.784668
30670,17.39502
30671,17.39502
30672,17.39502
30673,16.784668
30674,16.784668
30675,17.089844
30676,17.089844
30677,17.089844
30678,17.089844
30679,17.39502
30680,17.39502
30681,16.479492
30682,16.784668
30683,16.784668
30684,16.479492
30685,17.089844
30686,16.784668
30687,16.784668
30688,16.174316
30689,16.784668
30690,16.479492
30691,16.784668
30692,16.784668
30693,17.39502
30694,17.39502
30695,17.089844
30696,17.089844
30697,16.479492
30698,17.089844
30699,17.700195
30700,16.784668
30701,16.784668
30702,16.784668
30703,17.39502
30704,17.39502
30705,16.479492
30706,16.784668
30707,17.089844
30708,17.39502
30709,16.479492
30710,16.784668
30711,17.39502
30712,16.784668
30713,16.174316
30714,16.174316
30715,17.089844
30716,16.479492
30717,17.089844
30718,17.39502
30719,16.784668
30720,16.784668
30721,17.700195
30722,15.869141
30723,17.39502
30724,16.784668
30725,16.479492
30726,16.784668
30727,17.700195
30728,17.089844
30729,17.39502
30730,17.700195
30731,15.869141
30732,16.784668
30733,17.39502
30734,17.39502
30735,17.700195
30736,17.39502
30737,17.089844
30738,16.784668
30739,17.39502
30740,17.089844
30741,16.479492
30742,17.089844
30743,17.089844
30744,16.479492
30745,16.784668
30746,17.39502
30747,16.479492
30748,17.089844
30749,17.089844
30750,16.479492
30751,17.089844
30752,17.39502
30753,17.700195
30754,16.174316
30755,16.784668
30756,16.784668
30757,16.479492
30758,17.39502
30759,16.784668
30760,16.479492
30761,17.089844
30762,17.39502
30763,17.39502
30764,16.479492
30765,16.174316
30766,17.39502
30767,16.479492
30768,16.479492
30769,16.479492
30770,17.089844
30771,17.089844
30772,16.479492
30773,16.784668
30774,16.784668
30775,16.479492
30776,17.39502
30777,17.39502
30778,17.39502
30779,16.479492
30780,17.089844
30781,16.784668
30782,17.089844
30783,17.700195
30784,18.005371
30785,17.39502
30786,18.005371
30787,17.089844
30788,16.479492
30789,17.39502
30790,17.089844
30791,17.089844
30792,17.089844
30793,17.700195
30794,16.784668
30795,17.089844
30796,15.563965
30797,17.089844
30798,16.784668
30799,17.089844
30800,16.174316
30801,16.479492
30802,18.005371
30803,17.39502
30804,16.784668
30805,16.784668
30806,16.174316
30807,17.089844
30808,16.784668
30809,17.089844
30810,16.479492
30811,15.869141
30812,17.089844
30813,16.784668
30814,17.089844
30815,16.479492
30816,16.174316
30817,17.39502
30818,16.479492
30819,16.479492
30820,17.089844
30821,17.089844
30822,16.784668
30823,17.39502
30824,17.089844
30825,16.784668
30826,17.089844
30827,16.784668
30828,17.089844
30829,16.784668
30830,17.39502
30831,16.784668
30832,17.089844
30833,17.089844
30834,17.089844
30835,17.089844
30836,17.089844
30837,16.784668
30838,18.005371
30839,16.784668
30840,17.700195
30841,17.39502
30842,16.479492
30843,16.784668
30844,17.089844
30845,16.174316
30846,17.089844
30847,16.784668
30848,17.39502
30849,16.174316
30850,17.089844
30851,16.784668
30852,17.39502
30853,17.089844
30854,16.479492
30855,16.784668
30856,17.089844
30857,16.784668
30858,17.39502
30859,17.089844
30860,16.479492
30861,16.784668
30862,17.089844
30863,16.479492
30864,16.784668
30865,17.39502
30866,18.005371
30867,16.784668
30868,16.174316
30869,17.089844
30870,16.479492
30871,17.089844
30872,17.089844
30873,17.089844
30874,16.784668
30875,16.479492
30876,18.005371
30877,17.089844
30878,16.784668
30879,17.089844
30880,17.089844
30881,17.089844
30882,16.784668
30883,16.479492
30884,17.089844
30885,16.479492
30886,16.784668
30887,16.174316
30888,16.784668
30889,17.089844
30890,17.39502
30891,17.700195
30892,16.479492
30893,16.479492
30894,16.784668
30895,16.174316
30896,16.784668
30897,17.39502
30898,16.784668
30899,17.089844
30900,16.784668
30901,16.479492
30902,16.784668
30903,18.310547
30904,17.39502
30905,17.700195
30906,16.174316
30907,16.479492
30908,17.39502
30909,17.39502
30910,17.089844
30911,16.479492
30912,17.39502
30913,17.089844
30914,17.089844
30915,17.39502
30916,16.479492
30917,16.784668
30918,16.784668
30919,16.784668
30920,17.700195
30921,17.089844
30922,17.39502
30923,16.479492
30924,16.174316
30925,17.39502
30926,16.784668
30927,16.784668
30928,17.089844
30929,16.479492
30930,17.089844
30931,16.784668
30932,17.089844
30933,17.089844
30934,16.784668
30935,16.174316
30936,17.089844
30937,17.089844
30938,16.479492
30939,18.310547
30940,17.39502
30941,16.479492
30942,16.174316
30943,16.784668
30944,17.700195
30945,17.39502
30946,16.479492
30947,17.700195
30948,16.784668
30949,17.39502
30950,17.39502
30951,16.174316
30952,17.39502
30953,17.700195
30954,16.784668
30955,16.784668
30956,17.089844
30957,17.089844
30958,16.784668
30959,16.479492
30960,16.479492
30961,16.784668
30962,16.479492
30963,16.174316
30964,16.784668
30965,16.784668
30966,17.089844
30967,16.174316
30968,17.089844
30969,17.089844
30970,16.784668
30971,17.39502
30972,16.479492
30973,15.869141
30974,16.479492
30975,17.39502
30976,17.089844
30977,17.089844
30978,17.39502
30979,18.005371
30980,16.479492
30981,17.089844
30982,17.39502
30983,17.700195
30984,16.784668
30985,17.39502
30986,16.784668
30987,17.089844
30988,16.479492
30989,17.39502
30990,17.089844
30991,16.174316
30992,16.479492
30993,17.089844
30994,17.700195
30995,16.479492
30996,16.174316
30997,17.39502
30998,16.174316
30999,16.784668
31000,16.174316
31001,17.089844
31002,16.784668
31003,17.39502
31004,16.174316
31005,16.479492
31006,16.784668
31007,17.39502
31008,17.089844
31009,16.174316
31010,17.089844
31011,16.784668
31012,16.784668
31013,16.174316
31014,16.784668
31015,17.089844
31016,16.784668
31017,17.089844
31018,17.089844
31019,17.700195
31020,16.784668
31021,17.39502
31022,17.700195
31023,17.089844
31024,17.089844
31025,16.784668
31026,17.39502
31027,17.39502
31028,16.784668
31029,16.479492
31030,17.089844
31031,17.39502
31032,16.784668
31033,17.089844
31034,17.089844
31035,17.089844
31036,17.39502
31037,16.479492
31038,17.39502
31039,17.39502
31040,17.39502
31041,16.784668
31042,16.479492
31043,16.174316
31044,17.39502
31045,16.174316
31046,17.089844
31047,17.089844
31048,16.479492
31049,17.089844
31050,16.479492
31051,16.784668
31052,16.174316
31053,16.784668
31054,16.784668
31055,16.479492
31056,17.700195
31057,17.089844
31058,17.089844
31059,17.089844
31060,16.784668
31061,16.784668
31062,17.39502
31063,16.479492
31064,17.089844
31065,16.479492
31066,16.479492
31067,17.39502
31068,18.615723
31069,16.784668
31070,16.784668
31071,17.089844
31072,16.784668
31073,17.089844
31074,16.784668
31075,17.089844
31076,17.089844
31077,17.089844
31078,16.784668
31079,16.479492
31080,17.089844
31081,16.174316
31082,17.089844
31083,16.174316
31084,17.39502
31085,16.784668
31086,16.479492
31087,16.479492
31088,16.479492
31089,17.39502
31090,17.700195
31091,16.174316
31092,17.089844
31093,17.089844
31094,17.089844
31095,17.700195
31096,17.089844
31097,16.174316
31098,16.479492
31099,17.089844
31100,16.784668
31101,16.479492
31102,17.089844
31103,16.784668
31104,16.479492
31105,17.39502
31106,16.784668
31107,17.089844
31108,16.479492
31109,16.174316
31110,16.784668
31111,17.39502
31112,16.479492
31113,17.700195
31114,16.784668
31115,16.174316
31116,16.784668
31117,16.479492
31118,16.479492
31119,16.174316
31120,17.39502
31121,17.39502
31122,17.39502
31123,17.39502
31124,16.479492
31125,16.479492
31126,17.089844
31127,16.479492
31128,16.784668
31129,16.479492
31130,16.784668
31131,16.784668
31132,17.39502
31133,16.784668
31134,16.479492
31135,16.784668
31136,16.784668
31137,17.089844
31138,17.089844
31139,17.39502
31140,15.563965
31141,16.784668
31142,17.39502
31143,16.784668
31144,17.700195
31145,16.174316
31146,17.39502
31147,15.563965
31148,17.39502
31149,17.089844
31150,16.479492
31151,16.174316
31152,16.784668
31153,17.39502
31154,17.089844
31155,17.089844
31156,17.089844
31157,17.700195
31158,17.089844
31159,17.089844
31160,16.784668
31161,17.39502
31162,16.784668
31163,17.39502
31164,16.784668
31165,16.784668
31166,16.174316
31167,16.784668
31168,16.784668
31169,16.174316
31170,17.089844
31171,18.005371
31172,16.479492
31173,17.39502
31174,16.479492
31175,16.479492
31176,18.005371
31177,17.700195
31178,16.479492
31179,15.869141
31180,17.39502
31181,17.700195
31182,16.784668
31183,16.784668
31184,16.174316
31185,17.089844
31186,17.089844
31187,15.869141
31188,16.784668
31189,17.089844
31190,16.784668
31191,17.39502
31192,17.089844
31193,17.700195
31194,17.089844
31195,16.784668
31196,17.089844
31197,16.784668
31198,17.089844
31199,17.39502
31200,16.784668
31201,16.479492
31202,17.39502
31203,16.479492
31204,17.39502
31205,16.479492
31206,17.089844
31207,17.089844
31208,17.089844
31209,17.089844
31210,17.39502
31211,17.089844
31212,16.784668
31213,17.089844
31214,17.39502
31215,15.869141
31216,16.479492
31217,16.479492
31218,16.784668
31219,16.479492
31220,16.479492
31221,16.174316
31222,17.089844
31223,17.089844
31224,17.700195
31225,17.089844
31226,18.005371
31227,18.005371
31228,16.479492
31229,17.089844
31230,17.089844
31231,17.39502
31232,16.479492
31233,16.784668
31234,17.089844
31235,16.784668
31236,17.089844
31237,16.784668
31238,16.784668
31239,17.700195
31240,16.784668
31241,16.784668
31242,16.784668
31243,17.700195
31244,17.39502
31245,17.089844
31246,16.784668
31247,16.479492
31248,16.174316
31249,16.479492
31250,17.700195
31251,17.39502
31252,16.784668
31253,17.089844
31254,16.784668
31255,17.089844
31256,17.089844
31257,16.479492
31258,16.784668
31259,16.784668
31260,17.089844
31261,16.479492
31262,16.784668
31263,17.700195
31264,16.479492
31265,15.869141
31266,17.089844
31267,17.089844
31268,17.089844
31269,16.479492
31270,17.089844
31271,17.39502
31272,17.089844
31273,17.700195
31274,16.784668
31275,16.784668
31276,17.39502
31277,17.089844
31278,16.784668
31279,17.089844
31280,17.39502
31281,17.089844
31282,16.479492
31283,17.089844
31284,16.784668
31285,16.784668
31286,16.784668
31287,17.39502
31288,16.479492
31289,17.700195
31290,16.784668
31291,16.479492
31292,16.784668
31293,16.784668
31294,17.089844
31295,17.089844
31296,17.089844
31297,16.479492
31298,16.479492
31299,16.784668
31300,16.784668
31301,17.39502
31302,16.479492
31303,16.479492
31304,17.089844
31305,17.089844
31306,16.479492
31307,16.784668
31308,15.869141
31309,17.700195
31310,17.39502
31311,16.784668
31312,17.39502
31313,17.39502
31314,17.089844
31315,16.784668
31316,17.700195
31317,16.784668
31318,17.700195
31319,16.784668
31320,17.089844
31321,16.479492
31322,17.39502
31323,18.005371
31324,15.869141
31325,17.39502
31326,17.39502
31327,17.39502
31328,16.479492
31329,16.479492
31330,16.479492
31331,17.39502
31332,17.089844
31333,16.784668
31334,17.089844
31335,16.784668
31336,16.479492
31337,17.39502
31338,16.784668
31339,16.479492
31340,17.39502
31341,17.700195
31342,17.39502
31343,16.479492
31344,16.784668
31345,17.089844
31346,14.953613
31347,16.784668
31348,16.784668
31349,17.089844
31350,17.700195
31351,17.089844
31352,16.479492
31353,17.089844
31354,17.089844
31355,16.174316
31356,16.784668
31357,16.479492
31358,17.089844
31359,17.39502
31360,17.089844
31361,16.784668
31362,17.089844
31363,17.089844
31364,16.174316
31365,16.479492
31366,17.39502
31367,16.479492
31368,17.39502
31369,16.479492
31370,15.869141
31371,17.089844
31372,17.089844
31373,17.089844
31374,16.479492
31375,17.089844
31376,16.784668
31377,16.479492
31378,17.089844
31379,17.089844
31380,16.784668
31381,17.39502
31382,17.089844
31383,17.089844
31384,17.089844
31385,15.869141
31386,17.089844
31387,17.089844
31388,16.784668
31389,16.784668
31390,16.479492
31391,17.39502
31392,16.784668
31393,17.089844
31394,17.39502
31395,16.174316
31396,17.089844
31397,17.089844
31398,17.700195
31399,17.089844
31400,17.39502
31401,16.479492
31402,16.479492
31403,17.089844
31404,16.174316
31405,16.784668
31406,16.479492
31407,17.700195
31408,16.479492
31409,17.700195
31410,16.479492
31411,17.39502
31412,17.089844
31413,18.005371
31414,16.784668
31415,16.174316
31416,17.39502
31417,17.39502
31418,17.089844
31419,17.700195
31420,16.479492
31421,16.784668
31422,17.39502
31423,16.784668
31424,16.174316
31425,16.479492
31426,16.479492
31427,17.39502
31428,16.174316
31429,16.479492
31430,16.784668
31431,16.479492
31432,16.174316
31433,17.089844
31434,16.784668
31435,17.39502
31436,16.784668
31437,17.39502
31438,17.089844
31439,16.784668
31440,16.784668
31441,16.784668
31442,16.784668
31443,17.700195
31444,16.479492
31445,16.784668
31446,17.39502
31447,17.39502
31448,17.700195
31449,17.700195
31450,17.700195
31451,17.39502
31452,16.174316
31453,16.784668
31454,17.089844
31455,17.39502
31456,16.784668
31457,15.869141
31458,15.869141
31459,16.174316
31460,15.869141
31461,16.479492
31462,17.700195
31463,17.089844
31464,17.089844
31465,17.089844
31466,17.089844
31467,16.174316
31468,16.479492
31469,16.784668
31470,17.089844
31471,17.39502
31472,16.784668
31473,16.479492
31474,16.479492
31475,16.784668
31476,16.479492
31477,17.089844
31478,17.089844
31479,17.700195
31480,17.39502
31481,16.479492
31482,17.39502
31483,16.784668
31484,15.563965
31485,17.089844
31486,16.479492
31487,17.089844
31488,16.784668
31489,17.39502
31490,16.784668
31491,16.174316
31492,16.784668
31493,16.479492
31494,16.174316
31495,16.784668
31496,17.089844
31497,16.784668
31498,16.479492
31499,17.089844
31500,16.174316
31501,16.479492
31502,16.174316
31503,16.174316
31504,17.089844
31505,17.089844
31506,15.258789
31507,16.479492
31508,17.39502
31509,17.089844
31510,17.700195
31511,16.479492
31512,17.089844
31513,16.174316
31514,16.784668
31515,17.089844
31516,16.784668
31517,17.089844
31518,18.005371
31519,16.479492
31520,17.089844
31521,17.39502
31522,17.089844
31523,17.39502
31524,17.089844
31525,16.479492
31526,16.784668
31527,17.700195
31528,17.39502
31529,16.784668
31530,16.479492
31531,17.089844
31532,17.089844
31533,17.089844
31534,17.39502
31535,16.784668
31536,17.089844
31537,18.005371
31538,17.089844
31539,16.174316
31540,17.700195
31541,17.39502
31542,17.39502
31543,17.39502
31544,16.479492
31545,16.784668
31546,17.089844
31547,16.784668
31548,17.089844
31549,17.700195
31550,16.174316
31551,17.39502
31552,16.784668
31553,16.479492
31554,17.089844
31555,16.784668
31556,16.784668
31557,17.089844
31558,16.784668
31559,16.784668
31560,17.39502
31561,16.174316
31562,16.784668
31563,17.089844
31564,16.479492
31565,17.700195
31566,17.39502
31567,17.089844
31568,17.39502
31569,16.479492
31570,17.089844
31571,17.700195
31572,16.784668
31573,16.784668
31574,17.39502
31575,16.174316
31576,16.479492
31577,16.784668
31578,17.089844
31579,16.784668
31580,17.089844
31581,16.174316
31582,16.784668
31583,17.700195
31584,16.479492
31585,16.174316
31586,17.700195
31587,15.563965
31588,16.174316
31589,16.479492
31590,17.700195
31591,16.784668
31592,17.089844
31593,17.39502
31594,16.479492
31595,18.310547
31596,17.089844
31597,16.784668
31598,16.479492
31599,17.39502
31600,16.784668
31601,17.39502
31602,15.563965
31603,17.700195
31604,17.089844
31605,16.479492
31606,16.784668
31607,17.39502
31608,17.089844
31609,17.089844
31610,17.089844
31611,16.784668
31612,16.479492
31613,17.089844
31614,17.39502
31615,16.784668
31616,16.479492
31617,17.39502
31618,16.479492
31619,16.784668
31620,16.479492
31621,17.39502
31622,17.089844
31623,17.089844
31624,16.479492
31625,17.089844
31626,16.784668
31627,17.089844
31628,17.089844
31629,16.784668
31630,17.089844
31631,16.784668
31632,17.39502
31633,16.784668
31634,17.39502
31635,16.479492
31636,16.174316
31637,16.479492
31638,16.174316
31639,16.479492
31640,17.089844
31641,18.005371
31642,17.700195
31643,16.479492
31644,16.784668
31645,16.784668
31646,17.39502
31647,17.089844
31648,16.784668
31649,16.784668
31650,17.089844
31651,16.784668
31652,16.784668
31653,17.089844
31654,16.784668
31655,17.089844
31656,17.39502
31657,17.089844
31658,16.174316
31659,16.784668
31660,16.174316
31661,16.784668
31662,16.479492
31663,17.089844
31664,17.700195
31665,16.784668
31666,17.39502
31667,16.784668
31668,16.479492
31669,16.479492
31670,16.479492
31671,17.39502
31672,16.784668
31673,17.089844
31674,18.005371
31675,17.089844
31676,16.174316
31677,16.784668
31678,16.784668
31679,15.869141
31680,16.479492
31681,17.089844
31682,16.479492
31683,17.089844
31684,17.089844
31685,17.089844
31686,16.479492
31687,17.39502
31688,16.784668
31689,16.784668
31690,17.39502
31691,17.089844
31692,16.784668
31693,16.174316
31694,16.479492
31695,17.39502
31696,16.479492
31697,17.089844
31698,17.089844
31699,17.39502
31700,17.089844
31701,17.089844
31702,16.479492
31703,17.39502
31704,18.615723
31705,16.784668
31706,16.784668
31707,16.479492
31708,17.089844
31709,17.089844
31710,17.39502
31711,15.869141
31712,16.174316
31713,17.089844
31714,17.089844
31715,16.174316
31716,16.479492
31717,16.784668
31718,16.784668
31719,17.700195
31720,17.089844
31721,17.089844
31722,17.39502
31723,18.005371
31724,17.39502
31725,17.089844
31726,16.174316
31727,17.700195
31728,16.479492
31729,16.784668
31730,16.784668
31731,16.784668
31732,17.39502
31733,17.39502
31734,16.784668
31735,17.39502
31736,16.479492
31737,18.005371
31738,17.089844
31739,16.784668
31740,17.39502
31741,17.089844
31742,16.479492
31743,15.563965
31744,16.784668
31745,17.700195
31746,17.089844
31747,15.563965
31748,16.174316
31749,16.784668
31750,16.479492
31751,17.39502
31752,17.089844
31753,16.784668
31754,16.784668
31755,17.700195
31756,16.784668
31757,17.089844
31758,17.700195
31759,17.089844
31760,17.39502
31761,15.869141
31762,17.39502
31763,17.089844
31764,18.005371
31765,15.869141
31766,17.089844
31767,16.784668
31768,17.089844
31769,17.39502
31770,17.39502
31771,16.784668
31772,17.39502
31773,16.479492
31774,18.005371
31775,16.174316
31776,16.784668
31777,17.39502
31778,17.089844
31779,16.479492
31780,17.089844
31781,16.784668
31782,17.39502
31783,17.089844
31784,16.784668
31785,16.479492
31786,17.089844
31787,17.39502
31788,17.089844
31789,15.869141
31790,16.784668
31791,17.39502
31792,15.869141
31793,17.39502
31794,16.784668
31795,17.39502
31796,17.39502
31797,16.784668
31798,16.784668
31799,17.089844
31800,16.784668
31801,17.089844
31802,17.39502
31803,17.089844
31804,15.869141
31805,16.784668
31806,17.39502
31807,17.089844
31808,17.089844
31809,17.089844
31810,16.784668
31811,17.700195
31812,17.39502
31813,17.089844
31814,17.700195
31815,16.784668
31816,18.005371
31817,15.869141
31818,17.39502
31819,17.089844
31820,17.700195
31821,16.479492
31822,17.39502
31823,16.479492
31824,17.089844
31825,17.089844
31826,17.39502
31827,16.784668
31828,17.089844
31829,17.39502
31830,16.784668
31831,16.479492
31832,17.089844
31833,17.700195
31834,17.089844
31835,16.479492
31836,17.39502
31837,17.700195
31838,17.089844
31839,16.479492
31840,16.784668
31841,16.784668
31842,17.089844
31843,16.784668
31844,17.089844
31845,17.39502
31846,17.089844
31847,16.479492
31848,16.784668
31849,16.784668
31850,16.784668
31851,17.089844
31852,17.39502
31853,16.479492
31854,16.479492
31855,16.784668
31856,16.784668
31857,16.479492
31858,16.784668
31859,17.089844
31860,16.479492
31861,17.39502
31862,16.784668
31863,16.784668
31864,16.479492
31865,17.089844
31866,16.784668
31867,17.700195
31868,16.784668
31869,16.784668
31870,18.005371
31871,16.479492
31872,16.174316
31873,17.089844
31874,17.700195
31875,16.479492
31876,16.174316
31877,16.784668
31878,17.700195
31879,16.174316
31880,16.479492
31881,16.784668
31882,17.700195
31883,18.310547
31884,16.479492
31885,16.479492
31886,18.005371
31887,16.174316
31888,16.479492
31889,15.869141
31890,16.479492
31891,17.089844
31892,16.479492
31893,16.784668
31894,18.005371
31895,17.39502
31896,17.700195
31897,16.784668
31898,16.479492
31899,17.700195
31900,17.39502
31901,17.089844
31902,16.784668
31903,16.479492
31904,17.089844
31905,17.700195
31906,16.784668
31907,16.784668
31908,17.089844
31909,17.089844
31910,16.174316
31911,16.784668
31912,16.784668
31913,17.089844
31914,17.39502
31915,17.089844
31916,15.869141
31917,16.479492
31918,17.089844
31919,17.700195
31920,16.784668
31921,16.784668
31922,17.089844
31923,17.089844
31924,16.784668
31925,17.089844
31926,17.089844
31927,16.174316
31928,16.784668
31929,17.089844
31930,17.39502
31931,17.089844
31932,17.089844
31933,18.310547
31934,16.174316
31935,16.784668
31936,16.784668
31937,17.39502
31938,17.39502
31939,16.174316
31940,17.089844
31941,17.39502
31942,16.784668
31943,17.089844
31944,17.089844
31945,16.784668
31946,17.39502
31947,17.089844
31948,17.089844
31949,16.479492
31950,16.174316
31951,17.700195
31952,17.39502
31953,16.174316
31954,16.479492
31955,17.089844
31956,17.089844
31957,17.089844
31958,17.700195
31959,16.479492
31960,17.089844
31961,16.784668
31962,17.089844
31963,16.174316
31964,17.700195
31965,16.784668
31966,17.089844
31967,17.089844
31968,16.784668
31969,17.39502
31970,17.089844
31971,17.089844
31972,16.174316
31973,17.089844
31974,17.089844
31975,16.479492
31976,17.39502
31977,16.479492
31978,17.089844
31979,16.784668
31980,16.479492
31981,17.700195
31982,17.700195
31983,17.089844
31984,15.563965
31985,16.479492
31986,18.005371
31987,17.700195
31988,16.479492
31989,17.700195
31990,15.869141
31991,16.174316
31992,17.089844
31993,17.39502
31994,16.784668
31995,16.784668
31996,16.479492
31997,17.089844
31998,17.089844
31999,16.784668
32000,17.089844
32001,16.479492
32002,17.39502
32003,17.39502
32004,16.784668
32005,16.479492
32006,17.39502
32007,17.700195
32008,16.784668
32009,16.784668
32010,17.39502
32011,17.39502
32012,17.089844
32013,17.089844
32014,17.089844
32015,17.089844
32016,16.174316
32017,17.39502
32018,17.089844
32019,18.005371
32020,15.869141
32021,16.479492
32022,16.784668
32023,17.089844
32024,17.39502
32025,17.089844
32026,16.479492
32027,16.784668
32028,17.089844
32029,16.479492
32030,16.174316
32031,16.784668
32032,16.784668
32033,17.089844
32034,17.089844
32035,17.089844
32036,17.39502
32037,16.479492
32038,16.174316
32039,17.39502
32040,16.479492
32041,16.784668
32042,16.784668
32043,17.39502
32044,17.089844
32045,17.089844
32046,16.784668
32047,17.39502
32048,16.479492
32049,17.089844
32050,17.089844
32051,17.700195
32052,17.700195
32053,16.784668
32054,17.089844
32055,16.479492
32056,17.089844
32057,17.089844
32058,16.174316
32059,16.784668
32060,17.39502
32061,17.700195
32062,16.479492
32063,16.784668
32064,17.089844
32065,16.784668
32066,17.39502
32067,16.174316
32068,17.39502
32069,17.089844
32070,17.089844
32071,16.174316
32072,15.563965
32073,16.479492
32074,17.39502
32075,17.39502
32076,16.479492
32077,17.089844
32078,17.39502
32079,17.089844
32080,16.479492
32081,16.784668
32082,17.089844
32083,16.174316
32084,16.784668
32085,17.700195
32086,17.39502
32087,17.089844
32088,16.174316
32089,15.869141
32090,16.784668
32091,17.089844
32092,16.784668
32093,16.784668
32094,16.784668
32095,17.089844
32096,16.784668
32097,17.089844
32098,17.089844
32099,17.39502
32100,17.089844
32101,17.089844
32102,17.089844
32103,17.089844
32104,16.784668
32105,17.089844
32106,17.089844
32107,16.784668
32108,15.869141
32109,16.784668
32110,17.39502
32111,17.39502
32112,16.479492
32113,17.089844
32114,16.784668
32115,17.089844
32116,17.089844
32117,16.784668
32118,17.089844
32119,17.700195
32120,15.869141
32121,17.089844
32122,17.089844
32123,16.784668
32124,17.39502
32125,16.784668
32126,17.089844
32127,17.39502
32128,17.39502
32129,16.784668
32130,16.784668
32131,16.479492
32132,17.39502
32133,17.089844
32134,17.089844
32135,17.39502
32136,17.39502
32137,17.089844
32138,17.700195
32139,16.784668
32140,17.39502
32141,17.700195
32142,17.089844
32143,17.39502
32144,16.784668
32145,16.479492
32146,16.784668
32147,16.784668
32148,17.39502
32149,17.089844
32150,17.39502
32151,15.563965
32152,16.784668
32153,16.479492
32154,16.479492
32155,17.089844
32156,17.39502
32157,17.700195
32158,17.39502
32159,16.479492
32160,16.784668
32161,16.784668
32162,17.089844
32163,16.784668
32164,16.784668
32165,17.700195
32166,17.39502
32167,17.39502
32168,17.089844
32169,17.089844
32170,17.089844
32171,16.784668
32172,17.700195
32173,17.39502
32174,17.700195
32175,17.089844
32176,18.310547
32177,16.784668
32178,16.784668
32179,16.479492
32180,17.089844
32181,17.089844
32182,16.174316
32183,16.479492
32184,17.700195
32185,16.784668
32186,16.784668
32187,16.784668
32188,17.089844
32189,17.089844
32190,17.089844
32191,17.089844
32192,16.479492
32193,16.479492
32194,17.39502
32195,16.174316
32196,14.6484375
32197,17.089844
32198,16.784668
32199,17.089844
32200,15.869141
32201,17.089844
32202,17.39502
32203,16.784668
32204,17.089844
32205,16.174316
32206,17.39502
32207,15.258789
32208,16.174316
32209,18.005371
32210,17.089844
32211,17.39502
32212,17.089844
32213,16.784668
32214,16.479492
32215,17.089844
32216,16.784668
32217,16.784668
32218,17.089844
32219,17.089844
32220,17.39502
32221,17.089844
32222,17.39502
32223,17.089844
32224,17.39502
32225,16.479492
32226,17.089844
32227,16.784668
32228,17.089844
32229,17.39502
32230,17.089844
32231,16.174316
32232,16.479492
32233,16.479492
32234,17.089844
32235,16.784668
32236,16.479492
32237,16.479492
32238,16.479492
32239,16.784668
32240,16.784668
32241,16.784668
32242,17.700195
32243,16.479492
32244,17.089844
32245,16.479492
32246,16.479492
32247,17.089844
32248,17.39502
32249,16.479492
32250,16.479492
32251,17.39502
32252,17.089844
32253,16.479492
32254,16.784668
32255,17.089844
32256,16.784668
32257,17.089844
32258,17.39502
32259,17.700195
32260,17.700195
32261,16.784668
32262,17.089844
32263,16.784668
32264,16.784668
32265,17.39502
32266,17.700195
32267,16.479492
32268,16.784668
32269,17.089844
32270,17.700195
32271,17.089844
32272,17.089844
32273,17.089844
32274,16.479492
32275,16.784668
32276,16.479492
32277,16.479492
32278,18.005371
32279,16.479492
32280,16.174316
32281,17.089844
32282,15.869141
32283,17.089844
32284,16.784668
32285,16.784668
32286,16.479492
32287,17.700195
32288,17.700195
32289,16.479492
32290,16.784668
32291,17.089844
32292,16.479492
32293,17.089844
32294,17.089844
32295,17.39502
32296,17.089844
32297,17.700195
32298,18.310547
32299,16.784668
32300,16.479492
32301,17.089844
32302,17.39502
32303,17.089844
32304,16.174316
32305,16.784668
32306,17.089844
32307,17.39502
32308,17.39502
32309,16.784668
32310,17.39502
32311,17.39502
32312,17.700195
32313,15.869141
32314,16.784668
32315,17.39502
32316,17.089844
32317,16.479492
32318,16.784668
32319,17.089844
32320,16.479492
32321,17.089844
32322,17.39502
32323,17.089844
32324,17.39502
32325,16.174316
32326,18.005371
32327,17.089844
32328,17.089844
32329,16.784668
32330,16.784668
32331,16.784668
32332,16.479492
32333,17.089844
32334,17.39502
32335,17.089844
32336,17.700195
32337,16.784668
32338,17.39502
32339,17.089844
32340,16.784668
32341,17.700195
32342,17.39502
32343,17.089844
32344,17.089844
32345,16.479492
32346,17.700195
32347,17.700195
32348,17.39502
32349,16.784668
32350,16.784668
32351,17.700195
32352,17.700195
32353,16.479492
32354,17.089844
32355,16.784668
32356,16.784668
32357,17.39502
32358,16.784668
32359,16.174316
32360,17.39502
32361,16.174316
32362,16.784668
32363,16.479492
32364,16.784668
32365,17.700195
32366,17.39502
32367,16.174316
32368,16.784668
32369,17.089844
32370,16.784668
32371,16.479492
32372,16.784668
32373,16.784668
32374,17.089844
32375,16.784668
32376,17.089844
32377,17.39502
32378,16.174316
32379,16.479492
32380,16.784668
32381,17.089844
32382,16.784668
32383,16.784668
32384,17.089844
32385,16.784668
32386,17.39502
32387,16.479492
32388,17.39502
32389,16.479492
32390,17.089844
32391,16.784668
32392,17.39502
32393,16.784668
32394,16.784668
32395,16.784668
32396,17.089844
32397,17.39502
32398,17.39502
32399,16.479492
32400,16.479492
32401,17.089844
32402,17.089844
32403,16.479492
32404,16.784668
32405,16.784668
32406,17.089844
32407,16.479492
32408,17.700195
32409,16.784668
32410,18.310547
32411,16.784668
32412,16.174316
32413,17.089844
32414,17.39502
32415,16.784668
32416,17.39502
32417,16.479492
32418,16.784668
32419,17.39502
32420,16.174316
32421,17.089844
32422,16.784668
32423,17.700195
32424,16.784668
32425,17.089844
32426,17.39502
32427,17.089844
32428,16.784668
32429,17.089844
32430,16.479492
32431,16.784668
32432,17.39502
32433,17.39502
32434,16.784668
32435,17.39502
32436,17.089844
32437,16.784668
32438,16.479492
32439,17.089844
32440,16.784668
32441,16.174316
32442,17.700195
32443,16.784668
32444,17.700195
32445,16.174316
32446,16.784668
32447,17.700195
32448,16.784668
32449,16.174316
32450,15.563965
32451,17.39502
32452,16.479492
32453,17.089844
32454,16.784668
32455,15.869141
32456,17.089844
32457,17.700195
32458,16.479492
32459,17.089844
32460,16.784668
32461,16.784668
32462,17.089844
32463,17.39502
32464,17.39502
32465,17.700195
32466,16.174316
32467,17.39502
32468,17.089844
32469,16.479492
32470,16.479492
32471,17.39502
32472,17.39502
32473,16.479492
32474,15.869141
32475,17.39502
32476,17.39502
32477,16.784668
32478,17.089844
32479,17.089844
32480,16.479492
32481,16.479492
32482,17.089844
32483,16.784668
32484,16.174316
32485,16.784668
32486,16.479492
32487,16.479492
32488,16.784668
32489,17.089844
32490,17.089844
32491,16.784668
32492,16.784668
32493,17.700195
32494,17.089844
32495,16.174316
32496,17.39502
32497,17.089844
32498,17.39502
32499,15.869141
32500,15.563965
32501,17.089844
32502,17.39502
32503,16.784668
32504,18.005371
32505,16.784668
32506,16.174316
32507,16.784668
32508,16.784668
32509,16.784668
32510,16.479492
32511,16.784668
32512,16.174316
32513,16.784668
32514,17.39502
32515,17.089844
32516,16.784668
32517,16.479492
32518,17.089844
32519,16.479492
32520,16.174316
32521,17.089844
32522,17.39502
32523,16.784668
32524,16.784668
32525,17.089844
32526,17.39502
32527,17.089844
32528,16.479492
32529,17.700195
32530,16.784668
32531,17.700195
32532,17.39502
32533,17.089844
32534,16.479492
32535,16.479492
32536,16.479492
32537,16.479492
32538,17.089844
32539,17.39502
32540,16.784668
32541,17.089844
32542,16.174316
32543,18.310547
32544,17.089844
32545,17.089844
32546,17.089844
32547,16.784668
32548,17.089844
32549,17.089844
32550,17.39502
32551,16.784668
32552,16.479492
32553,17.39502
32554,17.089844
32555,16.479492
32556,16.174316
32557,17.089844
32558,15.869141
32559,16.784668
32560,17.700195
32561,17.39502
32562,16.784668
32563,16.784668
32564,16.784668
32565,17.39502
32566,16.784668
32567,16.784668
32568,17.39502
32569,17.089844
32570,17.39502
32571,17.39502
32572,16.784668
32573,16.479492
32574,16.479492
32575,16.479492
32576,16.784668
32577,16.784668
32578,16.479492
32579,15.869141
32580,16.784668
32581,16.784668
32582,16.479492
32583,16.479492
32584,17.39502
32585,17.089844
32586,17.089844
32587,16.174316
32588,16.784668
32589,16.479492
32590,16.479492
32591,17.089844
32592,16.784668
32593,16.784668
32594,16.784668
32595,17.39502
32596,17.39502
32597,17.39502
32598,16.784668
32599,16.784668
32600,16.784668
32601,16.784668
32602,17.700195
32603,16.784668
32604,16.784668
32605,16.174316
32606,16.784668
32607,17.089844
32608,17.700195
32609,17.089844
32610,16.479492
32611,17.089844
32612,16.479492
32613,17.39502
32614,17.089844
32615,16.479492
32616,16.479492
32617,17.089844
32618,17.39502
32619,17.700195
32620,17.089844
32621,17.39502
32622,16.784668
32623,16.174316
32624,16.784668
32625,17.089844
32626,17.39502
32627,16.784668
32628,17.39502
32629,16.174316
32630,16.479492
32631,17.089844
32632,17.39502
32633,16.784668
32634,17.700195
32635,17.089844
32636,16.174316
32637,16.784668
32638,17.089844
32639,17.089844
32640,16.784668
32641,16.479492
32642,17.089844
32643,16.479492
32644,17.089844
32645,16.479492
32646,17.39502
32647,17.39502
32648,16.784668
32649,16.784668
32650,16.479492
32651,16.479492
32652,17.39502
32653,17.700195
32654,17.089844
32655,17.39502
32656,16.174316
32657,17.089844
32658,17.39502
32659,15.563965
32660,16.784668
32661,16.479492
32662,16.784668
32663,16.784668
32664,17.089844
32665,17.39502
32666,17.089844
32667,16.784668
32668,16.784668
32669,17.089844
32670,17.39502
32671,16.784668
32672,16.784668
32673,16.174316
32674,17.089844
32675,16.784668
32676,16.784668
32677,16.784668
32678,17.089844
32679,16.479492
32680,17.089844
32681,16.784668
32682,17.700195
32683,17.089844
32684,16.784668
32685,16.479492
32686,16.479492
32687,16.784668
32688,17.39502
32689,16.479492
32690,16.174316
32691,16.784668
32692,16.784668
32693,16.479492
32694,16.479492
32695,16.784668
32696,17.089844
32697,16.174316
32698,17.089844
32699,17.700195
32700,16.784668
32701,17.39502
32702,17.39502
32703,18.005371
32704,17.089844
32705,17.39502
32706,17.089844
32707,17.089844
32708,17.39502
32709,17.089844
32710,16.479492
32711,16.784668
32712,17.39502
32713,17.39502
32714,17.089844
32715,17.089844
32716,18.005371
32717,17.089844
32718,16.174316
32719,16.479492
32720,16.784668
32721,16.784668
32722,16.479492
32723,16.479492
32724,17.39502
32725,17.089844
32726,17.089844
32727,17.089844
32728,16.479492
32729,16.479492
32730,17.39502
32731,16.784668
32732,16.479492
32733,17.089844
32734,17.089844
32735,16.479492
32736,16.784668
32737,16.479492
32738,16.784668
32739,17.700195
32740,16.784668
32741,17.700195
32742,17.39502
32743,16.784668
32744,17.700195
32745,16.479492
32746,17.089844
32747,16.479492
32748,17.39502
32749,16.784668
32750,16.479492
32751,16.479492
32752,17.39502
32753,16.174316
32754,16.479492
32755,17.39502
32756,17.39502
32757,17.089844
32758,16.784668
32759,16.784668
32760,17.39502
32761,17.089844
32762,17.39502
32763,16.784668
32764,16.784668
32765,17.39502
32766,17.089844
32767,17.39502
32768,16.479492
32769,16.784668
32770,16.784668
32771,17.39502
32772,17.39502
32773,16.784668
32774,16.479492
32775,17.089844
32776,16.479492
32777,17.089844
32778,16.784668
32779,16.784668
32780,18.005371
32781,16.784668
32782,17.089844
32783,17.39502
32784,17.089844
32785,16.784668
32786,17.089844
32787,16.784668
32788,17.39502
32789,17.700195
32790,16.784668
32791,16.784668
32792,16.784668
32793,16.479492
32794,17.089844
32795,17.700195
32796,17.089844
32797,17.089844
32798,18.005371
32799,16.784668
32800,16.479492
32801,17.089844
32802,17.700195
32803,17.39502
32804,16.784668
32805,16.784668
32806,17.39502
32807,16.784668
32808,17.089844
32809,15.869141
32810,16.174316
32811,17.089844
32812,17.39502
32813,17.39502
32814,16.479492
32815,16.174316
32816,16.784668
32817,16.479492
32818,17.089844
32819,17.089844
32820,16.784668
32821,16.479492
32822,16.479492
32823,15.869141
32824,17.39502
32825,17.089844
32826,17.700195
32827,16.784668
32828,17.700195
32829,16.784668
32830,17.39502
32831,17.089844
32832,16.479492
32833,18.005371
32834,17.39502
32835,17.089844
32836,17.39502
32837,17.39502
32838,17.39502
32839,16.784668
32840,16.784668
32841,16.174316
32842,17.089844
32843,17.39502
32844,18.005371
32845,17.39502
32846,15.869141
32847,16.479492
32848,16.784668
32849,17.700195
32850,17.089844
32851,16.479492
32852,17.089844
32853,17.39502
32854,16.784668
32855,17.089844
32856,16.174316
32857,17.700195
32858,17.39502
32859,16.479492
32860,16.479492
32861,17.089844
32862,17.700195
32863,16.784668
32864,16.784668
32865,16.479492
32866,16.784668
32867,16.784668
32868,16.784668
32869,17.39502
32870,16.174316
32871,16.479492
32872,17.089844
32873,18.005371
32874,17.700195
32875,17.700195
32876,17.089844
32877,16.479492
32878,17.089844
32879,16.784668
32880,17.39502
32881,17.39502
32882,17.089844
32883,16.784668
32884,17.089844
32885,18.005371
32886,17.700195
32887,16.479492
32888,16.784668
32889,17.39502
32890,17.39502
32891,17.089844
32892,16.174316
32893,17.089844
32894,16.784668
32895,16.784668
32896,15.869141
32897,16.784668
32898,16.784668
32899,17.089844
32900,17.700195
32901,16.479492
32902,16.174316
32903,17.089844
32904,17.089844
32905,16.479492
32906,15.563965
32907,16.784668
32908,17.700195
32909,16.479492
32910,17.089844
32911,17.39502
32912,17.089844
32913,16.479492
32914,16.784668
32915,16.174316
32916,17.089844
32917,17.089844
32918,17.089844
32919,18.005371
32920,17.089844
32921,16.479492
32922,17.39502
32923,16.174316
32924,17.39502
32925,17.089844
32926,16.784668
32927,16.174316
32928,16.784668
32929,16.784668
32930,17.39502
32931,16.479492
32932,17.089844
32933,16.479492
32934,17.089844
32935,16.479492
32936,17.700195
32937,16.174316
32938,16.479492
32939,16.784668
32940,15.869141
32941,17.39502
32942,17.700195
32943,17.39502
32944,17.39502
32945,16.479492
32946,16.174316
32947,16.784668
32948,17.39502
32949,17.089844
32950,16.479492
32951,17.089844
32952,15.869141
32953,17.089844
32954,16.479492
32955,16.784668
32956,16.784668
32957,16.784668
32958,17.089844
32959,16.479492
32960,17.089844
32961,18.310547
32962,17.700195
32963,16.784668
32964,16.174316
32965,17.089844
32966,17.39502
32967,18.920898
32968,17.39502
32969,16.174316
32970,17.39502
32971,17.089844
32972,17.700195
32973,17.089844
32974,16.784668
32975,17.39502
32976,16.479492
32977,16.784668
32978,16.784668
32979,16.784668
32980,17.700195
32981,16.479492
32982,16.784668
32983,17.089844
32984,17.39502
32985,16.174316
32986,17.089844
32987,17.39502
32988,16.479492
32989,18.310547
32990,17.39502
32991,16.479492
32992,17.089844
32993,17.089844
32994,17.39502
32995,16.174316
32996,17.089844
32997,17.39502
32998,16.784668
32999,17.39502
33000,17.39502
33001,16.784668
33002,16.174316
33003,17.39502
33004,17.089844
33005,16.479492
33006,17.39502
33007,17.700195
33008,16.479492
33009,16.174316
33010,16.479492
33011,17.089844
33012,17.700195
33013,17.089844
33014,17.089844
33015,16.784668
33016,17.089844
33017,17.089844
33018,17.39502
33019,16.479492
33020,16.784668
33021,16.784668
33022,16.784668
33023,16.479492
33024,16.479492
33025,16.784668
33026,17.089844
33027,16.784668
33028,17.089844
33029,17.39502
33030,16.784668
33031,17.39502
33032,17.700195
33033,17.700195
33034,17.39502
33035,17.700195
33036,17.700195
33037,16.174316
33038,16.479492
33039,16.784668
33040,16.479492
33041,17.089844
33042,16.479492
33043,15.869141
33044,16.479492
33045,16.784668
33046,16.479492
33047,17.39502
33048,16.784668
33049,16.784668
33050,17.089844
33051,15.563965
33052,17.089844
33053,17.700195
33054,17.089844
33055,17.39502
33056,16.479492
33057,16.479492
33058,17.39502
33059,16.174316
33060,17.089844
33061,16.784668
33062,16.784668
33063,17.089844
33064,16.784668
33065,16.479492
33066,16.174316
33067,17.089844
33068,17.089844
33069,17.39502
33070,17.700195
33071,17.700195
33072,17.089844
33073,16.479492
33074,17.39502
33075,17.39502
33076,16.174316
33077,17.089844
33078,17.089844
33079,16.784668
33080,17.089844
33081,17.39502
33082,16.784668
33083,17.089844
33084,17.089844
33085,17.089844
33086,16.784668
33087,16.784668
33088,16.174316
33089,17.089844
33090,17.089844
33091,16.174316
33092,17.089844
33093,16.479492
33094,17.39502
33095,17.089844
33096,17.39502
33097,16.784668
33098,16.479492
33099,17.089844
33100,17.089844
33101,16.174316
33102,16.479492
33103,17.700195
33104,17.089844
33105,17.089844
33106,17.089844
33107,16.479492
33108,17.700195
33109,17.089844
33110,16.784668
33111,16.784668
33112,16.784668
33113,16.784668
33114,17.39502
33115,16.479492
33116,17.39502
33117,17.089844
33118,17.39502
33119,17.089844
33120,17.39502
33121,16.479492
33122,15.258789
33123,17.39502
33124,16.479492
33125,17.700195
33126,16.174316
33127,16.479492
33128,16.784668
33129,16.479492
33130,16.784668
33131,16.784668
33132,16.174316
33133,17.089844
33134,17.089844
33135,17.700195
33136,17.700195
33137,17.089844
33138,16.174316
33139,16.174316
33140,16.784668
33141,17.089844
33142,16.784668
33143,16.784668
33144,17.089844
33145,17.39502
33146,16.784668
33147,15.563965
33148,17.089844
33149,17.39502
33150,16.784668
33151,16.784668
33152,16.174316
33153,17.089844
33154,17.39502
33155,16.479492
33156,16.174316
33157,16.479492
33158,16.784668
33159,17.39502
33160,16.479492
33161,17.089844
33162,16.479492
33163,16.784668
33164,16.479492
33165,17.089844
33166,17.700195
33167,16.784668
33168,16.479492
33169,16.479492
33170,17.700195
33171,16.784668
33172,17.089844
33173,16.784668
33174,15.563965
33175,15.869141
33176,17.089844
33177,17.700195
33178,17.39502
33179,15.869141
33180,16.174316
33181,16.784668
33182,17.089844
33183,17.39502
33184,17.089844
33185,17.39502
33186,16.784668
33187,16.174316
33188,16.479492
33189,16.784668
33190,17.700195
33191,17.089844
33192,17.700195
33193,16.479492
33194,16.784668
33195,16.479492
33196,16.784668
33197,16.174316
33198,16.784668
33199,17.39502
33200,16.784668
33201,17.089844
33202,16.784668
33203,16.784668
33204,17.089844
33205,17.39502
33206,17.39502
33207,16.784668
33208,16.479492
33209,16.784668
33210,16.784668
33211,15.258789
33212,17.089844
33213,16.784668
33214,16.784668
33215,17.700195
33216,17.39502
33217,17.089844
33218,17.39502
33219,16.174316
33220,17.39502
33221,17.089844
33222,17.700195
33223,17.089844
33224,16.479492
33225,16.174316
33226,17.089844
33227,17.39502
33228,16.479492
33229,16.479492
33230,17.089844
33231,16.784668
33232,16.784668
33233,16.479492
33234,17.089844
33235,18.005371
33236,16.784668
33237,15.563965
33238,16.784668
33239,17.39502
33240,18.005371
33241,17.089844
33242,16.479492
33243,16.479492
33244,17.39502
33245,17.700195
33246,16.479492
33247,16.174316
33248,17.700195
33249,17.089844
33250,16.479492
33251,16.784668
33252,16.784668
33253,16.784668
33254,17.700195
33255,17.089844
33256,16.479492
33257,17.089844
33258,17.089844
33259,17.39502
33260,16.784668
33261,16.479492
33262,17.089844
33263,16.479492
33264,17.089844
33265,16.784668
33266,17.089844
33267,17.089844
33268,16.784668
33269,16.479492
33270,16.479492
33271,17.39502
33272,17.39502
33273,16.479492
33274,16.784668
33275,15.869141
33276,17.089844
33277,16.784668
33278,17.089844
33279,16.479492
33280,16.784668
33281,17.089844
33282,17.39502
33283,17.089844
33284,17.089844
33285,16.479492
33286,16.784668
33287,16.479492
33288,17.089844
33289,18.005371
33290,17.700195
33291,16.784668
33292,15.869141
33293,17.39502
33294,17.089844
33295,16.479492
33296,16.784668
33297,15.869141
33298,16.784668
33299,17.089844
33300,16.174316
33301,16.174316
33302,16.479492
33303,16.784668
33304,16.479492
33305,17.089844
33306,15.869141
33307,17.39502
33308,17.700195
33309,17.089844
33310,17.700195
33311,16.784668
33312,16.784668
33313,17.089844
33314,16.174316
33315,17.39502
33316,17.700195
33317,16.784668
33318,16.784668
33319,16.784668
33320,17.089844
33321,17.089844
33322,17.089844
33323,17.39502
33324,16.174316
33325,16.784668
33326,16.784668
33327,16.479492
33328,17.089844
33329,17.089844
33330,17.089844
33331,16.784668
33332,16.784668
33333,16.479492
33334,16.479492
33335,17.39502
33336,18.005371
33337,16.479492
33338,16.174316
33339,16.479492
33340,17.39502
33341,16.784668
33342,17.39502
33343,15.869141
33344,16.784668
33345,17.39502
33346,16.174316
33347,17.089844
33348,17.39502
33349,16.479492
33350,16.784668
33351,16.174316
33352,17.089844
33353,17.089844
33354,16.479492
33355,17.089844
33356,16.784668
33357,16.784668
33358,17.089844
33359,16.784668
33360,16.784668
33361,17.089844
33362,16.784668
33363,16.479492
33364,16.784668
33365,17.700195
33366,16.784668
33367,17.089844
33368,17.39502
33369,16.784668
33370,16.479492
33371,16.784668
33372,17.700195
33373,17.39502
33374,16.174316
33375,16.174316
33376,18.005371
33377,17.089844
33378,16.174316
33379,16.784668
33380,16.784668
33381,16.784668
33382,17.089844
33383,17.089844
33384,18.005371
33385,17.39502
33386,16.784668
33387,16.784668
33388,16.784668
33389,17.39502
33390,17.089844
33391,16.784668
33392,17.089844
33393,17.089844
33394,17.089844
33395,17.39502
33396,17.089844
33397,16.784668
33398,17.089844
33399,16.479492
33400,17.39502
33401,17.089844
33402,17.39502
33403,16.784668
33404,16.784668
33405,16.784668
33406,17.39502
33407,17.089844
33408,18.005371
33409,17.089844
33410,17.089844
33411,16.784668
33412,17.089844
33413,17.089844
33414,17.089844
33415,17.089844
33416,16.479492
33417,16.784668
33418,17.39502
33419,16.784668
33420,16.174316
33421,16.784668
33422,17.39502
33423,17.089844
33424,16.479492
33425,17.089844
33426,17.39502
33427,17.089844
33428,16.784668
33429,16.784668
33430,16.479492
33431,17.089844
33432,17.39502
33433,16.479492
33434,17.089844
33435,17.39502
33436,17.089844
33437,16.479492
33438,17.39502
33439,17.089844
33440,16.479492
33441,16.174316
33442,16.784668
33443,16.784668
33444,17.089844
33445,16.479492
33446,16.784668
33447,17.089844
33448,17.089844
33449,15.869141
33450,17.39502
33451,16.784668
33452,16.784668
33453,17.089844
33454,16.784668
33455,17.089844
33456,17.089844
33457,17.089844
33458,17.089844
33459,17.089844
33460,17.089844
33461,16.479492
33462,17.39502
33463,17.39502
33464,17.089844
33465,16.784668
33466,16.479492
33467,17.39502
33468,17.089844
33469,17.700195
33470,17.089844
33471,16.784668
33472,17.089844
33473,16.784668
33474,15.869141
33475,17.089844
33476,16.784668
33477,17.39502
33478,17.089844
33479,17.700195
33480,17.39502
33481,16.479492
33482,17.39502
33483,17.089844
33484,16.479492
33485,17.089844
33486,17.089844
33487,17.089844
33488,17.089844
33489,16.784668
33490,17.089844
33491,17.700195
33492,17.089844
33493,17.089844
33494,16.479492
33495,17.089844
33496,17.089844
33497,17.700195
33498,16.479492
33499,16.784668
33500,16.784668
33501,17.089844
33502,15.869141
33503,17.089844
33504,17.089844
33505,16.174316
33506,16.784668
33507,17.089844
33508,16.174316
33509,16.174316
33510,17.700195
33511,16.784668
33512,16.479492
33513,16.174316
33514,17.089844
33515,17.39502
33516,16.174316
33517,16.479492
33518,17.089844
33519,17.089844
33520,16.479492
33521,16.784668
33522,16.784668
33523,16.479492
33524,17.089844
33525,17.700195
33526,17.089844
33527,16.479492
33528,16.784668
33529,16.479492
33530,16.784668
33531,17.089844
33532,17.39502
33533,16.784668
33534,17.39502
33535,16.784668
33536,17.39502
33537,16.479492
33538,16.784668
33539,17.39502
33540,16.784668
33541,17.39502
33542,17.089844
33543,16.479492
33544,16.784668
33545,17.700195
33546,17.39502
33547,17.39502
33548,16.479492
33549,17.089844
33550,17.39502
33551,17.700195
33552,17.089844
33553,16.784668
33554,16.784668
33555,17.39502
33556,18.005371
33557,17.089844
33558,17.089844
33559,16.174316
33560,16.784668
33561,16.174316
33562,16.479492
33563,16.479492
33564,18.005371
33565,16.174316
33566,16.479492
33567,16.479492
33568,17.089844
33569,16.479492
33570,17.089844
33571,17.39502
33572,17.39502
33573,16.784668
33574,17.39502
33575,16.784668
33576,16.784668
33577,17.700195
33578,17.39502
33579,17.700195
33580,16.479492
33581,16.479492
33582,16.784668
33583,16.784668
33584,16.479492
33585,17.089844
33586,16.784668
33587,17.089844
33588,16.784668
33589,16.174316
33590,16.479492
33591,16.784668
33592,16.479492
33593,17.089844
33594,15.869141
33595,16.784668
33596,17.089844
33597,16.784668
33598,16.174316
33599,17.089844
33600,16.784668
33601,17.089844
33602,16.784668
33603,16.784668
33604,17.39502
33605,17.39502
33606,17.700195
33607,16.479492
33608,16.784668
33609,17.089844
33610,16.784668
33611,17.089844
33612,16.784668
33613,17.700195
33614,17.39502
33615,16.174316
33616,16.479492
33617,17.089844
33618,17.39502
33619,16.479492
33620,16.479492
33621,17.089844
33622,16.174316
33623,17.089844
33624,16.479492
33625,16.784668
33626,17.089844
33627,18.005371
33628,17.39502
33629,16.174316
33630,16.479492
33631,17.089844
33632,16.784668
33633,17.089844
33634,17.089844
33635,17.089844
33636,16.784668
33637,17.39502
33638,17.700195
33639,16.784668
33640,17.089844
33641,17.089844
33642,17.089844
33643,16.479492
33644,16.479492
33645,17.39502
33646,17.39502
33647,16.784668
33648,16.479492
33649,17.089844
33650,17.39502
33651,17.089844
33652,17.39502
33653,16.479492
33654,17.089844
33655,17.39502
33656,17.39502
33657,17.089844
33658,16.479492
33659,17.700195
33660,18.005371
33661,16.784668
33662,17.39502
33663,17.089844
33664,17.089844
33665,16.479492
33666,16.784668
33667,16.784668
33668,16.479492
33669,16.784668
33670,17.089844
33671,16.784668
33672,16.174316
33673,16.174316
33674,17.39502
33675,17.089844
33676,16.479492
33677,17.089844
33678,16.174316
33679,16.479492
33680,17.39502
33681,16.784668
33682,16.784668
33683,17.39502
33684,17.089844
33685,17.700195
33686,16.479492
33687,16.784668
33688,17.39502
33689,17.089844
33690,17.089844
33691,17.39502
33692,17.089844
33693,16.174316
33694,16.479492
33695,15.869141
33696,17.089844
33697,16.479492
33698,17.089844
33699,16.784668
33700,17.089844
33701,16.784668
33702,17.39502
33703,17.089844
33704,16.479492
33705,18.005371
33706,16.784668
33707,17.39502
33708,17.089844
33709,16.174316
33710,17.089844
33711,16.784668
33712,16.784668
33713,17.089844
33714,16.479492
33715,17.089844
33716,17.089844
33717,16.174316
33718,17.39502
33719,16.174316
33720,16.784668
33721,16.479492
33722,16.479492
33723,17.089844
33724,16.784668
33725,17.089844
33726,17.089844
33727,17.089844
33728,16.174316
33729,17.39502
33730,17.39502
33731,17.089844
33732,17.700195
33733,17.700195
33734,16.784668
33735,17.089844
33736,17.089844
33737,16.784668
33738,17.089844
33739,17.089844
33740,17.39502
33741,17.089844
33742,17.39502
33743,17.39502
33744,17.39502
33745,17.089844
33746,17.089844
33747,17.089844
33748,16.174316
33749,16.479492
33750,17.089844
33751,16.479492
33752,16.174316
33753,15.869141
33754,17.089844
33755,17.39502
33756,16.784668
33757,16.784668
33758,17.089844
33759,16.174316
33760,15.563965
33761,16.784668
33762,15.869141
33763,17.089844
33764,17.700195
33765,15.563965
33766,16.784668
33767,16.784668
33768,17.39502
33769,16.784668
33770,17.39502
33771,17.089844
33772,17.089844
33773,16.784668
33774,17.089844
33775,17.700195
33776,17.39502
33777,17.39502
33778,16.479492
33779,18.005371
33780,17.700195
33781,17.089844
33782,17.39502
33783,17.700195
33784,17.089844
33785,17.089844
33786,16.784668
33787,17.089844
33788,16.479492
33789,17.700195
33790,16.479492
33791,17.089844
33792,17.089844
33793,16.174316
33794,16.784668
33795,15.869141
33796,16.479492
33797,18.005371
33798,16.784668
33799,16.784668
33800,17.39502
33801,16.479492
33802,16.174316
33803,15.563965
33804,16.784668
33805,17.39502
33806,17.39502
33807,16.174316
33808,16.479492
33809,17.089844
33810,16.174316
33811,16.479492
33812,17.39502
33813,17.39502
33814,18.005371
33815,16.479492
33816,17.700195
33817,17.39502
33818,16.479492
33819,17.089844
33820,17.39502
33821,16.784668
33822,17.089844
33823,16.784668
33824,17.089844
33825,16.479492
33826,17.089844
33827,17.089844
33828,16.784668
33829,17.089844
33830,16.784668
33831,18.005371
33832,16.784668
33833,16.784668
33834,16.479492
33835,16.479492
33836,17.089844
33837,16.784668
33838,16.784668
33839,17.39502
33840,16.479492
33841,16.784668
33842,16.479492
33843,16.479492
33844,16.479492
33845,17.089844
33846,17.39502
33847,16.479492
33848,16.784668
33849,16.174316
33850,16.479492
33851,17.089844
33852,16.174316
33853,16.784668
33854,17.39502
33855,17.700195
33856,16.784668
33857,16.784668
33858,16.784668
33859,17.089844
33860,16.174316
33861,16.479492
33862,16.479492
33863,17.39502
33864,16.479492
33865,16.784668
33866,16.784668
33867,16.479492
33868,17.089844
33869,17.39502
33870,17.700195
33871,16.174316
33872,17.39502
33873,16.784668
33874,16.784668
33875,17.089844
33876,16.479492
33877,15.869141
33878,16.479492
33879,16.479492
33880,16.784668
33881,16.479492
33882,16.784668
33883,16.784668
33884,16.784668
33885,16.479492
33886,17.39502
33887,17.700195
33888,16.784668
33889,16.784668
33890,16.784668
33891,16.479492
33892,17.700195
33893,17.089844
33894,16.784668
33895,17.39502
33896,17.089844
33897,17.089844
33898,16.784668
33899,16.174316
33900,17.39502
33901,17.089844
33902,17.089844
33903,17.089844
33904,17.39502
33905,17.700195
33906,16.784668
33907,16.479492
33908,17.700195
33909,17.39502
33910,17.089844
33911,17.089844
33912,17.39502
33913,17.089844
33914,16.479492
33915,17.089844
33916,17.39502
33917,17.089844
33918,17.089844
33919,17.700195
33920,16.174316
33921,16.174316
33922,17.700195
33923,17.089844
33924,17.39502
33925,16.479492
33926,17.089844
33927,16.174316
33928,17.39502
33929,17.089844
33930,17.700195
33931,16.174316
33932,16.479492
33933,17.39502
33934,16.174316
33935,17.089844
33936,17.089844
33937,17.089844
33938,16.784668
33939,16.479492
33940,16.784668
33941,16.784668
33942,17.700195
33943,18.005371
33944,17.089844
33945,16.784668
33946,16.784668
33947,17.700195
33948,16.784668
33949,16.479492
33950,16.479492
33951,16.784668
33952,17.39502
33953,17.700195
33954,16.784668
33955,16.174316
33956,16.479492
33957,17.089844
33958,16.174316
33959,17.089844
33960,16.479492
33961,17.700195
33962,17.089844
33963,15.869141
33964,16.784668
33965,17.089844
33966,16.784668
33967,16.784668
33968,17.089844
33969,17.700195
33970,16.479492
33971,16.784668
33972,17.39502
33973,17.39502
33974,17.700195
33975,17.089844
33976,16.479492
33977,16.174316
33978,17.089844
33979,17.39502
33980,16.784668
33981,17.089844
33982,16.784668
33983,16.479492
33984,17.39502
33985,17.39502
33986,17.39502
33987,17.700195
33988,17.39502
33989,16.784668
33990,16.784668
33991,17.39502
33992,17.39502
33993,17.089844
33994,16.174316
33995,16.174316
33996,17.089844
33997,17.700195
33998,16.784668
33999,16.784668
34000,18.005371
34001,17.700195
34002,16.174316
34003,17.089844
34004,16.784668
34005,17.089844
34006,17.39502
34007,16.784668
34008,16.784668
34009,17.089844
34010,17.700195
34011,16.174316
34012,17.39502
34013,16.479492
34014,17.39502
34015,17.700195
34016,16.784668
34017,17.39502
34018,16.784668
34019,16.479492
34020,16.784668
34021,15.258789
34022,17.089844
34023,17.39502
34024,17.089844
34025,16.784668
34026,16.784668
34027,16.479492
34028,17.39502
34029,16.784668
34030,16.784668
34031,17.39502
34032,17.39502
34033,17.089844
34034,17.39502
34035,17.089844
34036,16.174316
34037,17.700195
34038,16.479492
34039,16.479492
34040,16.479492
34041,17.39502
34042,17.089844
34043,16.479492
34044,14.953613
34045,16.479492
34046,17.089844
34047,16.784668
34048,17.39502
34049,17.39502
34050,17.39502
34051,17.089844
34052,17.39502
34053,17.39502
34054,17.39502
34055,16.479492
34056,17.39502
34057,16.784668
34058,17.39502
34059,16.784668
34060,16.479492
34061,16.479492
34062,17.39502
34063,16.479492
34064,17.700195
34065,17.39502
34066,16.784668
34067,17.089844
34068,16.784668
34069,16.479492
34070,16.784668
34071,16.479492
34072,17.089844
34073,16.784668
34074,17.39502
34075,17.39502
34076,16.784668
34077,17.089844
34078,17.700195
34079,17.089844
34080,16.784668
34081,16.784668
34082,16.174316
34083,16.784668
34084,16.784668
34085,16.174316
34086,16.784668
34087,17.700195
34088,16.479492
34089,16.784668
34090,17.089844
34091,17.39502
34092,16.784668
34093,17.39502
34094,17.089844
34095,17.39502
34096,17.089844
34097,17.39502
34098,16.784668
34099,16.784668
34100,16.479492
34101,17.39502
34102,16.784668
34103,17.089844
34104,16.479492
34105,17.39502
34106,17.700195
34107,17.39502
34108,16.784668
34109,16.784668
34110,17.39502
34111,17.089844
34112,17.700195
34113,16.784668
34114,15.563965
34115,17.39502
34116,17.39502
34117,16.784668
34118,17.39502
34119,17.39502
34120,17.089844
34121,17.089844
34122,16.479492
34123,17.089844
34124,17.089844
34125,17.089844
34126,16.784668
34127,15.869141
34128,17.39502
34129,18.005371
34130,16.784668
34131,17.089844
34132,16.479492
34133,17.089844
34134,16.784668
34135,16.479492
34136,17.089844
34137,17.089844
34138,17.089844
34139,16.479492
34140,17.089844
34141,16.479492
34142,17.700195
34143,16.784668
34144,15.869141
34145,17.089844
34146,17.39502
34147,17.089844
34148,17.39502
34149,17.700195
34150,16.784668
34151,16.784668
34152,17.39502
34153,17.39502
34154,17.700195
34155,15.869141
34156,16.174316
34157,16.784668
34158,16.784668
34159,16.174316
34160,17.089844
34161,17.089844
34162,17.089844
34163,16.479492
34164,15.869141
34165,16.784668
34166,17.39502
34167,17.39502
34168,16.479492
34169,16.479492
34170,17.089844
34171,16.784668
34172,15.869141
34173,17.700195
34174,16.784668
34175,16.784668
34176,17.089844
34177,18.005371
34178,17.39502
34179,17.089844
34180,16.784668
34181,16.784668
34182,17.39502
34183,16.174316
34184,17.089844
34185,17.700195
34186,17.39502
34187,16.479492
34188,17.39502
34189,17.089844
34190,16.174316
34191,17.089844
34192,17.39502
34193,14.953613
34194,17.39502
34195,17.39502
34196,16.479492
34197,16.784668
34198,17.39502
34199,17.089844
34200,16.784668
34201,17.089844
34202,17.39502
34203,16.479492
34204,16.479492
34205,16.784668
34206,16.479492
34207,16.479492
34208,16.784668
34209,16.784668
34210,16.479492
34211,16.174316
34212,17.39502
34213,16.174316
34214,16.784668
34215,16.784668
34216,17.089844
34217,17.39502
34218,16.784668
34219,17.089844
34220,17.089844
34221,17.089844
34222,15.563965
34223,17.089844
34224,16.784668
34225,17.089844
34226,16.479492
34227,18.005371
34228,17.089844
34229,16.784668
34230,16.479492
34231,16.479492
34232,17.089844
34233,17.39502
34234,17.089844
34235,16.784668
34236,17.089844
34237,16.784668
34238,17.089844
34239,16.174316
34240,17.089844
34241,17.700195
34242,17.089844
34243,16.479492
34244,16.479492
34245,16.784668
34246,16.784668
34247,16.784668
34248,17.089844
34249,16.174316
34250,15.869141
34251,17.39502
34252,16.479492
34253,16.784668
34254,17.089844
34255,16.479492
34256,17.700195
34257,17.39502
34258,17.089844
34259,16.784668
34260,18.310547
34261,16.784668
34262,16.784668
34263,17.39502
34264,17.089844
34265,16.784668
34266,16.784668
34267,17.39502
34268,16.784668
34269,18.615723
34270,16.479492
34271,16.479492
34272,17.089844
34273,17.700195
34274,16.784668
34275,17.39502
34276,17.39502
34277,16.174316
34278,16.479492
34279,16.784668
34280,17.39502
34281,17.089844
34282,16.479492
34283,17.39502
34284,16.784668
34285,17.089844
34286,16.174316
34287,17.700195
34288,16.784668
34289,16.174316
34290,17.39502
34291,16.479492
34292,16.784668
34293,18.005371
34294,17.39502
34295,16.784668
34296,16.784668
34297,17.089844
34298,18.005371
34299,16.479492
34300,17.39502
34301,16.784668
34302,17.089844
34303,16.174316
34304,17.39502
34305,17.700195
34306,16.174316
34307,17.089844
34308,17.089844
34309,17.39502
34310,17.089844
34311,16.174316
34312,17.089844
34313,17.39502
34314,16.174316
34315,18.005371
34316,16.784668
34317,15.869141
34318,18.005371
34319,16.784668
34320,17.089844
34321,16.784668
34322,16.784668
34323,18.005371
34324,16.174316
34325,17.39502
34326,16.784668
34327,16.479492
34328,17.39502
34329,16.784668
34330,17.39502
34331,15.563965
34332,16.784668
34333,16.784668
34334,17.089844
34335,17.089844
34336,16.479492
34337,17.089844
34338,17.700195
34339,16.784668
34340,17.089844
34341,16.784668
34342,15.869141
34343,17.089844
34344,16.784668
34345,17.089844
34346,17.700195
34347,16.784668
34348,16.784668
34349,17.39502
34350,16.479492
34351,17.700195
34352,17.089844
34353,17.089844
34354,18.005371
34355,17.39502
34356,16.784668
34357,18.005371
34358,16.784668
34359,16.479492
34360,16.784668
34361,17.39502
34362,16.174316
34363,17.39502
34364,17.089844
34365,17.700195
34366,17.39502
34367,16.174316
34368,16.784668
34369,17.39502
34370,17.089844
34371,17.39502
34372,18.005371
34373,16.174316
34374,16.784668
34375,17.089844
34376,17.089844
34377,16.479492
34378,17.089844
34379,17.39502
34380,16.784668
34381,17.39502
34382,16.784668
34383,16.784668
34384,17.089844
34385,17.089844
34386,16.784668
34387,17.39502
34388,17.089844
34389,17.39502
34390,16.784668
34391,16.174316
34392,17.089844
34393,16.784668
34394,16.784668
34395,17.089844
34396,17.089844
34397,17.089844
34398,16.479492
34399,16.784668
34400,16.479492
34401,17.39502
34402,17.700195
34403,17.089844
34404,16.174316
34405,17.089844
34406,17.39502
34407,16.784668
34408,16.174316
34409,16.479492
34410,17.089844
34411,17.39502
34412,16.479492
34413,15.869141
34414,16.784668
34415,17.700195
34416,16.784668
34417,17.089844
34418,17.089844
34419,16.479492
34420,16.784668
34421,17.089844
34422,17.089844
34423,16.479492
34424,16.784668
34425,17.089844
34426,16.479492
34427,16.784668
34428,17.089844
34429,16.784668
34430,17.089844
34431,16.784668
34432,17.39502
34433,16.784668
34434,16.479492
34435,17.700195
34436,17.39502
34437,17.39502
34438,17.089844
34439,17.39502
34440,17.089844
34441,16.479492
34442,16.479492
34443,17.089844
34444,16.479492
34445,17.39502
34446,16.784668
34447,17.089844
34448,17.089844
34449,17.39502
34450,16.174316
34451,17.39502
34452,16.479492
34453,17.39502
34454,16.479492
34455,16.784668
34456,16.784668
34457,17.39502
34458,16.479492
34459,16.479492
34460,16.784668
34461,17.089844
34462,16.479492
34463,17.089844
34464,17.39502
34465,16.784668
34466,16.479492
34467,16.784668
34468,18.310547
34469,16.784668
34470,17.39502
34471,16.784668
34472,16.479492
34473,16.479492
34474,18.005371
34475,17.089844
34476,16.784668
34477,17.39502
34478,16.784668
34479,16.784668
34480,17.089844
34481,16.784668
34482,17.089844
34483,16.174316
34484,16.174316
34485,17.39502
34486,16.479492
34487,17.39502
34488,16.784668
34489,17.089844
34490,16.784668
34491,16.174316
34492,17.089844
34493,17.39502
34494,17.089844
34495,16.479492
34496,16.479492
34497,16.784668
34498,17.089844
34499,16.174316
34500,16.784668
34501,16.784668
34502,17.089844
34503,15.869141
34504,16.479492
34505,17.089844
34506,17.089844
34507,16.784668
34508,16.784668
34509,17.089844
34510,17.39502
34511,17.39502
34512,16.479492
34513,17.700195
34514,17.089844
34515,17.39502
34516,16.784668
34517,17.39502
34518,17.39502
34519,17.700195
34520,17.39502
34521,17.39502
34522,16.174316
34523,16.174316
34524,17.39502
34525,17.089844
34526,17.39502
34527,17.089844
34528,15.869141
34529,16.784668
34530,17.089844
34531,17.089844
34532,16.479492
34533,17.700195
34534,16.784668
34535,16.784668
34536,17.089844
34537,16.479492
34538,16.784668
34539,17.089844
34540,16.479492
34541,16.784668
34542,16.784668
34543,17.089844
34544,18.005371
34545,17.089844
34546,17.39502
34547,16.479492
34548,17.39502
34549,17.700195
34550,17.089844
34551,17.700195
34552,17.089844
34553,17.089844
34554,17.089844
34555,18.310547
34556,16.784668
34557,17.700195
34558,17.700195
34559,15.869141
34560,17.089844
34561,17.700195
34562,16.784668
34563,17.39502
34564,15.563965
34565,16.479492
34566,16.174316
34567,16.784668
34568,16.479492
34569,16.479492
34570,17.089844
34571,16.784668
34572,16.784668
34573,16.479492
34574,18.005371
34575,17.700195
34576,17.39502
34577,17.089844
34578,16.784668
34579,17.39502
34580,16.784668
34581,17.700195
34582,18.310547
34583,16.479492
34584,16.784668
34585,17.39502
34586,16.784668
34587,16.784668
34588,17.39502
34589,17.089844
34590,16.784668
34591,16.784668
34592,16.784668
34593,17.39502
34594,17.39502
34595,16.784668
34596,17.39502
34597,17.39502
34598,17.089844
34599,17.089844
34600,17.089844
34601,17.089844
34602,17.089844
34603,16.479492
34604,16.174316
34605,17.39502
34606,17.39502
34607,16.479492
34608,16.479492
34609,16.479492
34610,16.784668
34611,16.784668
34612,17.700195
34613,16.784668
34614,17.700195
34615,16.784668
34616,17.089844
34617,17.089844
34618,17.089844
34619,17.089844
34620,17.39502
34621,16.479492
34622,17.39502
34623,16.479492
34624,16.479492
34625,16.784668
34626,17.39502
34627,16.784668
34628,17.089844
34629,17.089844
34630,16.479492
34631,16.784668
34632,16.784668
34633,17.089844
34634,16.784668
34635,17.39502
34636,17.39502
34637,16.479492
34638,17.089844
34639,17.39502
34640,16.174316
34641,16.479492
34642,16.479492
34643,17.089844
34644,16.784668
34645,16.784668
34646,17.700195
34647,17.089844
34648,17.39502
34649,16.784668
34650,17.089844
34651,16.174316
34652,16.174316
34653,16.784668
34654,16.784668
34655,17.700195
34656,18.310547
34657,17.700195
34658,16.479492
34659,16.784668
34660,16.784668
34661,16.784668
34662,17.39502
34663,17.39502
34664,16.784668
34665,16.479492
34666,17.089844
34667,17.39502
34668,17.089844
34669,17.700195
34670,17.089844
34671,16.784668
34672,15.563965
34673,15.869141
34674,16.479492
34675,16.784668
34676,16.784668
34677,16.784668
34678,15.563965
34679,16.174316
34680,17.089844
34681,17.39502
34682,18.005371
34683,18.005371
34684,18.615723
34685,18.615723
34686,18.005371
34687,17.39502
34688,17.39502
34689,17.700195
34690,15.563965
34691,16.479492
34692,15.258789
34693,16.174316
34694,16.174316
34695,16.479492
34696,15.869141
34697,16.479492
34698,16.784668
34699,16.784668
34700,16.784668
34701,18.005371
34702,18.310547
34703,17.39502
34704,17.700195
34705,17.089844
34706,16.784668
34707,17.089844
34708,16.784668
34709,17.39502
34710,17.700195
34711,17.089844
34712,17.39502
34713,17.700195
34714,16.174316
34715,16.479492
34716,17.089844
34717,17.39502
34718,16.784668
34719,17.089844
34720,16.479492
34721,16.479492
34722,17.089844
34723,17.089844
34724,16.479492
34725,16.784668
34726,17.39502
34727,17.089844
34728,17.089844
34729,16.784668
34730,17.700195
34731,17.089844
34732,16.784668
34733,16.784668
34734,17.089844
34735,16.174316
34736,17.39502
34737,16.479492
34738,16.784668
34739,15.869141
34740,16.479492
34741,16.784668
34742,17.089844
34743,17.39502
34744,17.089844
34745,16.479492
34746,16.784668
34747,17.089844
34748,16.784668
34749,16.784668
34750,17.700195
34751,17.39502
34752,17.39502
34753,16.784668
34754,17.700195
34755,17.089844
34756,16.784668
34757,15.869141
34758,16.479492
34759,16.479492
34760,16.784668
34761,16.784668
34762,15.869141
34763,17.089844
34764,16.479492
34765,16.784668
34766,17.39502
34767,17.39502
34768,16.784668
34769,17.39502
34770,16.174316
34771,16.784668
34772,17.089844
34773,17.089844
34774,16.479492
34775,17.39502
34776,16.174316
34777,17.089844
34778,16.479492
34779,17.089844
34780,17.39502
34781,17.089844
34782,16.479492
34783,16.784668
34784,17.089844
34785,16.784668
34786,16.784668
34787,16.479492
34788,17.089844
34789,17.089844
34790,16.784668
34791,17.39502
34792,17.089844
34793,17.39502
34794,16.784668
34795,17.089844
34796,17.089844
34797,18.005371
34798,17.089844
34799,17.700195
34800,17.700195
34801,16.784668
34802,16.784668
34803,16.479492
34804,16.784668
34805,16.784668
34806,16.479492
34807,17.39502
34808,16.784668
34809,15.869141
34810,17.089844
34811,17.089844
34812,16.479492
34813,16.784668
34814,17.089844
34815,16.784668
34816,17.39502
34817,17.39502
34818,17.39502
34819,16.784668
34820,16.479492
34821,17.089844
34822,17.700195
34823,16.784668
34824,16.479492
34825,17.700195
34826,17.089844
34827,16.174316
34828,16.479492
34829,16.784668
34830,18.005371
34831,16.784668
34832,17.089844
34833,16.784668
34834,17.089844
34835,16.174316
34836,16.784668
34837,16.479492
34838,16.479492
34839,17.39502
34840,17.39502
34841,16.784668
34842,17.089844
34843,16.479492
34844,17.39502
34845,16.174316
34846,16.479492
34847,17.39502
34848,16.479492
34849,17.089844
34850,16.479492
34851,16.784668
34852,16.174316
34853,18.005371
34854,17.089844
34855,16.784668
34856,17.089844
34857,16.784668
34858,17.39502
34859,18.005371
34860,16.174316
34861,17.39502
34862,16.784668
34863,16.784668
34864,16.784668
34865,16.784668
34866,17.39502
34867,17.39502
34868,16.784668
34869,17.089844
34870,15.563965
34871,17.700195
34872,17.089844
34873,15.869141
34874,17.39502
34875,17.39502
34876,16.784668
34877,16.784668
34878,16.784668
34879,16.784668
34880,16.784668
34881,17.089844
34882,16.479492
34883,17.089844
34884,16.784668
34885,16.479492
34886,17.089844
34887,16.174316
34888,16.784668
34889,17.089844
34890,17.089844
34891,17.39502
34892,16.784668
34893,17.089844
34894,16.479492
34895,17.39502
34896,16.174316
34897,17.39502
34898,17.39502
34899,17.39502
34900,16.479492
34901,16.784668
34902,17.089844
34903,17.089844
34904,17.39502
34905,17.39502
34906,16.784668
34907,16.784668
34908,17.39502
34909,16.784668
34910,17.39502
34911,17.700195
34912,16.479492
34913,16.479492
34914,17.39502
34915,17.089844
34916,17.089844
34917,18.005371
34918,16.479492
34919,17.39502
34920,16.479492
34921,17.089844
34922,17.39502
34923,17.089844
34924,17.089844
34925,17.089844
34926,16.784668
34927,17.089844
34928,17.089844
34929,17.39502
34930,16.479492
34931,17.089844
34932,16.479492
34933,16.479492
34934,16.784668
34935,17.700195
34936,18.005371
34937,16.174316
34938,16.784668
34939,17.39502
34940,17.39502
34941,16.174316
34942,16.174316
34943,17.700195
34944,16.784668
34945,16.784668
34946,17.089844
34947,17.089844
34948,16.479492
34949,16.784668
34950,16.784668
34951,17.700195
34952,16.174316
34953,17.700195
34954,17.089844
34955,16.784668
34956,16.784668
34957,16.784668
34958,16.784668
34959,17.39502
34960,16.784668
34961,17.39502
34962,17.089844
34963,16.784668
34964,17.089844
34965,17.700195
34966,16.479492
34967,17.089844
34968,17.700195
34969,16.479492
34970,17.39502
34971,17.700195
34972,17.39502
34973,16.479492
34974,16.479492
34975,17.39502
34976,17.089844
34977,16.784668
34978,17.700195
34979,17.39502
34980,17.089844
34981,16.174316
34982,16.479492
34983,17.089844
34984,16.479492
34985,17.39502
34986,17.39502
34987,16.479492
34988,16.174316
34989,17.089844
34990,16.479492
34991,15.869141
34992,17.089844
34993,16.784668
34994,17.39502
34995,16.784668
34996,17.089844
34997,16.784668
34998,16.784668
34999,16.784668
35000,16.479492
35001,17.700195
35002,17.089844
35003,17.089844
35004,17.700195
35005,16.784668
35006,16.174316
35007,17.089844
35008,16.784668
35009,17.39502
35010,16.784668
35011,17.39502
35012,16.479492
35013,16.174316
35014,17.089844
35015,16.784668
35016,17.39502
35017,16.784668
35018,16.479492
35019,16.174316
35020,17.089844
35021,17.089844
35022,17.089844
35023,15.258789
35024,16.784668
35025,16.784668
35026,16.174316
35027,17.39502
35028,17.089844
35029,16.479492
35030,16.784668
35031,17.39502
35032,14.953613
35033,16.784668
35034,16.479492
35035,16.784668
35036,16.784668
35037,16.479492
35038,17.089844
35039,17.700195
35040,16.479492
35041,16.174316
35042,18.310547
35043,16.479492
35044,17.089844
35045,17.39502
35046,17.39502
35047,16.479492
35048,16.479492
35049,17.089844
35050,17.089844
35051,17.089844
35052,16.784668
35053,17.39502
35054,17.089844
35055,16.479492
35056,16.784668
35057,17.089844
35058,17.700195
35059,17.39502
35060,16.174316
35061,16.784668
35062,16.479492
35063,16.479492
35064,16.784668
35065,18.615723
35066,17.39502
35067,18.005371
35068,16.174316
35069,16.174316
35070,16.784668
35071,17.089844
35072,18.005371
35073,17.700195
35074,17.39502
35075,17.700195
35076,17.089844
35077,16.784668
35078,17.39502
35079,16.479492
35080,16.479492
35081,16.784668
35082,16.784668
35083,17.089844
35084,17.089844
35085,17.39502
35086,16.174316
35087,16.479492
35088,17.089844
35089,16.479492
35090,17.089844
35091,17.089844
35092,17.39502
35093,16.784668
35094,16.784668
35095,17.089844
35096,16.784668
35097,16.174316
35098,17.39502
35099,16.784668
35100,16.784668
35101,16.784668
35102,16.784668
35103,16.784668
35104,17.089844
35105,15.563965
35106,16.784668
35107,17.39502
35108,17.089844
35109,16.784668
35110,16.479492
35111,16.479492
35112,17.089844
35113,16.784668
35114,17.089844
35115,17.39502
35116,16.479492
35117,17.39502
35118,16.784668
35119,17.089844
35120,17.089844
35121,17.700195
35122,17.089844
35123,17.39502
35124,16.784668
35125,18.310547
35126,17.089844
35127,17.39502
35128,16.784668
35129,16.784668
35130,17.700195
35131,16.784668
35132,16.479492
35133,17.089844
35134,16.784668
35135,17.700195
35136,15.869141
35137,16.784668
35138,17.089844
35139,17.089844
35140,17.089844
35141,16.174316
35142,16.479492
35143,17.089844
35144,17.700195
35145,17.089844
35146,16.784668
35147,16.174316
35148,17.089844
35149,16.174316
35150,16.479492
35151,16.784668
35152,17.089844
35153,17.089844
35154,16.784668
35155,16.784668
35156,17.700195
35157,17.39502
35158,17.39502
35159,16.784668
35160,16.479492
35161,16.479492
35162,17.39502
35163,16.479492
35164,16.479492
35165,16.479492
35166,17.39502
35167,16.479492
35168,17.089844
35169,16.479492
35170,17.700195
35171,17.700195
35172,16.784668
35173,17.39502
35174,16.784668
35175,17.089844
35176,17.089844
35177,16.479492
35178,16.174316
35179,17.089844
35180,17.39502
35181,17.39502
35182,16.479492
35183,17.39502
35184,17.089844
35185,16.479492
35186,15.869141
35187,16.479492
35188,16.479492
35189,16.174316
35190,17.39502
35191,17.39502
35192,16.174316
35193,16.784668
35194,16.784668
35195,17.39502
35196,16.479492
35197,16.479492
35198,16.784668
35199,17.089844
35200,18.310547
35201,17.39502
35202,16.784668
35203,17.089844
35204,17.39502
35205,17.39502
35206,16.784668
35207,16.479492
35208,15.869141
35209,17.39502
35210,17.39502
35211,17.089844
35212,17.089844
35213,17.700195
35214,16.784668
35215,16.479492
35216,16.784668
35217,17.39502
35218,17.089844
35219,17.089844
35220,17.39502
35221,17.39502
35222,16.479492
35223,16.479492
35224,16.784668
35225,17.089844
35226,16.784668
35227,16.479492
35228,17.700195
35229,15.563965
35230,15.869141
35231,17.089844
35232,17.39502
35233,16.174316
35234,16.174316
35235,16.479492
35236,16.174316
35237,16.479492
35238,16.784668
35239,17.39502
35240,16.784668
35241,17.089844
35242,16.174316
35243,16.784668
35244,17.700195
35245,17.089844
35246,17.700195
35247,16.784668
35248,16.784668
35249,17.089844
35250,17.39502
35251,17.089844
35252,17.089844
35253,17.089844
35254,16.784668
35255,17.089844
35256,17.089844
35257,17.700195
35258,15.869141
35259,17.39502
35260,16.479492
35261,16.479492
35262,16.479492
35263,17.089844
35264,17.089844
35265,16.174316
35266,16.784668
35267,17.39502
35268,16.784668
35269,17.089844
35270,16.479492
35271,16.784668
35272,16.784668
35273,16.479492
35274,16.479492
35275,16.784668
35276,16.784668
35277,16.479492
35278,16.479492
35279,16.174316
35280,16.784668
35281,16.174316
35282,17.089844
35283,17.39502
35284,17.39502
35285,16.784668
35286,18.005371
35287,17.089844
35288,16.479492
35289,16.479492
35290,17.39502
35291,16.479492
35292,17.089844
35293,16.479492
35294,17.700195
35295,17.39502
35296,16.784668
35297,16.174316
35298,16.174316
35299,17.39502
35300,17.089844
35301,17.39502
35302,17.089844
35303,16.784668
35304,17.089844
35305,16.174316
35306,16.174316
35307,17.700195
35308,18.005371
35309,17.089844
35310,16.784668
35311,16.479492
35312,16.784668
35313,16.479492
35314,16.784668
35315,17.089844
35316,15.869141
35317,16.479492
35318,18.005371
35319,17.089844
35320,17.089844
35321,17.089844
35322,17.089844
35323,17.700195
35324,16.784668
35325,17.39502
35326,16.784668
35327,17.700195
35328,16.784668
35329,17.39502
35330,17.089844
35331,17.700195
35332,16.784668
35333,16.784668
35334,16.174316
35335,16.479492
35336,17.089844
35337,17.089844
35338,17.089844
35339,16.784668
35340,17.39502
35341,17.39502
35342,16.174316
35343,17.089844
35344,17.089844
35345,17.089844
35346,17.39502
35347,16.174316
35348,17.39502
35349,16.784668
35350,17.39502
35351,16.784668
35352,16.479492
35353,17.089844
35354,16.784668
35355,17.39502
35356,17.39502
35357,17.089844
35358,16.784668
35359,16.174316
35360,17.39502
35361,16.784668
35362,16.784668
35363,17.39502
35364,16.479492
35365,17.700195
35366,15.869141
35367,16.479492
35368,17.089844
35369,16.479492
35370,16.479492
35371,17.700195
35372,16.174316
35373,16.784668
35374,18.310547
35375,16.784668
35376,16.479492
35377,16.784668
35378,16.479492
35379,17.39502
35380,16.174316
35381,17.39502
35382,17.089844
35383,17.700195
35384,17.39502
35385,17.089844
35386,16.479492
35387,16.784668
35388,16.174316
35389,17.39502
35390,17.089844
35391,15.869141
35392,16.479492
35393,16.479492
35394,16.784668
35395,16.784668
35396,16.784668
35397,16.174316
35398,17.089844
35399,17.39502
35400,17.089844
35401,17.089844
35402,16.174316
35403,16.784668
35404,17.700195
35405,16.479492
35406,16.784668
35407,17.39502
35408,16.784668
35409,16.479492
35410,17.089844
35411,16.784668
35412,16.784668
35413,17.39502
35414,17.700195
35415,17.39502
35416,16.784668
35417,17.39502
35418,17.700195
35419,17.700195
35420,17.089844
35421,16.784668
35422,17.089844
35423,17.39502
35424,16.479492
35425,17.089844
35426,17.089844
35427,17.700195
35428,16.479492
35429,16.784668
35430,17.39502
35431,17.089844
35432,17.089844
35433,16.784668
35434,16.479492
35435,17.39502
35436,17.089844
35437,16.479492
35438,17.089844
35439,16.784668
35440,17.089844
35441,16.174316
35442,16.479492
35443,17.700195
35444,16.784668
35445,17.39502
35446,16.784668
35447,17.089844
35448,16.479492
35449,17.700195
35450,17.089844
35451,16.784668
35452,17.700195
35453,17.089844
35454,16.479492
35455,17.700195
35456,16.174316
35457,17.089844
35458,16.174316
35459,16.174316
35460,17.089844
35461,16.479492
35462,17.089844
35463,17.089844
35464,16.784668
35465,16.784668
35466,16.174316
35467,17.700195
35468,17.089844
35469,16.479492
35470,17.089844
35471,17.089844
35472,17.089844
35473,16.479492
35474,16.784668
35475,16.479492
35476,16.174316
35477,16.479492
35478,17.39502
35479,16.479492
35480,16.784668
35481,17.089844
35482,16.784668
35483,16.784668
35484,16.174316
35485,17.089844
35486,17.700195
35487,15.563965
35488,16.784668
35489,17.089844
35490,16.479492
35491,17.089844
35492,16.479492
35493,17.089844
35494,17.089844
35495,16.784668
35496,15.869141
35497,17.089844
35498,16.784668
35499,17.700195
35500,17.089844
35501,17.089844
35502,17.089844
35503,17.39502
35504,16.784668
35505,16.479492
35506,16.784668
35507,16.784668
35508,16.479492
35509,17.089844
35510,17.39502
35511,16.784668
35512,17.39502
35513,18.005371
35514,17.089844
35515,16.174316
35516,15.869141
35517,16.784668
35518,17.089844
35519,16.784668
35520,16.784668
35521,16.479492
35522,17.089844
35523,16.784668
35524,16.784668
35525,16.479492
35526,16.174316
35527,17.089844
35528,16.784668
35529,16.784668
35530,16.479492
35531,17.39502
35532,17.089844
35533,15.869141
35534,16.784668
35535,17.39502
35536,16.784668
35537,16.784668
35538,16.479492
35539,16.479492
35540,16.784668
35541,16.784668
35542,16.479492
35543,16.784668
35544,16.174316
35545,16.479492
35546,17.089844
35547,16.784668
35548,16.174316
35549,17.089844
35550,16.784668
35551,17.39502
35552,17.089844
35553,17.39502
35554,16.479492
35555,17.089844
35556,16.479492
35557,16.784668
35558,16.479492
35559,17.089844
35560,17.39502
35561,16.784668
35562,16.479492
35563,16.174316
35564,16.479492
35565,16.784668
35566,17.089844
35567,16.784668
35568,17.089844
35569,15.258789
35570,16.174316
35571,17.089844
35572,16.174316
35573,17.089844
35574,17.700195
35575,16.479492
35576,17.089844
35577,17.089844
35578,16.784668
35579,15.869141
35580,16.784668
35581,17.700195
35582,17.39502
35583,17.089844
35584,17.700195
35585,18.005371
35586,17.700195
35587,17.089844
35588,17.089844
35589,17.089844
35590,17.700195
35591,17.39502
35592,16.784668
35593,16.784668
35594,17.089844
35595,16.479492
35596,16.479492
35597,16.784668
35598,17.089844
35599,18.005371
35600,17.089844
35601,17.39502
35602,18.005371
35603,15.869141
35604,18.310547
35605,16.479492
35606,16.784668
35607,16.479492
35608,16.784668
35609,17.089844
35610,17.089844
35611,17.700195
35612,16.784668
35613,16.784668
35614,17.089844
35615,16.479492
35616,17.089844
35617,16.784668
35618,17.39502
35619,17.39502
35620,16.479492
35621,16.479492
35622,16.479492
35623,16.174316
35624,16.784668
35625,17.089844
35626,15.258789
35627,17.089844
35628,17.39502
35629,16.174316
35630,16.784668
35631,16.784668
35632,16.784668
35633,16.784668
35634,16.479492
35635,17.089844
35636,16.479492
35637,16.479492
35638,16.784668
35639,16.174316
35640,16.784668
35641,17.089844
35642,17.39502
35643,15.869141
35644,16.479492
35645,16.479492
35646,16.784668
35647,17.700195
35648,17.089844
35649,17.089844
35650,17.39502
35651,16.479492
35652,17.089844
35653,17.089844
35654,16.784668
35655,17.39502
35656,17.089844
35657,16.784668
35658,17.089844
35659,16.479492
35660,17.39502
35661,18.310547
35662,17.39502
35663,17.089844
35664,17.089844
35665,17.089844
35666,17.089844
35667,17.39502
35668,16.784668
35669,16.479492
35670,17.089844
35671,16.784668
35672,16.784668
35673,18.920898
35674,17.089844
35675,15.869141
35676,16.479492
35677,18.005371
35678,17.089844
35679,17.089844
35680,16.479492
35681,17.39502
35682,16.784668
35683,16.479492
35684,16.784668
35685,16.174316
35686,16.784668
35687,17.39502
35688,17.39502
35689,15.869141
35690,16.784668
35691,16.784668
35692,17.39502
35693,16.784668
35694,16.479492
35695,16.174316
35696,17.089844
35697,17.700195
35698,17.700195
35699,17.089844
35700,16.784668
35701,16.784668
35702,17.089844
35703,16.784668
35704,17.39502
35705,18.005371
35706,18.005371
35707,15.258789
35708,16.479492
35709,17.39502
35710,16.784668
35711,16.479492
35712,16.784668
35713,17.089844
35714,17.700195
35715,16.479492
35716,17.089844
35717,16.174316
35718,17.089844
35719,16.479492
35720,17.39502
35721,16.479492
35722,16.784668
35723,17.089844
35724,17.089844
35725,16.174316
35726,16.479492
35727,17.089844
35728,16.784668
35729,17.700195
35730,17.39502
35731,18.005371
35732,16.784668
35733,17.39502
35734,16.174316
35735,16.479492
35736,17.700195
35737,17.089844
35738,16.784668
35739,17.089844
35740,17.089844
35741,17.39502
35742,16.784668
35743,16.174316
35744,17.089844
35745,17.39502
35746,17.089844
35747,17.089844
35748,16.479492
35749,16.479492
35750,16.479492
35751,17.089844
35752,15.869141
35753,16.479492
35754,17.39502
35755,16.479492
35756,16.784668
35757,16.174316
35758,16.479492
35759,16.479492
35760,17.089844
35761,17.089844
35762,16.174316
35763,16.479492
35764,16.479492
35765,16.784668
35766,16.784668
35767,16.784668
35768,18.310547
35769,17.700195
35770,16.479492
35771,16.479492
35772,16.784668
35773,17.700195
35774,17.089844
35775,17.089844
35776,17.700195
35777,17.39502
35778,17.700195
35779,17.39502
35780,17.39502
35781,15.869141
35782,17.089844
35783,17.39502
35784,17.39502
35785,17.089844
35786,17.39502
35787,17.39502
35788,17.089844
35789,16.479492
35790,17.39502
35791,17.089844
35792,16.784668
35793,16.174316
35794,17.089844
35795,16.174316
35796,17.39502
35797,17.39502
35798,15.258789
35799,17.089844
35800,16.479492
35801,17.39502
35802,17.089844
35803,16.784668
35804,16.784668
35805,17.089844
35806,16.479492
35807,16.784668
35808,17.39502
35809,17.089844
35810,17.089844
35811,16.784668
35812,17.089844
35813,17.089844
35814,17.089844
35815,17.089844
35816,17.089844
35817,17.089844
35818,17.089844
35819,17.089844
35820,16.784668
35821,16.174316
35822,17.089844
35823,17.700195
35824,17.089844
35825,16.784668
35826,17.700195
35827,17.39502
35828,15.563965
35829,17.089844
35830,17.39502
35831,17.089844
35832,17.089844
35833,17.39502
35834,17.089844
35835,16.784668
35836,17.39502
35837,17.089844
35838,16.784668
35839,16.174316
35840,17.089844
35841,15.869141
35842,17.089844
35843,16.784668
35844,16.174316
35845,16.784668
35846,16.479492
35847,17.089844
35848,16.479492
35849,15.563965
35850,17.39502
35851,16.784668
35852,17.700195
35853,17.089844
35854,15.869141
35855,17.089844
35856,17.700195
35857,16.784668
35858,17.39502
35859,17.39502
35860,17.700195
35861,16.479492
35862,16.479492
35863,17.089844
35864,16.784668
35865,16.479492
35866,16.479492
35867,17.700195
35868,17.089844
35869,17.39502
35870,16.784668
35871,16.784668
35872,17.700195
35873,17.39502
35874,16.479492
35875,17.39502
35876,17.39502
35877,17.089844
35878,16.784668
35879,16.784668
35880,16.479492
35881,16.784668
35882,17.089844
35883,17.089844
35884,17.089844
35885,17.39502
35886,16.784668
35887,16.784668
35888,16.479492
35889,17.39502
35890,16.479492
35891,17.39502
35892,16.479492
35893,16.479492
35894,16.784668
35895,17.089844
35896,17.700195
35897,17.089844
35898,17.089844
35899,16.784668
35900,16.784668
35901,16.479492
35902,17.39502
35903,16.784668
35904,16.479492
35905,16.479492
35906,16.784668
35907,16.784668
35908,18.005371
35909,15.563965
35910,16.784668
35911,16.784668
35912,15.869141
35913,17.39502
35914,18.310547
35915,16.479492
35916,16.479492
35917,17.39502
35918,16.479492
35919,17.39502
35920,15.869141
35921,16.784668
35922,17.39502
35923,16.784668
35924,17.39502
35925,15.563965
35926,16.784668
35927,16.479492
35928,17.089844
35929,17.089844
35930,16.174316
35931,17.089844
35932,16.784668
35933,17.089844
35934,17.089844
35935,17.700195
35936,16.784668
35937,17.089844
35938,15.869141
35939,17.39502
35940,16.784668
35941,17.089844
35942,16.784668
35943,16.479492
35944,17.089844
35945,16.479492
35946,16.784668
35947,17.39502
35948,17.39502
35949,16.784668
35950,17.700195
35951,16.784668
35952,16.174316
35953,16.479492
35954,16.784668
35955,16.479492
35956,17.700195
35957,16.784668
35958,17.089844
35959,16.784668
35960,16.784668
35961,16.784668
35962,16.479492
35963,17.089844
