,Vm1 (mV)
0,0.12207031
1,0.2746582
2,0.15258789
3,0.12207031
4,0.030517578
5,0.061035156
6,0.030517578
7,0.030517578
8,0.030517578
9,0.091552734
10,0.091552734
11,0.12207031
12,0.15258789
13,-0.091552734
14,0.12207031
15,0.091552734
16,0.061035156
17,0.15258789
18,-0.21362305
19,0.15258789
20,-0.030517578
21,0.091552734
22,-0.030517578
23,-0.091552734
24,0.15258789
25,-0.061035156
26,0.030517578
27,0.061035156
28,-0.030517578
29,0.061035156
30,0.061035156
31,0.091552734
32,0.15258789
33,0.12207031
34,0.061035156
35,0.061035156
36,0.091552734
37,0.091552734
38,-0.030517578
39,-0.030517578
40,0.24414062
41,0.18310547
42,0.12207031
43,0.030517578
44,0.061035156
45,-0.030517578
46,-0.030517578
47,-0.091552734
48,-0.030517578
49,0.030517578
50,0.061035156
51,0.061035156
52,0.39672852
53,0.4272461
54,0.21362305
55,0.061035156
56,0.030517578
57,0.45776367
58,0.15258789
59,0.030517578
60,-0.030517578
61,0.15258789
62,0.061035156
63,0.24414062
64,0.21362305
65,0.15258789
66,0.15258789
67,0.18310547
68,0.21362305
69,0.24414062
70,0.030517578
71,0.24414062
72,-0.061035156
73,-0.030517578
74,0.2746582
75,0.45776367
76,0.091552734
77,0.030517578
78,-0.061035156
79,0.15258789
80,0.12207031
81,0.061035156
82,-0.030517578
83,0.030517578
84,-0.061035156
85,0.24414062
86,-0.030517578
87,0.24414062
88,0.061035156
89,-0.061035156
90,0.061035156
91,-0.030517578
92,0.12207031
93,0.15258789
94,0.091552734
95,-0.030517578
96,0.030517578
97,0.18310547
98,0.030517578
99,0.061035156
100,0.030517578
101,-0.091552734
102,0.2746582
103,0.091552734
104,0.18310547
105,0.061035156
106,0.061035156
107,0.24414062
108,0.030517578
109,0.061035156
110,-0.030517578
111,0.091552734
112,0.030517578
113,0.030517578
114,-0.030517578
115,-0.24414062
116,0.030517578
117,0.061035156
118,0.12207031
119,0.39672852
120,0.091552734
121,0.091552734
122,0.091552734
123,0.061035156
124,-0.030517578
125,0.15258789
126,0.24414062
127,0.091552734
128,-0.091552734
129,-0.030517578
130,-0.061035156
131,-0.030517578
132,0.061035156
133,-0.030517578
134,0.091552734
135,0.030517578
136,0.061035156
137,-0.24414062
138,0.15258789
139,-0.030517578
140,0.030517578
141,0.18310547
142,-0.030517578
143,-0.091552734
144,0.2746582
145,0.091552734
146,0.39672852
147,-0.061035156
148,0.21362305
149,0.091552734
150,0.030517578
151,0.030517578
152,0.091552734
153,0.12207031
154,0.030517578
155,-0.061035156
156,0.030517578
157,0.061035156
158,0.030517578
159,-0.21362305
160,-0.15258789
161,0.21362305
162,0.12207031
163,0.030517578
164,0.061035156
165,0.030517578
166,0.030517578
167,-0.030517578
168,0.030517578
169,-0.030517578
170,0.091552734
171,0.12207031
172,0.21362305
173,0.2746582
174,0.091552734
175,0.091552734
176,0.030517578
177,0.091552734
178,0.12207031
179,0.030517578
180,0.061035156
181,-0.030517578
182,-0.15258789
183,-0.15258789
184,0.12207031
185,0.061035156
186,0.091552734
187,0.18310547
188,0.18310547
189,-0.061035156
190,-0.030517578
191,-0.030517578
192,0.091552734
193,0.091552734
194,0.030517578
195,0.061035156
196,0.030517578
197,0.12207031
198,-0.061035156
199,-0.091552734
200,-0.030517578
201,0.39672852
202,0.18310547
203,0.12207031
204,0.091552734
205,0.12207031
206,0.061035156
207,0.12207031
208,0.12207031
209,0.12207031
210,0.091552734
211,0.18310547
212,-0.030517578
213,-0.030517578
214,-0.18310547
215,0.30517578
216,0.091552734
217,0.061035156
218,0.15258789
219,0.33569336
220,0.15258789
221,0.091552734
222,0.061035156
223,-0.061035156
224,-0.030517578
225,0.030517578
226,-0.030517578
227,-0.030517578
228,-0.030517578
229,0.091552734
230,0.030517578
231,0.091552734
232,0.36621094
233,0.33569336
234,0.091552734
235,0.030517578
236,-0.030517578
237,0.24414062
238,0.030517578
239,0.061035156
240,0.061035156
241,-0.12207031
242,0.061035156
243,0.21362305
244,0.30517578
245,0.15258789
246,0.21362305
247,0.030517578
248,0.091552734
249,0.45776367
250,-0.030517578
251,-0.030517578
252,0.061035156
253,0.030517578
254,0.030517578
255,0.091552734
256,0.12207031
257,-0.030517578
258,-0.030517578
259,-0.030517578
260,0.30517578
261,0.091552734
262,0.091552734
263,-0.030517578
264,-0.030517578
265,0.030517578
266,0.061035156
267,0.061035156
268,0.030517578
269,0.061035156
270,-0.030517578
271,0.12207031
272,0.12207031
273,0.24414062
274,-0.18310547
275,0.091552734
276,-0.030517578
277,-0.030517578
278,0.2746582
279,0.030517578
280,0.061035156
281,0.061035156
282,0.24414062
283,-0.091552734
284,0.061035156
285,0.030517578
286,0.061035156
287,0.091552734
288,-0.15258789
289,0.12207031
290,0.061035156
291,0.061035156
292,0.061035156
293,0.030517578
294,0.061035156
295,0.030517578
296,0.12207031
297,0.091552734
298,-0.030517578
299,-0.030517578
300,0.4272461
301,0.24414062
302,0.091552734
303,0.091552734
304,0.061035156
305,0.061035156
306,0.091552734
307,0.061035156
308,0.061035156
309,0.12207031
310,0.24414062
311,0.39672852
312,0.030517578
313,0.061035156
314,0.4272461
315,0.091552734
316,-0.030517578
317,0.091552734
318,0.15258789
319,0.061035156
320,0.030517578
321,0.030517578
322,0.24414062
323,-0.030517578
324,-0.091552734
325,0.30517578
326,-0.091552734
327,0.39672852
328,0.21362305
329,0.12207031
330,-0.030517578
331,0.061035156
332,0.091552734
333,0.15258789
334,0.061035156
335,0.030517578
336,0.21362305
337,0.15258789
338,0.030517578
339,-0.030517578
340,0.091552734
341,0.061035156
342,0.15258789
343,0.091552734
344,0.12207031
345,0.061035156
346,0.061035156
347,0.12207031
348,0.030517578
349,0.061035156
350,0.091552734
351,-0.091552734
352,-0.061035156
353,0.030517578
354,0.15258789
355,0.24414062
356,-0.061035156
357,0.061035156
358,0.4272461
359,0.091552734
360,-0.030517578
361,0.030517578
362,0.030517578
363,-0.15258789
364,0.030517578
365,0.061035156
366,-0.091552734
367,0.18310547
368,-0.030517578
369,0.061035156
370,-0.091552734
371,-0.030517578
372,0.091552734
373,0.091552734
374,0.061035156
375,0.061035156
376,0.061035156
377,0.12207031
378,0.030517578
379,0.061035156
380,0.18310547
381,0.24414062
382,0.2746582
383,0.15258789
384,0.15258789
385,0.12207031
386,0.091552734
387,0.12207031
388,0.24414062
389,0.12207031
390,0.5187988
391,0.33569336
392,-0.030517578
393,0.030517578
394,0.12207031
395,0.21362305
396,-0.030517578
397,-0.091552734
398,-0.030517578
399,0.030517578
400,0.061035156
401,0.030517578
402,-0.091552734
403,-0.091552734
404,0.15258789
405,-0.091552734
406,0.091552734
407,-0.18310547
408,0.030517578
409,-0.030517578
410,0.061035156
411,0.091552734
412,0.21362305
413,0.15258789
414,0.12207031
415,-0.030517578
416,-0.030517578
417,0.15258789
418,0.061035156
419,-0.061035156
420,0.030517578
421,-0.061035156
422,0.24414062
423,0.18310547
424,0.030517578
425,0.12207031
426,0.15258789
427,0.091552734
428,0.18310547
429,0.061035156
430,0.36621094
431,0.091552734
432,0.061035156
433,0.061035156
434,0.12207031
435,0.24414062
436,0.12207031
437,0.030517578
438,-0.061035156
439,0.15258789
440,0.12207031
441,0.030517578
442,-0.030517578
443,-0.061035156
444,-0.091552734
445,0.061035156
446,-0.15258789
447,0.091552734
448,-0.061035156
449,-0.091552734
450,-0.12207031
451,-0.061035156
452,-0.030517578
453,0.061035156
454,0.061035156
455,-0.030517578
456,-0.030517578
457,0.030517578
458,0.12207031
459,0.061035156
460,0.061035156
461,-0.091552734
462,0.24414062
463,0.12207031
464,0.18310547
465,0.21362305
466,0.21362305
467,0.24414062
468,0.24414062
469,0.2746582
470,0.061035156
471,0.030517578
472,0.061035156
473,0.061035156
474,-0.030517578
475,0.030517578
476,0.091552734
477,0.030517578
478,0.24414062
479,0.2746582
480,0.15258789
481,-0.091552734
482,-0.061035156
483,-0.030517578
484,-0.091552734
485,0.030517578
486,0.18310547
487,0.061035156
488,0.091552734
489,0.061035156
490,0.030517578
491,0.091552734
492,0.12207031
493,0.24414062
494,0.15258789
495,-0.030517578
496,0.24414062
497,0.12207031
498,-0.030517578
499,0.030517578
500,0.12207031
501,0.21362305
502,0.030517578
503,0.24414062
504,0.18310547
505,0.24414062
506,0.21362305
507,0.18310547
508,0.36621094
509,0.39672852
510,-0.030517578
511,-0.12207031
512,0.061035156
513,-0.030517578
514,-0.030517578
515,0.091552734
516,0.12207031
517,0.061035156
518,0.061035156
519,0.091552734
520,0.061035156
521,-0.030517578
522,0.030517578
523,-0.15258789
524,0.18310547
525,-0.091552734
526,0.36621094
527,0.091552734
528,0.15258789
529,0.21362305
530,0.030517578
531,-0.061035156
532,-0.091552734
533,0.030517578
534,0.091552734
535,-0.15258789
536,0.091552734
537,0.061035156
538,-0.030517578
539,0.15258789
540,-0.061035156
541,0.12207031
542,0.091552734
543,0.030517578
544,0.061035156
545,0.030517578
546,0.061035156
547,0.061035156
548,0.18310547
549,0.12207031
550,0.39672852
551,0.21362305
552,-0.030517578
553,-0.091552734
554,-0.061035156
555,0.091552734
556,0.030517578
557,0.061035156
558,0.48828125
559,0.091552734
560,0.061035156
561,0.030517578
562,-0.030517578
563,0.061035156
564,0.15258789
565,-0.091552734
566,0.18310547
567,-0.091552734
568,0.21362305
569,-0.12207031
570,0.061035156
571,0.030517578
572,0.030517578
573,0.12207031
574,0.061035156
575,0.061035156
576,-0.21362305
577,0.030517578
578,-0.030517578
579,0.030517578
580,-0.030517578
581,-0.21362305
582,0.18310547
583,0.091552734
584,0.18310547
585,0.18310547
586,0.15258789
587,0.091552734
588,0.061035156
589,0.36621094
590,0.091552734
591,0.15258789
592,0.030517578
593,-0.030517578
594,0.061035156
595,0.061035156
596,0.15258789
597,-0.030517578
598,-0.030517578
599,0.091552734
600,0.12207031
601,0.061035156
602,-0.030517578
603,-0.061035156
604,0.18310547
605,0.091552734
606,0.2746582
607,-0.030517578
608,-0.030517578
609,-0.091552734
610,-0.030517578
611,0.030517578
612,0.030517578
613,0.061035156
614,0.030517578
615,-0.030517578
616,-0.061035156
617,0.12207031
618,0.061035156
619,-0.061035156
620,0.091552734
621,0.030517578
622,0.33569336
623,0.061035156
624,0.18310547
625,0.061035156
626,0.18310547
627,0.18310547
628,0.2746582
629,0.39672852
630,0.061035156
631,0.12207031
632,0.030517578
633,0.030517578
634,0.091552734
635,0.12207031
636,0.18310547
637,0.061035156
638,-0.061035156
639,-0.18310547
640,0.24414062
641,0.091552734
642,0.12207031
643,0.091552734
644,0.091552734
645,0.15258789
646,0.12207031
647,0.12207031
648,0.15258789
649,0.15258789
650,0.24414062
651,0.15258789
652,0.18310547
653,0.2746582
654,0.4272461
655,0.24414062
656,0.091552734
657,0.15258789
658,0.5493164
659,0.36621094
660,0.18310547
661,0.21362305
662,0.21362305
663,0.15258789
664,0.21362305
665,0.18310547
666,0.18310547
667,0.18310547
668,0.21362305
669,0.21362305
670,0.2746582
671,0.39672852
672,0.64086914
673,0.24414062
674,0.5187988
675,0.24414062
676,0.21362305
677,0.18310547
678,0.4272461
679,0.30517578
680,0.33569336
681,0.30517578
682,0.2746582
683,0.2746582
684,0.30517578
685,0.5493164
686,0.61035156
687,0.24414062
688,0.2746582
689,0.30517578
690,0.2746582
691,0.30517578
692,0.33569336
693,0.36621094
694,0.39672852
695,0.36621094
696,0.8239746
697,0.4272461
698,0.33569336
699,0.33569336
700,0.48828125
701,0.33569336
702,0.39672852
703,0.21362305
704,0.4272461
705,0.30517578
706,0.7019043
707,0.5493164
708,0.61035156
709,0.39672852
710,0.4272461
711,0.39672852
712,0.5493164
713,0.45776367
714,0.5187988
715,0.45776367
716,0.4272461
717,0.5187988
718,0.48828125
719,0.48828125
720,0.6713867
721,0.5493164
722,0.88500977
723,0.7019043
724,0.6713867
725,0.7019043
726,0.64086914
727,0.7019043
728,0.8239746
729,0.33569336
730,0.5493164
731,0.5493164
732,0.48828125
733,0.48828125
734,0.5187988
735,0.5187988
736,0.88500977
737,0.61035156
738,0.61035156
739,0.61035156
740,0.7324219
741,0.61035156
742,0.9460449
743,0.79345703
744,0.79345703
745,0.7324219
746,0.6713867
747,0.6713867
748,0.7019043
749,0.76293945
750,0.61035156
751,0.61035156
752,0.7324219
753,0.7324219
754,0.7019043
755,0.79345703
756,0.9765625
757,0.76293945
758,0.7019043
759,0.8544922
760,0.5493164
761,0.9765625
762,0.8239746
763,0.76293945
764,0.79345703
765,0.76293945
766,0.7324219
767,0.79345703
768,0.76293945
769,0.8239746
770,0.8544922
771,0.79345703
772,0.8239746
773,0.8239746
774,0.79345703
775,0.9765625
776,0.79345703
777,0.76293945
778,0.8239746
779,0.8544922
780,0.88500977
781,0.8239746
782,0.8544922
783,0.8544922
784,0.8544922
785,0.8239746
786,0.8239746
787,0.8544922
788,0.91552734
789,0.91552734
790,0.61035156
791,1.0986328
792,0.8544922
793,0.88500977
794,1.0375977
795,0.9765625
796,0.91552734
797,0.91552734
798,1.0681152
799,1.0986328
800,0.91552734
801,0.91552734
802,0.9460449
803,0.88500977
804,0.91552734
805,0.88500977
806,0.8544922
807,0.9765625
808,0.91552734
809,1.0070801
810,1.0375977
811,1.3122559
812,0.8544922
813,0.9765625
814,0.9460449
815,1.2817383
816,0.9765625
817,0.9460449
818,1.1291504
819,1.0375977
820,1.0681152
821,1.0986328
822,1.0375977
823,1.0070801
824,1.0681152
825,1.0070801
826,1.0375977
827,1.1901855
828,1.1901855
829,1.3122559
830,1.4648438
831,0.91552734
832,1.0375977
833,1.0375977
834,1.0375977
835,1.0070801
836,1.0986328
837,1.0681152
838,1.3122559
839,1.373291
840,1.1291504
841,1.0986328
842,1.1291504
843,1.1901855
844,1.0986328
845,1.0986328
846,1.0986328
847,1.1901855
848,1.0681152
849,1.1291504
850,1.2817383
851,0.9765625
852,1.2512207
853,1.2512207
854,1.3427734
855,1.2817383
856,1.0986328
857,1.0986328
858,1.4343262
859,1.0070801
860,1.2512207
861,1.2512207
862,1.2512207
863,1.2207031
864,1.2512207
865,1.2512207
866,1.2817383
867,1.2817383
868,1.2512207
869,1.2207031
870,1.2207031
871,1.2512207
872,1.1901855
873,1.2512207
874,1.2207031
875,1.373291
876,1.4648438
877,1.3122559
878,1.2817383
879,1.5563965
880,1.5869141
881,1.5869141
882,1.373291
883,1.4038086
884,1.3122559
885,1.3122559
886,1.3122559
887,1.4038086
888,1.4953613
889,1.4038086
890,1.4038086
891,1.2817383
892,1.3427734
893,1.373291
894,1.2817383
895,1.5563965
896,1.373291
897,1.4648438
898,1.373291
899,1.3122559
900,1.3122559
901,1.7089844
902,1.4343262
903,1.5869141
904,1.4343262
905,1.5869141
906,1.4038086
907,1.4343262
908,1.3122559
909,1.5563965
910,1.373291
911,1.5258789
912,1.4648438
913,1.5869141
914,1.4648438
915,1.4343262
916,1.7089844
917,1.5869141
918,1.4343262
919,1.4343262
920,1.3427734
921,1.2512207
922,1.5563965
923,1.5258789
924,1.5563965
925,1.5563965
926,1.5563965
927,1.5258789
928,1.5258789
929,1.7089844
930,1.6479492
931,1.373291
932,1.4953613
933,1.5563965
934,1.5869141
935,1.5258789
936,1.7089844
937,1.6174316
938,1.5258789
939,1.7089844
940,1.7700195
941,1.373291
942,1.5869141
943,1.8310547
944,1.7700195
945,1.8005371
946,1.8615723
947,1.8920898
948,1.7089844
949,1.7089844
950,1.5563965
951,1.5869141
952,1.6784668
953,1.8005371
954,1.6479492
955,1.5869141
956,1.6784668
957,1.7700195
958,1.6479492
959,1.5869141
960,1.7089844
961,1.5258789
962,1.7089844
963,1.8310547
964,1.7089844
965,1.7089844
966,1.7700195
967,1.7700195
968,1.7700195
969,1.8005371
970,2.0751953
971,1.8615723
972,1.8005371
973,1.6784668
974,1.7089844
975,2.0446777
976,1.7089844
977,1.8005371
978,1.8005371
979,1.9226074
980,2.0751953
981,1.8310547
982,1.8615723
983,1.8615723
984,1.8310547
985,1.8920898
986,1.8615723
987,1.8615723
988,2.0751953
989,1.8005371
990,1.7089844
991,1.8310547
992,1.8615723
993,1.8310547
994,1.8005371
995,1.9836426
996,1.8920898
997,1.8615723
998,1.7700195
999,2.0141602
1000,1.7089844
1001,1.8920898
1002,1.9836426
1003,1.9226074
1004,1.953125
1005,1.9226074
1006,1.9226074
1007,1.9226074
1008,2.0141602
1009,1.953125
1010,1.8615723
1011,2.105713
1012,1.8920898
1013,1.8615723
1014,1.9836426
1015,2.0751953
1016,1.9836426
1017,1.9836426
1018,1.9226074
1019,2.0751953
1020,2.1362305
1021,1.8920898
1022,1.9836426
1023,2.1362305
1024,2.0751953
1025,2.1972656
1026,2.105713
1027,2.166748
1028,1.953125
1029,2.105713
1030,2.0141602
1031,1.9836426
1032,2.0141602
1033,2.105713
1034,2.0446777
1035,2.0141602
1036,2.5634766
1037,2.1362305
1038,2.0446777
1039,2.0141602
1040,2.2277832
1041,2.3498535
1042,2.105713
1043,2.2583008
1044,2.166748
1045,2.1972656
1046,2.1972656
1047,2.2277832
1048,2.3498535
1049,2.0446777
1050,2.0751953
1051,2.1362305
1052,2.105713
1053,2.1362305
1054,2.105713
1055,2.4108887
1056,2.1972656
1057,2.3498535
1058,2.166748
1059,2.166748
1060,2.105713
1061,2.5634766
1062,2.1972656
1063,2.4414062
1064,2.2277832
1065,2.4719238
1066,2.2277832
1067,2.5024414
1068,2.0751953
1069,2.5024414
1070,2.2277832
1071,2.166748
1072,2.2277832
1073,2.3498535
1074,2.2888184
1075,2.2277832
1076,2.5634766
1077,2.2888184
1078,2.2888184
1079,2.2583008
1080,2.380371
1081,2.1972656
1082,2.5634766
1083,2.2888184
1084,2.4719238
1085,2.3498535
1086,2.4108887
1087,2.4108887
1088,2.4414062
1089,2.2277832
1090,2.166748
1091,2.380371
1092,2.4108887
1093,2.380371
1094,2.3498535
1095,2.3498535
1096,2.8076172
1097,2.4108887
1098,2.2888184
1099,2.380371
1100,2.3498535
1101,2.2888184
1102,2.3498535
1103,2.5634766
1104,2.4719238
1105,2.3498535
1106,2.2888184
1107,2.3498535
1108,2.4108887
1109,2.532959
1110,2.5024414
1111,2.5024414
1112,2.4719238
1113,2.4108887
1114,2.6855469
1115,2.532959
1116,2.4414062
1117,2.6245117
1118,2.6245117
1119,2.6245117
1120,2.5024414
1121,2.4719238
1122,2.4414062
1123,2.5634766
1124,2.4108887
1125,2.6245117
1126,2.4108887
1127,2.5634766
1128,2.4719238
1129,2.532959
1130,2.5634766
1131,2.5634766
1132,2.2888184
1133,2.5634766
1134,2.5939941
1135,2.5634766
1136,2.5634766
1137,2.6550293
1138,2.7160645
1139,2.5939941
1140,2.532959
1141,2.532959
1142,2.532959
1143,2.5939941
1144,2.5939941
1145,2.5024414
1146,2.5024414
1147,2.5634766
1148,2.6550293
1149,2.5939941
1150,2.6245117
1151,2.6245117
1152,2.5939941
1153,2.5939941
1154,2.6550293
1155,2.6855469
1156,2.6855469
1157,2.5634766
1158,2.8076172
1159,2.6245117
1160,2.6245117
1161,2.6855469
1162,2.7160645
1163,2.5634766
1164,2.4414062
1165,3.0212402
1166,3.0212402
1167,2.4719238
1168,2.5939941
1169,3.0212402
1170,2.7160645
1171,2.6550293
1172,2.7160645
1173,2.8686523
1174,2.6550293
1175,2.7160645
1176,3.1433105
1177,2.8076172
1178,2.7160645
1179,2.746582
1180,2.8381348
1181,2.7770996
1182,2.746582
1183,3.2043457
1184,2.9296875
1185,3.2043457
1186,2.6550293
1187,2.8686523
1188,2.7160645
1189,2.7770996
1190,2.8076172
1191,2.9296875
1192,2.9907227
1193,3.112793
1194,2.8686523
1195,2.8381348
1196,2.9296875
1197,2.960205
1198,2.8381348
1199,2.8381348
1200,2.8686523
1201,2.960205
1202,2.960205
1203,2.9296875
1204,3.2043457
1205,3.326416
1206,2.7770996
1207,3.0517578
1208,2.746582
1209,2.8686523
1210,2.9296875
1211,3.0212402
1212,3.1738281
1213,3.0517578
1214,3.112793
1215,2.9907227
1216,2.960205
1217,3.0212402
1218,3.112793
1219,3.0212402
1220,2.9907227
1221,2.960205
1222,2.960205
1223,2.9907227
1224,2.9907227
1225,3.0212402
1226,2.9296875
1227,2.960205
1228,2.9907227
1229,3.0212402
1230,3.0212402
1231,3.326416
1232,3.0517578
1233,3.2653809
1234,3.3874512
1235,3.1738281
1236,2.9907227
1237,3.0822754
1238,3.112793
1239,3.1433105
1240,3.0822754
1241,3.0517578
1242,3.112793
1243,3.2958984
1244,3.2653809
1245,3.1433105
1246,3.1433105
1247,3.112793
1248,2.960205
1249,3.112793
1250,3.0822754
1251,3.1433105
1252,3.2653809
1253,3.112793
1254,3.2043457
1255,3.1433105
1256,3.1433105
1257,3.2653809
1258,3.2348633
1259,3.1738281
1260,3.1738281
1261,3.0517578
1262,3.2653809
1263,3.479004
1264,3.326416
1265,3.3874512
1266,3.5705566
1267,3.2043457
1268,3.2653809
1269,3.2348633
1270,3.2348633
1271,3.2653809
1272,3.326416
1273,3.3874512
1274,3.2958984
1275,3.2348633
1276,3.3569336
1277,3.2958984
1278,3.2348633
1279,3.2653809
1280,3.1738281
1281,3.2958984
1282,3.692627
1283,3.6315918
1284,3.4179688
1285,3.5705566
1286,3.4179688
1287,3.6315918
1288,3.6621094
1289,3.5095215
1290,3.540039
1291,3.3569336
1292,3.3569336
1293,3.326416
1294,3.3874512
1295,3.5705566
1296,3.3569336
1297,3.4179688
1298,3.3569336
1299,3.3569336
1300,3.3874512
1301,3.3569336
1302,3.4179688
1303,3.6621094
1304,3.6621094
1305,3.326416
1306,3.6315918
1307,3.5095215
1308,3.479004
1309,3.326416
1310,3.326416
1311,3.3874512
1312,3.479004
1313,3.692627
1314,3.5705566
1315,3.4179688
1316,3.3874512
1317,3.8452148
1318,3.5705566
1319,3.540039
1320,3.540039
1321,3.5095215
1322,3.6315918
1323,3.9367676
1324,3.90625
1325,3.6010742
1326,3.7231445
1327,3.326416
1328,3.540039
1329,3.540039
1330,3.479004
1331,3.5705566
1332,3.5705566
1333,3.6315918
1334,3.5705566
1335,3.5705566
1336,3.479004
1337,3.6315918
1338,3.6315918
1339,3.6315918
1340,3.540039
1341,3.5705566
1342,3.6315918
1343,3.692627
1344,3.6315918
1345,3.6315918
1346,3.6010742
1347,3.6010742
1348,3.7231445
1349,3.7231445
1350,3.7841797
1351,3.8757324
1352,3.7841797
1353,3.6315918
1354,3.7231445
1355,3.753662
1356,3.6621094
1357,3.692627
1358,3.753662
1359,3.8452148
1360,3.7231445
1361,3.692627
1362,3.6621094
1363,3.6315918
1364,3.90625
1365,3.5095215
1366,3.6621094
1367,3.6621094
1368,3.692627
1369,3.7841797
1370,3.7231445
1371,3.753662
1372,3.7841797
1373,4.180908
1374,3.8452148
1375,3.8146973
1376,3.753662
1377,3.692627
1378,3.8452148
1379,3.8452148
1380,3.6621094
1381,3.7231445
1382,3.7231445
1383,3.753662
1384,3.7231445
1385,3.7841797
1386,3.8146973
1387,3.8146973
1388,3.7231445
1389,3.7841797
1390,3.8452148
1391,3.7231445
1392,3.9978027
1393,3.7841797
1394,4.180908
1395,3.9978027
1396,3.7841797
1397,3.9367676
1398,3.692627
1399,3.90625
1400,3.90625
1401,3.8757324
1402,3.8757324
1403,3.8452148
1404,3.9367676
1405,3.8757324
1406,3.753662
1407,3.8757324
1408,3.9367676
1409,3.90625
1410,3.90625
1411,4.119873
1412,4.3029785
1413,4.211426
1414,4.058838
1415,3.9672852
1416,3.9672852
1417,3.9367676
1418,3.9978027
1419,4.119873
1420,3.9978027
1421,3.9672852
1422,3.9672852
1423,3.9978027
1424,3.90625
1425,3.9367676
1426,4.0893555
1427,3.9978027
1428,4.0893555
1429,4.119873
1430,4.3640137
1431,4.058838
1432,3.9978027
1433,4.0893555
1434,4.2419434
1435,4.211426
1436,4.058838
1437,4.058838
1438,4.211426
1439,4.180908
1440,4.1503906
1441,4.0893555
1442,4.119873
1443,3.9978027
1444,4.119873
1445,4.058838
1446,4.0893555
1447,4.0893555
1448,4.1503906
1449,4.119873
1450,4.1503906
1451,4.4555664
1452,4.272461
1453,3.9672852
1454,4.486084
1455,4.211426
1456,4.180908
1457,4.0893555
1458,4.058838
1459,4.547119
1460,4.3945312
1461,4.272461
1462,4.180908
1463,4.180908
1464,4.2419434
1465,4.272461
1466,4.211426
1467,4.272461
1468,4.333496
1469,4.486084
1470,4.3029785
1471,4.180908
1472,4.211426
1473,4.3029785
1474,4.2419434
1475,4.272461
1476,4.3640137
1477,4.2419434
1478,4.272461
1479,4.180908
1480,4.6691895
1481,4.4555664
1482,4.272461
1483,4.211426
1484,4.3945312
1485,4.3640137
1486,4.3640137
1487,4.3945312
1488,4.425049
1489,4.5166016
1490,4.6691895
1491,4.333496
1492,4.333496
1493,4.3640137
1494,4.272461
1495,4.547119
1496,4.3945312
1497,4.3029785
1498,4.3640137
1499,4.3945312
1500,4.5776367
1501,4.638672
1502,4.638672
1503,4.4555664
1504,4.425049
1505,4.638672
1506,4.4555664
1507,4.486084
1508,4.79126
1509,4.333496
1510,4.4555664
1511,4.4555664
1512,4.5166016
1513,4.4555664
1514,4.486084
1515,4.547119
1516,4.211426
1517,4.5776367
1518,4.4555664
1519,4.3945312
1520,4.638672
1521,4.5166016
1522,4.699707
1523,4.638672
1524,4.5776367
1525,4.638672
1526,4.638672
1527,4.699707
1528,4.3029785
1529,4.425049
1530,4.4555664
1531,4.425049
1532,4.547119
1533,4.6691895
1534,4.5166016
1535,4.547119
1536,4.9438477
1537,4.5166016
1538,4.486084
1539,4.547119
1540,4.699707
1541,4.5166016
1542,4.4555664
1543,4.547119
1544,4.333496
1545,4.7302246
1546,4.699707
1547,4.79126
1548,4.699707
1549,4.547119
1550,4.547119
1551,4.6691895
1552,4.8217773
1553,4.699707
1554,4.638672
1555,4.547119
1556,4.638672
1557,4.91333
1558,4.7302246
1559,4.699707
1560,4.6691895
1561,4.7302246
1562,4.7302246
1563,4.852295
1564,5.0354004
1565,5.0354004
1566,4.7302246
1567,5.004883
1568,4.699707
1569,4.8217773
1570,4.7302246
1571,4.7302246
1572,4.852295
1573,4.9438477
1574,4.760742
1575,4.699707
1576,4.8217773
1577,5.0354004
1578,4.852295
1579,4.699707
1580,4.699707
1581,4.8828125
1582,4.760742
1583,4.8828125
1584,4.852295
1585,4.8828125
1586,4.8828125
1587,5.065918
1588,4.8217773
1589,4.8217773
1590,4.79126
1591,4.91333
1592,4.974365
1593,5.126953
1594,4.91333
1595,4.8828125
1596,5.0354004
1597,4.8828125
1598,4.8217773
1599,4.8217773
1600,4.91333
1601,5.0354004
1602,4.852295
1603,4.7302246
1604,5.004883
1605,4.6691895
1606,5.2490234
1607,4.9438477
1608,4.974365
1609,4.852295
1610,4.8217773
1611,4.91333
1612,5.0354004
1613,5.065918
1614,4.974365
1615,4.8828125
1616,4.9438477
1617,5.3100586
1618,5.0964355
1619,5.004883
1620,4.8828125
1621,4.91333
1622,4.9438477
1623,5.065918
1624,5.0354004
1625,5.218506
1626,-0.061035156
1627,-0.030517578
1628,0.15258789
1629,0.18310547
1630,0.36621094
1631,0.18310547
1632,0.061035156
1633,-0.030517578
1634,-0.12207031
1635,0.4272461
1636,0.091552734
1637,-0.030517578
1638,-0.030517578
1639,0.030517578
1640,0.091552734
1641,0.061035156
1642,0.12207031
1643,0.061035156
1644,0.061035156
1645,0.030517578
1646,0.030517578
1647,0.091552734
1648,0.030517578
1649,0.18310547
1650,-0.21362305
1651,0.24414062
1652,-0.030517578
1653,0.030517578
1654,0.15258789
1655,0.091552734
1656,0.061035156
1657,0.030517578
1658,-0.12207031
1659,0.36621094
1660,0.18310547
1661,0.15258789
1662,0.030517578
1663,0.030517578
1664,0.030517578
1665,0.061035156
1666,0.061035156
1667,0.061035156
1668,0.15258789
1669,0.12207031
1670,0.24414062
1671,0.091552734
1672,0.061035156
1673,0.061035156
1674,-0.061035156
1675,0.12207031
1676,0.061035156
1677,0.030517578
1678,0.12207031
1679,0.12207031
1680,0.091552734
1681,0.061035156
1682,0.030517578
1683,-0.030517578
1684,0.030517578
1685,0.061035156
1686,0.061035156
1687,-0.061035156
1688,-0.030517578
1689,-0.030517578
1690,-0.030517578
1691,0.061035156
1692,0.18310547
1693,0.24414062
1694,0.030517578
1695,0.030517578
1696,-0.030517578
1697,0.18310547
1698,0.091552734
1699,-0.030517578
1700,-0.030517578
1701,-0.12207031
1702,0.12207031
1703,-0.061035156
1704,0.36621094
1705,0.4272461
1706,-0.091552734
1707,0.21362305
1708,0.30517578
1709,0.061035156
1710,0.030517578
1711,0.12207031
1712,0.15258789
1713,-0.030517578
1714,0.061035156
1715,0.091552734
1716,0.18310547
1717,0.091552734
1718,0.030517578
1719,0.18310547
1720,-0.12207031
1721,0.24414062
1722,0.061035156
1723,0.12207031
1724,0.030517578
1725,0.091552734
1726,0.061035156
1727,0.15258789
1728,0.091552734
1729,0.18310547
1730,0.36621094
1731,0.18310547
1732,0.061035156
1733,0.030517578
1734,0.12207031
1735,0.21362305
1736,-0.030517578
1737,-0.030517578
1738,0.21362305
1739,0.24414062
1740,0.091552734
1741,0.061035156
1742,-0.030517578
1743,-0.061035156
1744,-0.061035156
1745,-0.061035156
1746,-0.12207031
1747,-0.061035156
1748,-0.030517578
1749,0.091552734
1750,0.18310547
1751,-0.18310547
1752,0.15258789
1753,-0.061035156
1754,0.36621094
1755,0.091552734
1756,-0.030517578
1757,0.21362305
1758,0.091552734
1759,-0.061035156
1760,-0.030517578
1761,0.030517578
1762,-0.091552734
1763,0.30517578
1764,0.061035156
1765,0.15258789
1766,0.12207031
1767,0.15258789
1768,0.12207031
1769,0.33569336
1770,-0.18310547
1771,-0.061035156
1772,-0.030517578
1773,0.030517578
1774,-0.061035156
1775,0.18310547
1776,0.030517578
1777,0.061035156
1778,-0.061035156
1779,0.12207031
1780,0.091552734
1781,0.030517578
1782,0.061035156
1783,-0.030517578
1784,-0.061035156
1785,-0.030517578
1786,0.061035156
1787,0.030517578
1788,0.030517578
1789,0.030517578
1790,0.18310547
1791,0.091552734
1792,-0.061035156
1793,0.33569336
1794,0.091552734
1795,0.030517578
1796,0.061035156
1797,0.39672852
1798,-0.030517578
1799,0.030517578
1800,-0.061035156
1801,0.21362305
1802,0.12207031
1803,0.2746582
1804,0.18310547
1805,0.15258789
1806,0.18310547
1807,0.12207031
1808,0.12207031
1809,0.39672852
1810,0.18310547
1811,0.030517578
1812,0.030517578
1813,0.030517578
1814,0.091552734
1815,-0.18310547
1816,0.061035156
1817,-0.030517578
1818,-0.15258789
1819,0.091552734
1820,0.24414062
1821,0.12207031
1822,0.030517578
1823,0.061035156
1824,-0.061035156
1825,-0.030517578
1826,0.061035156
1827,0.030517578
1828,0.030517578
1829,0.061035156
1830,0.091552734
1831,0.091552734
1832,-0.030517578
1833,0.36621094
1834,0.061035156
1835,0.030517578
1836,-0.15258789
1837,0.091552734
1838,0.091552734
1839,-0.030517578
1840,-0.061035156
1841,0.12207031
1842,0.15258789
1843,0.24414062
1844,0.091552734
1845,0.18310547
1846,0.12207031
1847,0.12207031
1848,0.12207031
1849,0.30517578
1850,-0.030517578
1851,0.091552734
1852,-0.030517578
1853,0.030517578
1854,0.061035156
1855,0.12207031
1856,0.061035156
1857,0.061035156
1858,0.15258789
1859,0.2746582
1860,0.091552734
1861,-0.030517578
1862,0.030517578
1863,-0.061035156
1864,0.030517578
1865,0.030517578
1866,0.030517578
1867,-0.030517578
1868,0.061035156
1869,0.091552734
1870,0.091552734
1871,0.18310547
1872,0.061035156
1873,0.24414062
1874,0.061035156
1875,-0.030517578
1876,-0.030517578
1877,0.091552734
1878,-0.030517578
1879,-0.030517578
1880,0.15258789
1881,0.45776367
1882,0.21362305
1883,0.091552734
1884,0.061035156
1885,0.061035156
1886,0.030517578
1887,0.12207031
1888,0.091552734
1889,0.15258789
1890,0.12207031
1891,0.061035156
1892,0.21362305
1893,-0.21362305
1894,-0.15258789
1895,0.061035156
1896,0.061035156
1897,-0.091552734
1898,0.18310547
1899,0.091552734
1900,0.030517578
1901,0.030517578
1902,-0.030517578
1903,-0.061035156
1904,0.030517578
1905,0.030517578
1906,-0.030517578
1907,0.030517578
1908,-0.091552734
1909,-0.061035156
1910,0.030517578
1911,0.21362305
1912,-0.061035156
1913,0.4272461
1914,0.091552734
1915,0.061035156
1916,0.15258789
1917,0.18310547
1918,-0.061035156
1919,-0.030517578
1920,-0.061035156
1921,0.45776367
1922,0.21362305
1923,0.091552734
1924,0.061035156
1925,0.030517578
1926,-0.030517578
1927,-0.030517578
1928,-0.061035156
1929,0.030517578
1930,0.18310547
1931,0.36621094
1932,0.15258789
1933,0.12207031
1934,0.091552734
1935,0.030517578
1936,-0.030517578
1937,0.091552734
1938,0.12207031
1939,0.091552734
1940,0.061035156
1941,0.030517578
1942,-0.030517578
1943,-0.061035156
1944,0.030517578
1945,-0.030517578
1946,-0.15258789
1947,0.091552734
1948,-0.030517578
1949,0.061035156
1950,0.030517578
1951,0.18310547
1952,0.091552734
1953,0.18310547
1954,0.061035156
1955,-0.091552734
1956,0.030517578
1957,0.15258789
1958,0.061035156
1959,0.030517578
1960,0.15258789
1961,0.24414062
1962,0.15258789
1963,0.091552734
1964,0.061035156
1965,-0.061035156
1966,0.030517578
1967,0.061035156
1968,0.15258789
1969,0.15258789
1970,0.30517578
1971,0.030517578
1972,-0.061035156
1973,0.30517578
1974,0.24414062
1975,0.12207031
1976,-0.030517578
1977,0.030517578
1978,0.061035156
1979,0.091552734
1980,0.091552734
1981,-0.061035156
1982,0.061035156
1983,0.030517578
1984,0.061035156
1985,0.061035156
1986,0.061035156
1987,-0.030517578
1988,-0.030517578
1989,-0.061035156
1990,0.030517578
1991,0.30517578
1992,0.24414062
1993,0.061035156
1994,0.091552734
1995,0.030517578
1996,0.18310547
1997,0.15258789
1998,0.091552734
1999,-0.030517578
2000,-0.030517578
2001,0.30517578
2002,0.12207031
2003,0.091552734
2004,-0.030517578
2005,0.061035156
2006,0.091552734
2007,0.091552734
2008,0.091552734
2009,0.061035156
2010,0.30517578
2011,0.12207031
2012,-0.030517578
2013,0.12207031
2014,0.030517578
2015,-0.061035156
2016,-0.030517578
2017,0.15258789
2018,0.15258789
2019,0.091552734
2020,0.030517578
2021,0.061035156
2022,0.15258789
2023,0.091552734
2024,0.12207031
2025,0.18310547
2026,0.15258789
2027,-0.030517578
2028,-0.061035156
2029,0.030517578
2030,0.030517578
2031,0.061035156
2032,0.12207031
2033,0.061035156
2034,-0.061035156
2035,-0.030517578
2036,0.15258789
2037,0.030517578
2038,-0.030517578
2039,0.091552734
2040,0.091552734
2041,0.12207031
2042,-0.030517578
2043,-0.030517578
2044,0.030517578
2045,0.030517578
2046,0.030517578
2047,0.091552734
2048,0.091552734
2049,0.061035156
2050,0.12207031
2051,0.39672852
2052,0.18310547
2053,0.12207031
2054,0.18310547
2055,0.061035156
2056,-0.030517578
2057,0.39672852
2058,0.091552734
2059,0.030517578
2060,-0.030517578
2061,0.030517578
2062,0.15258789
2063,0.18310547
2064,0.091552734
2065,-0.12207031
2066,-0.030517578
2067,0.18310547
2068,0.18310547
2069,0.061035156
2070,0.030517578
2071,0.030517578
2072,0.091552734
2073,0.091552734
2074,0.061035156
2075,0.061035156
2076,0.12207031
2077,0.061035156
2078,0.091552734
2079,0.36621094
2080,0.18310547
2081,0.091552734
2082,0.030517578
2083,-0.061035156
2084,-0.030517578
2085,-0.030517578
2086,0.030517578
2087,-0.061035156
2088,0.030517578
2089,-0.061035156
2090,0.030517578
2091,0.12207031
2092,0.18310547
2093,0.061035156
2094,0.030517578
2095,0.030517578
2096,-0.15258789
2097,0.030517578
2098,0.091552734
2099,0.030517578
2100,0.24414062
2101,0.4272461
2102,0.21362305
2103,0.24414062
2104,0.030517578
2105,0.12207031
2106,0.18310547
2107,0.061035156
2108,0.18310547
2109,0.091552734
2110,0.091552734
2111,0.030517578
2112,-0.030517578
2113,0.030517578
2114,0.36621094
2115,0.061035156
2116,0.030517578
2117,0.21362305
2118,0.12207031
2119,0.061035156
2120,0.030517578
2121,0.21362305
2122,0.15258789
2123,0.39672852
2124,0.061035156
2125,0.15258789
2126,1.0681152
2127,1.1901855
2128,1.3122559
2129,1.2207031
2130,1.0070801
2131,1.0375977
2132,1.0375977
2133,1.0375977
2134,0.9765625
2135,1.1291504
2136,1.2207031
2137,1.0375977
2138,1.0375977
2139,1.0375977
2140,1.0986328
2141,0.9460449
2142,1.373291
2143,1.2207031
2144,1.1291504
2145,1.2512207
2146,1.2207031
2147,1.1291504
2148,1.3427734
2149,0.8239746
2150,1.0070801
2151,1.0070801
2152,0.9765625
2153,0.9765625
2154,1.2207031
2155,1.3427734
2156,1.0681152
2157,1.0375977
2158,1.0681152
2159,1.2512207
2160,1.1901855
2161,1.0375977
2162,1.0375977
2163,0.9765625
2164,1.0375977
2165,1.0070801
2166,1.0681152
2167,1.0070801
2168,1.0070801
2169,0.9765625
2170,1.0375977
2171,1.0986328
2172,1.0375977
2173,1.2817383
2174,0.9765625
2175,0.9765625
2176,1.0986328
2177,1.0681152
2178,1.0681152
2179,1.0375977
2180,1.0375977
2181,0.9460449
2182,1.2207031
2183,1.4343262
2184,1.0986328
2185,1.0681152
2186,1.2207031
2187,1.0986328
2188,1.2207031
2189,0.9765625
2190,1.0375977
2191,1.0070801
2192,1.0070801
2193,1.0375977
2194,1.1901855
2195,1.2512207
2196,1.0375977
2197,0.9765625
2198,1.2512207
2199,1.1901855
2200,1.0986328
2201,1.0681152
2202,1.0070801
2203,1.1291504
2204,1.0681152
2205,1.1901855
2206,1.2207031
2207,1.1901855
2208,1.1291504
2209,1.0681152
2210,1.0681152
2211,1.0375977
2212,1.0375977
2213,1.0681152
2214,1.0070801
2215,1.2207031
2216,1.1901855
2217,1.0070801
2218,0.9460449
2219,1.0375977
2220,1.373291
2221,1.2512207
2222,1.0681152
2223,1.0681152
2224,1.0681152
2225,1.0070801
2226,1.0681152
2227,1.0681152
2228,1.0070801
2229,1.0070801
2230,1.0375977
2231,1.0375977
2232,1.0375977
2233,1.2512207
2234,1.0986328
2235,1.0681152
2236,1.0375977
2237,1.0375977
2238,1.0375977
2239,1.0375977
2240,0.9765625
2241,1.0986328
2242,1.1901855
2243,0.88500977
2244,1.0986328
2245,1.1901855
2246,1.0986328
2247,1.3427734
2248,1.4648438
2249,0.8544922
2250,1.2512207
2251,0.9460449
2252,0.9765625
2253,0.91552734
2254,0.91552734
2255,0.9460449
2256,1.0375977
2257,1.0681152
2258,1.0681152
2259,1.373291
2260,1.0681152
2261,1.0375977
2262,1.0375977
2263,0.9765625
2264,1.0375977
2265,0.9765625
2266,1.0375977
2267,1.0375977
2268,1.0375977
2269,1.0375977
2270,1.0986328
2271,1.0375977
2272,0.9460449
2273,1.2512207
2274,1.0681152
2275,0.9765625
2276,1.0681152
2277,1.0986328
2278,1.0681152
2279,0.9460449
2280,1.0375977
2281,1.0070801
2282,1.373291
2283,1.0375977
2284,1.0986328
2285,1.2207031
2286,1.2512207
2287,1.1291504
2288,1.1901855
2289,1.1901855
2290,1.2817383
2291,1.0375977
2292,1.0375977
2293,1.0070801
2294,0.9765625
2295,1.2207031
2296,1.0681152
2297,1.0070801
2298,1.0681152
2299,0.9460449
2300,1.2207031
2301,1.0986328
2302,1.0375977
2303,1.0070801
2304,1.0070801
2305,0.9765625
2306,1.0070801
2307,1.0375977
2308,1.0070801
2309,1.0375977
2310,1.0070801
2311,1.4953613
2312,1.1901855
2313,1.2512207
2314,1.0681152
2315,1.0375977
2316,0.9765625
2317,0.88500977
2318,1.1901855
2319,1.0681152
2320,1.0375977
2321,1.2512207
2322,1.2512207
2323,1.1291504
2324,1.0681152
2325,1.1901855
2326,1.1901855
2327,1.1901855
2328,1.2512207
2329,0.79345703
2330,1.1901855
2331,1.0375977
2332,1.0070801
2333,1.0070801
2334,1.1901855
2335,1.3122559
2336,1.0681152
2337,1.0070801
2338,1.2817383
2339,1.2207031
2340,1.0375977
2341,1.0070801
2342,1.0070801
2343,1.0070801
2344,0.9765625
2345,1.0375977
2346,1.0070801
2347,0.9765625
2348,1.0070801
2349,0.9460449
2350,0.9765625
2351,1.0375977
2352,1.0986328
2353,1.1291504
2354,1.0070801
2355,0.9765625
2356,0.8239746
2357,1.0681152
2358,0.9460449
2359,1.0375977
2360,1.0986328
2361,1.1291504
2362,1.2512207
2363,1.0986328
2364,1.0986328
2365,1.0681152
2366,1.0375977
2367,1.0986328
2368,1.0681152
2369,1.2512207
2370,1.4038086
2371,1.1901855
2372,1.0375977
2373,1.0986328
2374,0.91552734
2375,1.0681152
2376,1.0375977
2377,0.8239746
2378,0.79345703
2379,1.0681152
2380,1.0375977
2381,1.0375977
2382,0.9460449
2383,1.0070801
2384,1.0070801
2385,1.0070801
2386,1.0070801
2387,1.0070801
2388,0.9765625
2389,1.0681152
2390,1.2207031
2391,1.1291504
2392,0.8544922
2393,1.0375977
2394,1.0375977
2395,0.9460449
2396,0.88500977
2397,1.0375977
2398,1.0070801
2399,0.9460449
2400,1.0070801
2401,1.3427734
2402,1.0986328
2403,1.0681152
2404,1.0681152
2405,1.0375977
2406,1.0681152
2407,1.0070801
2408,1.0375977
2409,1.1291504
2410,1.2512207
2411,1.1291504
2412,1.0681152
2413,1.0070801
2414,1.3122559
2415,1.0375977
2416,0.9765625
2417,1.1901855
2418,1.0986328
2419,1.0986328
2420,1.0070801
2421,1.0070801
2422,0.79345703
2423,1.1901855
2424,1.0070801
2425,0.88500977
2426,0.9460449
2427,1.0681152
2428,0.9460449
2429,0.9460449
2430,1.0070801
2431,1.0070801
2432,1.0375977
2433,0.9460449
2434,1.0375977
2435,1.2207031
2436,1.0070801
2437,0.9765625
2438,1.2512207
2439,1.1901855
2440,1.0375977
2441,1.0681152
2442,1.0070801
2443,1.1291504
2444,1.2817383
2445,1.1901855
2446,1.2512207
2447,1.1291504
2448,1.0986328
2449,1.0070801
2450,0.9765625
2451,1.0070801
2452,1.0375977
2453,1.0681152
2454,1.0070801
2455,1.0070801
2456,1.0375977
2457,1.0375977
2458,1.0070801
2459,1.2512207
2460,1.0681152
2461,1.0681152
2462,1.0681152
2463,1.0986328
2464,1.0375977
2465,1.0070801
2466,1.0375977
2467,0.9765625
2468,1.0681152
2469,1.0986328
2470,1.1291504
2471,0.9765625
2472,0.9460449
2473,0.88500977
2474,1.1291504
2475,1.0070801
2476,1.2207031
2477,1.0681152
2478,1.2207031
2479,0.9765625
2480,0.9765625
2481,0.9765625
2482,1.2207031
2483,1.0375977
2484,1.1901855
2485,1.0375977
2486,1.0986328
2487,1.4648438
2488,1.1901855
2489,0.9765625
2490,1.0375977
2491,1.0375977
2492,1.0681152
2493,1.0375977
2494,1.0375977
2495,1.2817383
2496,1.1291504
2497,0.9765625
2498,1.0681152
2499,0.9460449
2500,1.2512207
2501,1.1291504
2502,1.0986328
2503,1.0375977
2504,1.0681152
2505,1.0375977
2506,1.0375977
2507,1.0375977
2508,1.0375977
2509,1.0375977
2510,1.0070801
2511,1.0375977
2512,0.9765625
2513,0.9765625
2514,1.3427734
2515,1.0375977
2516,0.9765625
2517,1.4953613
2518,1.0986328
2519,1.0681152
2520,0.9765625
2521,1.0070801
2522,1.2207031
2523,0.88500977
2524,1.0681152
2525,1.2512207
2526,1.1901855
2527,1.2817383
2528,1.4648438
2529,0.9460449
2530,1.0986328
2531,1.0375977
2532,1.0070801
2533,1.0070801
2534,0.9460449
2535,1.0070801
2536,1.0070801
2537,1.0375977
2538,1.3122559
2539,1.0375977
2540,1.2512207
2541,1.1291504
2542,0.9765625
2543,1.0681152
2544,1.0375977
2545,1.0375977
2546,1.0681152
2547,1.0681152
2548,1.0681152
2549,1.1901855
2550,1.2207031
2551,1.1901855
2552,1.0681152
2553,1.2817383
2554,1.0375977
2555,1.0681152
2556,1.0681152
2557,1.2512207
2558,1.1901855
2559,1.0070801
2560,0.9460449
2561,1.0986328
2562,1.1901855
2563,1.3122559
2564,1.2817383
2565,1.0681152
2566,1.0681152
2567,1.373291
2568,1.4648438
2569,1.0070801
2570,1.0375977
2571,1.0375977
2572,1.1291504
2573,1.0070801
2574,1.0375977
2575,1.4038086
2576,1.0986328
2577,1.0375977
2578,1.2512207
2579,1.4038086
2580,1.0681152
2581,1.0375977
2582,1.0070801
2583,1.0070801
2584,0.9460449
2585,0.9765625
2586,1.0681152
2587,1.0375977
2588,1.0070801
2589,0.9765625
2590,1.0986328
2591,1.0986328
2592,0.8544922
2593,1.3122559
2594,1.0681152
2595,1.0070801
2596,0.9460449
2597,1.1291504
2598,1.0681152
2599,0.9765625
2600,1.0986328
2601,1.1901855
2602,1.0375977
2603,1.1901855
2604,1.0986328
2605,1.0986328
2606,1.1291504
2607,1.0681152
2608,1.0986328
2609,1.0681152
2610,1.0986328
2611,1.0375977
2612,1.0375977
2613,0.9765625
2614,0.9460449
2615,1.0375977
2616,1.0375977
2617,1.0070801
2618,1.1901855
2619,1.0986328
2620,1.1291504
2621,1.1291504
2622,1.0375977
2623,1.0681152
2624,0.9765625
2625,0.9765625
2626,1.0375977
2627,1.0986328
2628,1.0375977
2629,1.0375977
2630,1.0986328
2631,1.0681152
2632,1.0070801
2633,1.0070801
2634,1.0681152
2635,1.0070801
2636,1.0986328
2637,1.1291504
2638,1.1291504
2639,0.9460449
2640,1.0375977
2641,1.0070801
2642,1.2207031
2643,1.373291
2644,1.2817383
2645,1.1901855
2646,1.2817383
2647,1.1901855
2648,1.4953613
2649,0.9765625
2650,1.0070801
2651,0.9460449
2652,1.0070801
2653,1.0070801
2654,1.0375977
2655,1.1291504
2656,1.0375977
2657,1.0070801
2658,0.9765625
2659,0.91552734
2660,1.1901855
2661,1.1901855
2662,1.0070801
2663,1.0375977
2664,1.0070801
2665,1.0375977
2666,1.0681152
2667,1.0070801
2668,1.0375977
2669,1.0375977
2670,1.0681152
2671,0.9765625
2672,0.88500977
2673,0.9460449
2674,1.0070801
2675,1.0375977
2676,1.0070801
2677,1.1291504
2678,1.2512207
2679,1.0681152
2680,1.0375977
2681,0.9765625
2682,1.2512207
2683,0.9765625
2684,0.12207031
2685,-0.21362305
2686,-0.15258789
2687,0.030517578
2688,0.061035156
2689,-0.030517578
2690,-0.091552734
2691,0.030517578
2692,0.061035156
2693,0.061035156
2694,-0.030517578
2695,0.061035156
2696,0.33569336
2697,0.12207031
2698,0.091552734
2699,0.061035156
2700,-0.030517578
2701,0.18310547
2702,-0.030517578
2703,0.2746582
2704,0.030517578
2705,0.091552734
2706,0.30517578
2707,-0.12207031
2708,0.061035156
2709,0.24414062
2710,-0.030517578
2711,0.030517578
2712,0.12207031
2713,-0.030517578
2714,-0.030517578
2715,0.12207031
2716,-0.030517578
2717,-0.061035156
2718,0.18310547
2719,0.45776367
2720,0.18310547
2721,0.15258789
2722,0.091552734
2723,0.030517578
2724,0.030517578
2725,0.061035156
2726,-0.030517578
2727,0.061035156
2728,0.030517578
2729,0.061035156
2730,0.061035156
2731,0.21362305
2732,0.36621094
2733,0.15258789
2734,0.030517578
2735,-0.030517578
2736,0.091552734
2737,0.24414062
2738,0.030517578
2739,-0.030517578
2740,0.15258789
2741,0.12207031
2742,0.30517578
2743,0.24414062
2744,-0.061035156
2745,0.061035156
2746,0.061035156
2747,0.33569336
2748,0.15258789
2749,-0.030517578
2750,0.061035156
2751,0.091552734
2752,0.091552734
2753,0.061035156
2754,0.15258789
2755,0.21362305
2756,0.12207031
2757,-0.030517578
2758,0.15258789
2759,0.30517578
2760,0.12207031
2761,0.12207031
2762,0.091552734
2763,0.061035156
2764,-0.030517578
2765,0.061035156
2766,0.030517578
2767,-0.061035156
2768,-0.030517578
2769,0.091552734
2770,0.15258789
2771,0.12207031
2772,0.12207031
2773,0.12207031
2774,0.15258789
2775,-0.030517578
2776,-0.12207031
2777,0.4272461
2778,0.091552734
2779,0.030517578
2780,0.030517578
2781,0.030517578
2782,0.24414062
2783,0.18310547
2784,0.030517578
2785,0.091552734
2786,0.12207031
2787,-0.12207031
2788,-0.18310547
2789,-0.030517578
2790,-0.091552734
2791,0.15258789
2792,0.18310547
2793,0.030517578
2794,-0.061035156
2795,-0.091552734
2796,-0.061035156
2797,0.061035156
2798,-0.030517578
2799,0.15258789
2800,0.18310547
2801,0.15258789
2802,0.091552734
2803,0.12207031
2804,0.091552734
2805,0.030517578
2806,0.091552734
2807,0.12207031
2808,0.15258789
2809,0.12207031
2810,0.18310547
2811,0.24414062
2812,0.061035156
2813,-0.030517578
2814,0.36621094
2815,0.091552734
2816,-0.061035156
2817,0.061035156
2818,0.18310547
2819,0.24414062
2820,0.091552734
2821,-0.030517578
2822,0.030517578
2823,-0.030517578
2824,-0.061035156
2825,-0.030517578
2826,0.030517578
2827,-0.030517578
2828,0.091552734
2829,0.12207031
2830,0.12207031
2831,0.061035156
2832,-0.12207031
2833,0.4272461
2834,-99.63989
2835,-99.51782
2836,-99.76196
2837,-99.39575
2838,-99.70093
2839,-99.51782
2840,-99.70093
2841,-99.45679
2842,-99.63989
2843,-99.51782
2844,-99.63989
2845,-99.42627
2846,-99.63989
2847,-99.487305
2848,-99.487305
2849,-99.67041
2850,-99.609375
2851,-99.42627
2852,-99.63989
2853,-99.21265
2854,-99.67041
2855,-99.63989
2856,-99.57886
2857,-99.79248
2858,-99.70093
2859,-99.731445
2860,-99.45679
2861,-99.42627
2862,-99.70093
2863,-99.609375
2864,-99.731445
2865,-99.609375
2866,-99.487305
2867,-99.63989
2868,-99.57886
2869,-99.76196
2870,-99.57886
2871,-99.63989
2872,-99.67041
2873,-99.67041
2874,-99.731445
2875,-99.70093
2876,-99.609375
2877,-99.609375
2878,-99.51782
2879,-99.33472
2880,-99.609375
2881,-99.487305
2882,-99.67041
2883,-99.67041
2884,-99.63989
2885,-99.731445
2886,-99.70093
2887,-99.57886
2888,-99.70093
2889,-99.63989
2890,-99.487305
2891,-99.70093
2892,-99.63989
2893,-99.39575
2894,-99.42627
2895,-99.609375
2896,-99.609375
2897,-99.609375
2898,-99.33472
2899,-99.27368
2900,-99.70093
2901,-99.823
2902,-99.731445
2903,-99.70093
2904,-99.51782
2905,-99.731445
2906,-99.67041
2907,-99.57886
2908,-99.67041
2909,-99.609375
2910,-99.45679
2911,-99.57886
2912,-99.3042
2913,-99.51782
2914,-99.51782
2915,-99.33472
2916,-99.27368
2917,-99.51782
2918,-99.487305
2919,-99.57886
2920,-99.365234
2921,-99.609375
2922,-99.731445
2923,-99.609375
2924,-99.63989
2925,-99.67041
2926,-99.70093
2927,-99.63989
2928,-99.63989
2929,-99.67041
2930,-99.67041
2931,-99.39575
2932,-99.609375
2933,-99.63989
2934,-99.45679
2935,-99.63989
2936,-99.487305
2937,-99.57886
2938,-99.487305
2939,-99.487305
2940,-99.51782
2941,-99.39575
2942,-99.3042
2943,-99.67041
2944,-99.57886
2945,-99.63989
2946,-99.70093
2947,-99.51782
2948,-99.76196
2949,-99.67041
2950,-99.609375
2951,-99.33472
2952,-99.67041
2953,-99.70093
2954,-99.88403
2955,-99.63989
2956,-99.3042
2957,-99.63989
2958,-99.57886
2959,-99.609375
2960,-99.57886
2961,-99.57886
2962,-99.51782
2963,-99.45679
2964,-99.365234
2965,-99.243164
2966,-99.609375
2967,-99.70093
2968,-99.57886
2969,-99.57886
2970,-99.45679
2971,-99.67041
2972,-99.51782
2973,-99.42627
2974,-99.609375
2975,-99.63989
2976,-99.67041
2977,-99.70093
2978,-99.67041
2979,-99.63989
2980,-99.609375
2981,-99.731445
2982,-99.67041
2983,-99.67041
2984,-99.63989
2985,-99.51782
2986,-99.33472
2987,-99.67041
2988,-99.67041
2989,-99.609375
2990,-99.609375
2991,-99.67041
2992,-99.609375
2993,-99.42627
2994,-99.51782
2995,-99.51782
2996,-99.609375
2997,-99.609375
2998,-99.70093
2999,-99.67041
3000,-99.609375
3001,-99.70093
3002,-99.731445
3003,-99.70093
3004,-99.63989
3005,-99.609375
3006,-99.487305
3007,-99.609375
3008,-99.70093
3009,-99.70093
3010,-99.823
3011,-99.70093
3012,-99.63989
3013,-99.609375
3014,-99.609375
3015,-99.609375
3016,-99.63989
3017,-99.63989
3018,-99.67041
3019,-99.63989
3020,-99.63989
3021,-99.67041
3022,-99.63989
3023,-99.57886
3024,-99.609375
3025,-99.51782
3026,-99.51782
3027,-99.609375
3028,-99.51782
3029,-99.42627
3030,-99.63989
3031,-99.57886
3032,-99.33472
3033,-99.57886
3034,-99.487305
3035,-99.609375
3036,-99.70093
3037,-99.67041
3038,-99.67041
3039,-99.731445
3040,-99.70093
3041,-99.67041
3042,-99.70093
3043,-99.63989
3044,-99.67041
3045,-99.63989
3046,-99.51782
3047,-99.487305
3048,-99.51782
3049,-99.70093
3050,-99.67041
3051,-99.57886
3052,-99.63989
3053,-99.63989
3054,-99.67041
3055,-99.731445
3056,-99.42627
3057,-99.79248
3058,-99.609375
3059,-99.39575
3060,-99.487305
3061,-99.3042
3062,-99.365234
3063,-99.27368
3064,-99.39575
3065,-99.63989
3066,-99.70093
3067,-99.67041
3068,-99.39575
3069,-99.63989
3070,-99.67041
3071,-99.609375
3072,-99.609375
3073,-99.3042
3074,-99.39575
3075,-99.51782
3076,-99.63989
3077,-99.70093
3078,-99.70093
3079,-99.70093
3080,-99.63989
3081,-99.70093
3082,-99.731445
3083,-99.70093
3084,-99.67041
3085,-99.70093
3086,-99.57886
3087,-99.57886
3088,-99.67041
3089,-99.63989
3090,-99.609375
3091,-99.27368
3092,-99.63989
3093,-99.67041
3094,-99.51782
3095,-99.731445
3096,-99.3042
3097,-99.51782
3098,-99.39575
3099,-99.51782
3100,-99.63989
3101,-99.51782
3102,-99.609375
3103,-99.27368
3104,-99.487305
3105,-99.70093
3106,-99.67041
3107,-99.63989
3108,-99.243164
3109,-99.42627
3110,-99.57886
3111,-99.487305
3112,-99.67041
3113,-99.42627
3114,-99.3042
3115,-99.39575
3116,-99.609375
3117,-99.67041
3118,-99.67041
3119,-99.67041
3120,-99.70093
3121,-99.67041
3122,-99.63989
3123,-99.63989
3124,-99.67041
3125,-99.67041
3126,-99.39575
3127,-99.487305
3128,-99.70093
3129,-99.76196
3130,-99.487305
3131,-99.70093
3132,-99.731445
3133,-99.63989
3134,-99.67041
3135,-99.67041
3136,-99.57886
3137,-99.70093
3138,-99.487305
3139,-99.51782
3140,-99.609375
3141,-99.51782
3142,-99.70093
3143,-99.70093
3144,-99.609375
3145,-99.487305
3146,-99.243164
3147,-99.57886
3148,-99.70093
3149,-99.57886
3150,-99.67041
3151,-99.76196
3152,-99.67041
3153,-99.70093
3154,-99.67041
3155,-99.67041
3156,-99.67041
3157,-99.70093
3158,-99.823
3159,-99.57886
3160,-99.853516
3161,-99.51782
3162,-99.63989
3163,-99.70093
3164,-99.63989
3165,-99.67041
3166,-99.51782
3167,-99.243164
3168,-99.63989
3169,-99.70093
3170,-99.45679
3171,-99.57886
3172,-99.70093
3173,-99.67041
3174,-99.63989
3175,-99.63989
3176,-99.70093
3177,-99.731445
3178,-99.91455
3179,-99.27368
3180,-99.33472
3181,-99.853516
3182,-99.79248
3183,-99.63989
3184,-99.63989
3185,-99.70093
3186,-99.70093
3187,-99.487305
3188,-99.609375
3189,-99.67041
3190,-99.63989
3191,-99.243164
3192,-99.487305
3193,-99.487305
3194,-99.51782
3195,-99.27368
3196,-99.45679
3197,-99.57886
3198,-99.63989
3199,-99.67041
3200,-99.70093
3201,-99.63989
3202,-99.67041
3203,-99.67041
3204,-99.57886
3205,-99.45679
3206,-99.487305
3207,-99.487305
3208,-99.76196
3209,-99.609375
3210,-99.63989
3211,-99.487305
3212,-99.67041
3213,-99.67041
3214,-99.67041
3215,-99.67041
3216,-99.67041
3217,-99.823
3218,-99.57886
3219,-99.57886
3220,-99.57886
3221,-99.42627
3222,-99.731445
3223,-99.67041
3224,-99.609375
3225,-99.487305
3226,-99.731445
3227,-99.731445
3228,-99.70093
3229,-99.63989
3230,-99.70093
3231,-99.76196
3232,-99.70093
3233,-99.487305
3234,-99.487305
3235,-99.57886
3236,-99.67041
3237,-99.67041
3238,-99.70093
3239,-99.63989
3240,-99.67041
3241,-99.67041
3242,-99.70093
3243,-99.70093
3244,-99.67041
3245,-99.63989
3246,-99.487305
3247,-99.609375
3248,-99.70093
3249,-99.63989
3250,-99.39575
3251,-99.51782
3252,-99.70093
3253,-99.67041
3254,-99.70093
3255,-99.70093
3256,-99.487305
3257,-99.67041
3258,-99.45679
3259,-99.57886
3260,-99.45679
3261,-99.731445
3262,-99.79248
3263,-99.76196
3264,-99.70093
3265,-99.63989
3266,-99.609375
3267,-99.63989
3268,-99.70093
3269,-99.609375
3270,-99.609375
3271,-99.57886
3272,-99.63989
3273,-99.70093
3274,-99.67041
3275,-99.63989
3276,-99.70093
3277,-99.27368
3278,-99.57886
3279,-99.39575
3280,-99.57886
3281,-99.57886
3282,-99.487305
3283,-99.51782
3284,-99.243164
3285,-99.63989
3286,-99.67041
3287,-99.63989
3288,-99.51782
3289,-99.70093
3290,-99.57886
3291,-99.57886
3292,-99.51782
3293,-99.63989
3294,-99.45679
3295,-99.70093
3296,-99.70093
3297,-99.67041
3298,-99.70093
3299,-99.70093
3300,-99.70093
3301,-99.70093
3302,-99.609375
3303,-99.609375
3304,-99.42627
3305,-99.94507
3306,-99.487305
3307,-99.731445
3308,-99.70093
3309,-99.487305
3310,-99.79248
3311,-99.63989
3312,-99.609375
3313,-99.51782
3314,-99.51782
3315,-99.609375
3316,-99.63989
3317,-99.67041
3318,-99.57886
3319,-99.76196
3320,-99.51782
3321,-99.57886
3322,-99.487305
3323,-99.609375
3324,-99.63989
3325,-99.67041
3326,-99.487305
3327,-99.365234
3328,-99.79248
3329,-99.70093
3330,-99.63989
3331,-99.3042
3332,-99.67041
3333,-99.731445
3334,-99.487305
3335,-99.63989
3336,-99.243164
3337,-99.67041
3338,-99.609375
3339,-99.45679
3340,-99.487305
3341,-99.42627
3342,-99.42627
3343,-99.33472
3344,-99.57886
3345,-99.51782
3346,-99.67041
3347,-99.67041
3348,-99.51782
3349,-99.609375
3350,-99.70093
3351,-99.51782
3352,-99.39575
3353,-99.79248
3354,-99.67041
3355,-99.609375
3356,-99.67041
3357,-99.63989
3358,-99.63989
3359,-99.67041
3360,-99.76196
3361,-99.76196
3362,-99.67041
3363,-99.67041
3364,-99.63989
3365,-99.57886
3366,-99.487305
3367,-99.365234
3368,-99.609375
3369,-99.67041
3370,-99.609375
3371,-99.51782
3372,-99.67041
3373,-99.63989
3374,-99.63989
3375,-99.731445
3376,-99.3042
3377,-99.57886
3378,-99.70093
3379,-99.487305
3380,-99.45679
3381,-99.63989
3382,-99.57886
3383,-99.70093
3384,-99.70093
3385,-99.70093
3386,-99.70093
3387,-99.57886
3388,-99.33472
3389,-99.57886
3390,-99.67041
3391,-99.39575
3392,-99.70093
3393,-99.63989
3394,-99.39575
3395,-99.57886
3396,-99.63989
3397,-99.57886
3398,-99.609375
3399,-99.63989
3400,-99.67041
3401,-99.70093
3402,-99.70093
3403,-99.63989
3404,-99.51782
3405,-99.45679
3406,-99.70093
3407,-99.487305
3408,-99.731445
3409,-99.67041
3410,-99.70093
3411,-99.67041
3412,-99.63989
3413,-99.63989
3414,-99.609375
3415,-99.76196
3416,-99.67041
3417,-99.823
3418,-99.731445
3419,-99.487305
3420,-99.57886
3421,-99.57886
3422,-99.487305
3423,-99.67041
3424,-99.67041
3425,-99.63989
3426,-99.57886
3427,-99.3042
3428,-99.609375
3429,-99.731445
3430,-99.63989
3431,-99.63989
3432,-99.67041
3433,-99.731445
3434,-99.70093
3435,-99.76196
3436,-99.609375
3437,-99.42627
3438,-99.51782
3439,-99.609375
3440,-99.57886
3441,-99.609375
3442,-99.70093
3443,-99.365234
3444,-99.27368
3445,-99.79248
3446,-99.731445
3447,-99.57886
3448,-99.3042
3449,-99.609375
3450,-99.57886
3451,-99.33472
3452,-99.70093
3453,-99.67041
3454,-99.70093
3455,-99.63989
3456,-99.51782
3457,-99.57886
3458,-99.609375
3459,-99.67041
3460,-99.487305
3461,-99.70093
3462,-99.487305
3463,-99.70093
3464,-99.731445
3465,-99.487305
3466,-99.39575
3467,-99.63989
3468,-99.67041
3469,-99.39575
3470,-99.63989
3471,-99.39575
3472,-99.731445
3473,-99.70093
3474,-99.39575
3475,-99.45679
3476,-99.33472
3477,-99.91455
3478,-99.27368
3479,-99.39575
3480,-99.63989
3481,-99.79248
3482,-99.731445
3483,-99.487305
3484,-99.67041
3485,-99.63989
3486,-99.57886
3487,-99.67041
3488,-99.57886
3489,-99.63989
3490,-99.57886
3491,-99.609375
3492,-99.731445
3493,-99.67041
3494,-99.67041
3495,-99.67041
3496,-99.609375
3497,-99.731445
3498,-99.51782
3499,-99.51782
3500,-99.63989
3501,-99.487305
3502,-99.70093
3503,-99.70093
3504,-99.63989
3505,-99.57886
3506,-99.487305
3507,-99.70093
3508,-99.57886
3509,-99.731445
3510,-99.67041
3511,-99.609375
3512,-99.63989
3513,-99.57886
3514,-99.79248
3515,-99.33472
3516,-99.609375
3517,-99.63989
3518,-99.609375
3519,-99.609375
3520,-99.57886
3521,-99.51782
3522,-99.51782
3523,-99.45679
3524,-99.487305
3525,-99.487305
3526,-99.67041
3527,-99.63989
3528,-99.51782
3529,-99.33472
3530,-99.67041
3531,-99.609375
3532,-99.42627
3533,-99.67041
3534,-99.42627
3535,-99.609375
3536,-99.70093
3537,-99.70093
3538,-99.67041
3539,-99.63989
3540,-99.70093
3541,-99.609375
3542,-99.609375
3543,-99.67041
3544,-99.365234
3545,-99.79248
3546,-99.487305
3547,-99.63989
3548,-99.609375
3549,-99.609375
3550,-99.63989
3551,-99.609375
3552,-99.609375
3553,-99.487305
3554,-99.609375
3555,-99.67041
3556,-99.63989
3557,-99.63989
3558,-99.70093
3559,-99.731445
3560,-99.67041
3561,-99.67041
3562,-99.67041
3563,-99.609375
3564,-99.63989
3565,-99.39575
3566,-99.70093
3567,-99.731445
3568,-99.57886
3569,-99.731445
3570,-99.67041
3571,-99.853516
3572,-99.67041
3573,-99.67041
3574,-99.63989
3575,-99.70093
3576,-99.67041
3577,-99.63989
3578,-99.63989
3579,-99.731445
3580,-99.609375
3581,-99.609375
3582,-99.63989
3583,-99.365234
3584,-99.731445
3585,-99.609375
3586,-99.609375
3587,-99.45679
3588,-99.57886
3589,-99.76196
3590,-99.63989
3591,-99.63989
3592,-99.731445
3593,-99.731445
3594,-99.63989
3595,-99.42627
3596,-99.51782
3597,-99.365234
3598,-99.42627
3599,-99.63989
3600,-99.57886
3601,-99.63989
3602,-99.51782
3603,-99.63989
3604,-99.18213
3605,-99.39575
3606,-99.67041
3607,-99.57886
3608,-99.45679
3609,-99.51782
3610,-99.67041
3611,-99.57886
3612,-99.79248
3613,-99.79248
3614,-99.39575
3615,-99.57886
3616,-99.70093
3617,-99.63989
3618,-99.67041
3619,-99.67041
3620,-99.609375
3621,-99.51782
3622,-99.67041
3623,-99.51782
3624,-99.76196
3625,-99.70093
3626,-99.67041
3627,-99.67041
3628,-99.51782
3629,-99.487305
3630,-99.67041
3631,-99.487305
3632,-99.67041
3633,-99.487305
3634,-99.45679
3635,-99.51782
3636,-99.609375
3637,-99.609375
3638,-99.609375
3639,-99.67041
3640,-99.609375
3641,-99.57886
3642,-99.57886
3643,-99.67041
3644,-99.70093
3645,-99.70093
3646,-99.70093
3647,-99.67041
3648,-99.70093
3649,-99.67041
3650,-99.70093
3651,-99.63989
3652,-99.70093
3653,-99.609375
3654,-99.609375
3655,-99.609375
3656,-99.609375
3657,-99.63989
3658,-99.63989
3659,-99.63989
3660,-99.70093
3661,-99.63989
3662,-99.63989
3663,-99.51782
3664,-99.51782
3665,-99.609375
3666,-99.70093
3667,-99.57886
3668,-99.39575
3669,-99.51782
3670,-99.63989
3671,-99.51782
3672,-99.76196
3673,-99.79248
3674,-99.27368
3675,-99.609375
3676,-99.57886
3677,-99.609375
3678,-99.63989
3679,-99.67041
3680,-99.63989
3681,-99.609375
3682,-99.57886
3683,-99.45679
3684,-99.63989
3685,-99.63989
3686,-99.63989
3687,-99.67041
3688,-99.57886
3689,-99.731445
3690,-99.70093
3691,-99.67041
3692,-99.39575
3693,-99.3042
3694,-99.63989
3695,-99.67041
3696,-99.70093
3697,-99.76196
3698,-99.70093
3699,-99.70093
3700,-99.67041
3701,-99.67041
3702,-99.67041
3703,-99.609375
3704,-99.609375
3705,-99.365234
3706,-99.731445
3707,-99.67041
3708,-99.70093
3709,-99.45679
3710,-99.76196
3711,-99.609375
3712,-99.70093
3713,-99.67041
3714,-99.731445
3715,-99.70093
3716,-99.45679
3717,-99.67041
3718,-99.15161
3719,-99.76196
3720,-99.76196
3721,-99.243164
3722,-99.70093
3723,-99.731445
3724,-99.487305
3725,-99.67041
3726,-99.57886
3727,-99.609375
3728,-99.365234
3729,-99.70093
3730,-99.57886
3731,-99.45679
3732,-99.609375
3733,-99.67041
3734,-99.63989
3735,-99.70093
3736,-99.70093
3737,-99.609375
3738,-99.51782
3739,-99.823
3740,-99.67041
3741,-99.731445
3742,-99.63989
3743,-99.70093
3744,-99.57886
3745,-99.27368
3746,-99.45679
3747,-99.70093
3748,-99.63989
3749,-99.33472
3750,-99.63989
3751,-99.67041
3752,-99.487305
3753,-99.487305
3754,-99.487305
3755,-99.67041
3756,-99.63989
3757,-99.63989
3758,-99.67041
3759,-99.63989
3760,-99.63989
3761,-99.67041
3762,-99.63989
3763,-99.67041
3764,-99.63989
3765,-99.51782
3766,-99.609375
3767,-99.67041
3768,-99.67041
3769,-99.67041
3770,-99.27368
3771,-99.67041
3772,-99.67041
3773,-99.70093
3774,-99.70093
3775,-99.731445
3776,-99.70093
3777,-99.45679
3778,-99.45679
3779,-99.609375
3780,-99.67041
3781,-99.76196
3782,-99.70093
3783,-99.63989
3784,-99.51782
3785,-99.609375
3786,-99.731445
3787,-99.70093
3788,-99.609375
3789,-99.63989
3790,-99.45679
3791,-99.609375
3792,-99.487305
3793,-99.51782
3794,-99.63989
3795,-99.609375
3796,-99.70093
3797,-99.57886
3798,-99.42627
3799,-99.70093
3800,-99.487305
3801,-99.51782
3802,-99.51782
3803,-99.45679
3804,-99.67041
3805,-99.70093
3806,-99.57886
3807,-99.45679
3808,-99.731445
3809,-99.67041
3810,-99.609375
3811,-99.609375
3812,-99.51782
3813,-99.487305
3814,-99.57886
3815,-99.731445
3816,-99.609375
3817,-99.823
3818,-99.67041
3819,-99.79248
3820,-99.63989
3821,-99.731445
3822,-99.45679
3823,-99.67041
3824,-99.67041
3825,-99.51782
3826,-99.365234
3827,-99.609375
3828,-99.731445
3829,-99.731445
3830,-99.33472
3831,-99.731445
3832,-99.609375
3833,-99.67041
3834,-99.67041
3835,-99.487305
3836,-99.609375
3837,-99.42627
3838,-99.609375
3839,-99.42627
3840,-99.487305
3841,-99.3042
3842,-99.243164
3843,-99.45679
3844,-99.79248
3845,-99.70093
3846,-99.67041
3847,-99.609375
3848,-99.609375
3849,-99.67041
3850,-99.57886
3851,-99.39575
3852,-99.731445
3853,-99.70093
3854,-99.70093
3855,-99.67041
3856,-99.57886
3857,-99.67041
3858,-99.365234
3859,-99.609375
3860,-99.63989
3861,-99.365234
3862,-99.42627
3863,-99.70093
3864,-99.70093
3865,-99.67041
3866,-99.63989
3867,-99.45679
3868,-99.79248
3869,-99.63989
3870,-99.609375
3871,-99.27368
3872,-99.67041
3873,-99.63989
3874,-99.88403
3875,-99.63989
3876,-99.70093
3877,-99.731445
3878,-99.67041
3879,-99.67041
3880,-99.67041
3881,-99.67041
3882,-99.63989
3883,-99.609375
3884,-99.609375
3885,-99.70093
3886,-99.731445
3887,-99.70093
3888,-99.63989
3889,-99.79248
3890,-99.70093
3891,-99.609375
3892,-99.51782
3893,-99.39575
3894,-99.609375
3895,-99.67041
3896,-99.70093
3897,-99.63989
3898,-99.731445
3899,-99.67041
3900,-99.731445
3901,-99.67041
3902,-99.731445
3903,-99.731445
3904,-99.63989
3905,-99.487305
3906,-99.88403
3907,-99.853516
3908,-99.70093
3909,-99.67041
3910,-99.3042
3911,-99.731445
3912,-99.63989
3913,-99.731445
3914,-99.731445
3915,-99.57886
3916,-99.487305
3917,-99.33472
3918,-99.45679
3919,-99.487305
3920,-99.365234
3921,-99.63989
3922,-99.609375
3923,-99.731445
3924,-99.42627
3925,-99.63989
3926,-99.70093
3927,-99.609375
3928,-99.243164
3929,-99.57886
3930,-99.609375
3931,-99.609375
3932,-99.76196
3933,-99.45679
3934,-99.63989
3935,-99.63989
3936,-99.70093
3937,-99.67041
3938,-99.67041
3939,-99.67041
3940,-99.63989
3941,-99.67041
3942,-99.70093
3943,-99.57886
3944,-99.45679
3945,-99.79248
3946,-99.39575
3947,-99.67041
3948,-99.609375
3949,-99.33472
3950,-99.57886
3951,-99.731445
3952,-99.609375
3953,-99.63989
3954,-99.67041
3955,-99.63989
3956,-99.67041
3957,-99.487305
3958,-99.487305
3959,-99.76196
3960,-99.57886
3961,-99.823
3962,-99.45679
3963,-99.57886
3964,-99.57886
3965,-99.731445
3966,-99.70093
3967,-99.63989
3968,-99.27368
3969,-99.57886
3970,-99.70093
3971,-99.57886
3972,-99.33472
3973,-99.731445
3974,-99.3042
3975,-99.51782
3976,-99.609375
3977,-99.63989
3978,-99.67041
3979,-99.731445
3980,-99.63989
3981,-99.67041
3982,-99.63989
3983,-99.63989
3984,-99.63989
3985,-99.42627
3986,-99.609375
3987,-99.731445
3988,-99.63989
3989,-99.42627
3990,-99.487305
3991,-99.70093
3992,-99.57886
3993,-99.67041
3994,-99.67041
3995,-99.63989
3996,-99.45679
3997,-99.731445
3998,-99.731445
3999,-99.67041
4000,-99.823
4001,-99.853516
4002,-99.39575
4003,-99.487305
4004,-99.79248
4005,-99.70093
4006,-99.67041
4007,-99.57886
4008,-99.76196
4009,-99.63989
4010,-99.63989
4011,-99.487305
4012,-99.609375
4013,-99.731445
4014,-99.45679
4015,-99.42627
4016,-99.51782
4017,-99.609375
4018,-99.67041
4019,-99.63989
4020,-99.70093
4021,-99.70093
4022,-99.70093
4023,-99.57886
4024,-99.42627
4025,-99.3042
4026,-99.57886
4027,-99.70093
4028,-99.67041
4029,-99.63989
4030,-99.731445
4031,-99.63989
4032,-99.63989
4033,-99.67041
4034,-99.67041
4035,-99.63989
4036,-99.823
4037,-99.39575
4038,-99.63989
4039,-99.57886
4040,-99.51782
4041,-99.51782
4042,-99.63989
4043,-99.63989
4044,-99.57886
4045,-99.731445
4046,-99.67041
4047,-99.76196
4048,-99.63989
4049,-99.42627
4050,-99.39575
4051,-99.67041
4052,-99.67041
4053,-99.609375
4054,-99.67041
4055,-99.67041
4056,-99.609375
4057,-99.609375
4058,-99.76196
4059,-99.365234
4060,-99.63989
4061,-99.39575
4062,-99.853516
4063,-99.67041
4064,-99.609375
4065,-99.731445
4066,-99.70093
4067,-99.67041
4068,-99.39575
4069,-99.76196
4070,-99.70093
4071,-99.67041
4072,-99.487305
4073,-99.67041
4074,-99.63989
4075,-99.609375
4076,-99.70093
4077,-99.63989
4078,-99.70093
4079,-99.487305
4080,-99.731445
4081,-99.731445
4082,-99.487305
4083,-99.63989
4084,-99.67041
4085,-99.67041
4086,-99.609375
4087,-99.487305
4088,-99.42627
4089,-99.67041
4090,-99.609375
4091,-99.365234
4092,-99.67041
4093,-99.39575
4094,-99.57886
4095,-99.609375
4096,-99.67041
4097,-99.63989
4098,-99.76196
4099,-99.63989
4100,-99.63989
4101,-99.67041
4102,-99.67041
4103,-99.67041
4104,-99.57886
4105,-99.609375
4106,-99.487305
4107,-99.70093
4108,-99.70093
4109,-99.57886
4110,-99.51782
4111,-99.70093
4112,-99.609375
4113,-99.63989
4114,-99.70093
4115,-99.63989
4116,-99.42627
4117,-99.63989
4118,-99.45679
4119,-99.57886
4120,-99.63989
4121,-99.63989
4122,-99.609375
4123,-99.63989
4124,-99.609375
4125,-99.853516
4126,-99.70093
4127,-99.70093
4128,-99.67041
4129,-99.609375
4130,-99.609375
4131,-99.63989
4132,-99.67041
4133,-99.63989
4134,-99.67041
4135,-99.67041
4136,-99.63989
4137,-99.79248
4138,-99.88403
4139,-99.3042
4140,-99.33472
4141,-99.57886
4142,-99.42627
4143,-99.731445
4144,-99.70093
4145,-99.731445
4146,-99.609375
4147,-99.487305
4148,-99.609375
4149,-99.67041
4150,-99.70093
4151,-99.63989
4152,-99.70093
4153,-99.57886
4154,-99.42627
4155,-99.51782
4156,-99.63989
4157,-99.67041
4158,-99.63989
4159,-99.70093
4160,-99.70093
4161,-99.731445
4162,-99.609375
4163,-99.45679
4164,-99.33472
4165,-99.63989
4166,-99.487305
4167,-99.67041
4168,-99.487305
4169,-99.67041
4170,-99.67041
4171,-99.57886
4172,-99.57886
4173,-99.57886
4174,-99.67041
4175,-99.731445
4176,-99.731445
4177,-99.70093
4178,-99.63989
4179,-99.63989
4180,-99.63989
4181,-99.70093
4182,-99.70093
4183,-99.70093
4184,-99.609375
4185,-99.39575
4186,-99.45679
4187,-99.67041
4188,-99.57886
4189,-99.45679
4190,-99.67041
4191,-99.63989
4192,-99.57886
4193,-99.609375
4194,-99.731445
4195,-99.67041
4196,-99.70093
4197,-99.42627
4198,-99.487305
4199,-99.609375
4200,-99.67041
4201,-99.42627
4202,-99.70093
4203,-99.823
4204,-99.63989
4205,-99.70093
4206,-99.609375
4207,-99.57886
4208,-99.731445
4209,-99.70093
4210,-99.63989
4211,-99.70093
4212,-99.51782
4213,-99.609375
4214,-99.609375
4215,-99.609375
4216,-99.609375
4217,-99.67041
4218,-99.63989
4219,-99.67041
4220,-99.67041
4221,-99.70093
4222,-99.63989
4223,-99.57886
4224,-99.57886
4225,-99.243164
4226,-99.79248
4227,-99.76196
4228,-99.70093
4229,-99.57886
4230,-99.823
4231,-99.731445
4232,-99.57886
4233,-99.63989
4234,-99.67041
4235,-99.731445
4236,-99.63989
4237,-99.609375
4238,-99.79248
4239,-99.487305
4240,-99.63989
4241,-99.33472
4242,-99.21265
4243,-99.63989
4244,-99.609375
4245,-99.67041
4246,-99.609375
4247,-99.487305
4248,-99.45679
4249,-99.63989
4250,-99.51782
4251,-99.21265
4252,-99.76196
4253,-99.63989
4254,-99.243164
4255,-99.39575
4256,-99.57886
4257,-99.609375
4258,-99.70093
4259,-99.609375
4260,-99.67041
4261,-99.609375
4262,-99.609375
4263,-99.57886
4264,-99.57886
4265,-99.609375
4266,-99.63989
4267,-99.70093
4268,-99.63989
4269,-99.39575
4270,-99.487305
4271,-99.63989
4272,-99.57886
4273,-99.57886
4274,-99.63989
4275,-99.70093
4276,-99.853516
4277,-99.487305
4278,-99.365234
4279,-99.27368
4280,-99.39575
4281,-99.365234
4282,-99.823
4283,-99.70093
4284,-99.70093
4285,-99.609375
4286,-99.63989
4287,-99.63989
4288,-99.45679
4289,-99.70093
4290,-99.70093
4291,-99.51782
4292,-99.67041
4293,-99.67041
4294,-99.609375
4295,-99.70093
4296,-99.67041
4297,-99.67041
4298,-99.63989
4299,-99.70093
4300,-99.609375
4301,-99.63989
4302,-99.67041
4303,-99.63989
4304,-99.70093
4305,-99.67041
4306,-99.365234
4307,-99.63989
4308,-99.67041
4309,-99.67041
4310,-99.609375
4311,-99.51782
4312,-99.63989
4313,-99.63989
4314,-99.79248
4315,-99.731445
4316,-99.609375
4317,-99.487305
4318,-99.487305
4319,-99.609375
4320,-99.609375
4321,-99.51782
4322,-99.63989
4323,-99.609375
4324,-99.63989
4325,-99.76196
4326,-99.609375
4327,-99.70093
4328,-99.63989
4329,-99.39575
4330,-99.57886
4331,-99.67041
4332,-99.67041
4333,-99.67041
4334,-99.76196
4335,-99.79248
4336,-99.70093
4337,-99.3042
4338,-99.487305
4339,-99.63989
4340,-99.57886
4341,-99.487305
4342,-99.63989
4343,-99.243164
4344,-99.76196
4345,-99.70093
4346,-99.67041
4347,-99.731445
4348,-99.63989
4349,-99.51782
4350,-99.67041
4351,-99.609375
4352,-99.487305
4353,-99.609375
4354,-99.67041
4355,-99.70093
4356,-99.67041
4357,-99.731445
4358,-99.70093
4359,-99.51782
4360,-99.731445
4361,-99.63989
4362,-99.51782
4363,-99.42627
4364,-99.63989
4365,-99.63989
4366,-99.67041
4367,-99.57886
4368,-99.57886
4369,-99.63989
4370,-99.609375
4371,-99.63989
4372,-99.67041
4373,-99.76196
4374,-99.67041
4375,-99.63989
4376,-99.67041
4377,-99.731445
4378,-99.70093
4379,-99.70093
4380,-99.70093
4381,-99.70093
4382,-99.63989
4383,-99.70093
4384,-99.63989
4385,-99.609375
4386,-99.42627
4387,-99.487305
4388,-99.70093
4389,-99.67041
4390,-99.42627
4391,-99.609375
4392,-99.70093
4393,-99.67041
4394,-99.51782
4395,-99.33472
4396,-99.487305
4397,-99.63989
4398,-99.67041
4399,-99.70093
4400,-99.63989
4401,-99.63989
4402,-99.63989
4403,-99.609375
4404,-99.63989
4405,-99.63989
4406,-99.487305
4407,-99.57886
4408,-99.70093
4409,-99.51782
4410,-99.79248
4411,-99.70093
4412,-99.70093
4413,-99.731445
4414,-99.70093
4415,-99.39575
4416,-99.731445
4417,-99.27368
4418,-99.3042
4419,-99.63989
4420,-99.63989
4421,-99.33472
4422,-99.27368
4423,-99.57886
4424,-99.57886
4425,-99.70093
4426,-99.70093
4427,-99.57886
4428,-99.21265
4429,-99.731445
4430,-99.67041
4431,-99.3042
4432,-99.45679
4433,-99.57886
4434,-99.57886
4435,-99.76196
4436,-99.63989
4437,-99.731445
4438,-99.51782
4439,-99.487305
4440,-99.67041
4441,-99.67041
4442,-99.609375
4443,-99.609375
4444,-99.70093
4445,-99.70093
4446,-99.63989
4447,-99.51782
4448,-99.57886
4449,-99.63989
4450,-99.609375
4451,-99.27368
4452,-99.487305
4453,-99.51782
4454,-99.57886
4455,-99.63989
4456,-99.70093
4457,-99.63989
4458,-99.63989
4459,-99.67041
4460,-99.70093
4461,-99.70093
4462,-99.67041
4463,-99.63989
4464,-99.57886
4465,-99.63989
4466,-99.51782
4467,-99.67041
4468,-99.70093
4469,-99.609375
4470,-99.76196
4471,-99.70093
4472,-99.70093
4473,-99.63989
4474,-99.63989
4475,-99.487305
4476,-99.487305
4477,-99.63989
4478,-99.57886
4479,-99.57886
4480,-99.609375
4481,-99.609375
4482,-99.609375
4483,-99.63989
4484,-99.45679
4485,-99.39575
4486,-99.51782
4487,-99.76196
4488,-99.70093
4489,-99.609375
4490,-99.609375
4491,-99.731445
4492,-99.609375
4493,-99.63989
4494,-99.70093
4495,-99.63989
4496,-99.487305
4497,-99.51782
4498,-99.18213
4499,-99.79248
4500,-99.63989
4501,-99.487305
4502,-99.57886
4503,-99.79248
4504,-99.63989
4505,-99.70093
4506,-99.609375
4507,-99.39575
4508,-99.51782
4509,-99.609375
4510,-99.57886
4511,-99.88403
4512,-99.609375
4513,-99.39575
4514,-99.33472
4515,-99.57886
4516,-99.63989
4517,-99.67041
4518,-99.63989
4519,-99.609375
4520,-99.67041
4521,-99.70093
4522,-99.67041
4523,-99.70093
4524,-99.63989
4525,-99.51782
4526,-99.42627
4527,-99.853516
4528,-99.67041
4529,-99.51782
4530,-99.487305
4531,-99.63989
4532,-99.57886
4533,-99.609375
4534,-99.63989
4535,-99.67041
4536,-99.67041
4537,-99.823
4538,-99.94507
4539,-99.3042
4540,-99.39575
4541,-99.365234
4542,-99.21265
4543,-99.70093
4544,-99.67041
4545,-99.67041
4546,-99.63989
4547,-99.57886
4548,-99.94507
4549,-99.57886
4550,-99.67041
4551,-99.609375
4552,-99.609375
4553,-99.3042
4554,-99.487305
4555,-99.63989
4556,-99.609375
4557,-99.57886
4558,-99.70093
4559,-99.63989
4560,-99.731445
4561,-99.70093
4562,-99.67041
4563,-99.609375
4564,-99.51782
4565,-99.609375
4566,-99.731445
4567,-99.609375
4568,-99.63989
4569,-99.51782
4570,-99.487305
4571,-99.67041
4572,-99.63989
4573,-99.70093
4574,-99.70093
4575,-99.70093
4576,-99.63989
4577,-99.487305
4578,-99.76196
4579,-99.731445
4580,-99.487305
4581,-99.67041
4582,-99.609375
4583,-99.609375
4584,-99.63989
4585,-99.63989
4586,-99.487305
4587,-99.63989
4588,-99.63989
4589,-99.51782
4590,-99.39575
4591,-99.63989
4592,-99.63989
4593,-99.67041
4594,-99.70093
4595,-99.57886
4596,-99.70093
4597,-99.365234
4598,-99.3042
4599,-99.63989
4600,-99.67041
4601,-99.487305
4602,-99.823
4603,-99.70093
4604,-99.487305
4605,-99.731445
4606,-99.67041
4607,-99.67041
4608,-99.3042
4609,-99.487305
4610,-99.67041
4611,-99.609375
4612,-99.853516
4613,-99.609375
4614,-99.609375
4615,-99.609375
4616,-99.70093
4617,-99.70093
4618,-99.70093
4619,-99.731445
4620,-99.731445
4621,-99.70093
4622,-99.67041
4623,-99.70093
4624,-99.67041
4625,-99.487305
4626,-99.853516
4627,-99.70093
4628,-99.67041
4629,-99.51782
4630,-99.853516
4631,-99.67041
4632,-99.67041
4633,-99.731445
4634,-99.67041
4635,-99.487305
4636,-99.51782
4637,-99.51782
4638,-99.57886
4639,-99.67041
4640,-99.63989
4641,-99.63989
4642,-99.63989
4643,-99.51782
4644,-99.51782
4645,-99.45679
4646,-99.731445
4647,-99.70093
4648,-99.731445
4649,-99.63989
4650,-99.88403
4651,-99.731445
4652,-99.67041
4653,-99.731445
4654,-99.70093
4655,-99.67041
4656,-99.39575
4657,-99.609375
4658,-99.18213
4659,-99.609375
4660,-99.21265
4661,-99.67041
4662,-99.70093
4663,-99.63989
4664,-99.70093
4665,-99.63989
4666,-99.63989
4667,-99.609375
4668,-99.487305
4669,-99.63989
4670,-99.609375
4671,-99.33472
4672,-99.609375
4673,-99.39575
4674,-99.609375
4675,-99.609375
4676,-99.609375
4677,-99.70093
4678,-99.70093
4679,-99.731445
4680,-99.731445
4681,-99.731445
4682,-99.731445
4683,-99.70093
4684,-99.70093
4685,-99.63989
4686,-99.487305
4687,-99.51782
4688,-99.67041
4689,-99.63989
4690,-99.3042
4691,-99.63989
4692,-99.63989
4693,-99.63989
4694,-99.853516
4695,-99.67041
4696,-99.27368
4697,-99.57886
4698,-99.45679
4699,-99.39575
4700,-99.51782
4701,-99.27368
4702,-99.609375
4703,-99.51782
4704,-99.70093
4705,-99.67041
4706,-99.609375
4707,-99.57886
4708,-99.70093
4709,-99.63989
4710,-99.21265
4711,-99.76196
4712,-99.67041
4713,-99.67041
4714,-99.67041
4715,-99.67041
4716,-99.63989
4717,-99.823
4718,-99.42627
4719,-99.42627
4720,-99.57886
4721,-99.45679
4722,-99.731445
4723,-99.70093
4724,-99.70093
4725,-99.609375
4726,-99.365234
4727,-99.57886
4728,-99.76196
4729,-99.609375
4730,-99.79248
4731,-99.70093
4732,-99.63989
4733,-99.67041
4734,-99.67041
4735,-99.70093
4736,-99.67041
4737,-99.609375
4738,-99.63989
4739,-99.67041
4740,-99.487305
4741,-99.63989
4742,-99.63989
4743,-99.63989
4744,-99.63989
4745,-99.609375
4746,-99.731445
4747,-99.70093
4748,-99.67041
4749,-99.45679
4750,-99.731445
4751,-99.67041
4752,-99.67041
4753,-99.70093
4754,-99.67041
4755,-99.67041
4756,-99.51782
4757,-99.39575
4758,-99.79248
4759,-99.27368
4760,-99.243164
4761,-99.88403
4762,-99.70093
4763,-99.63989
4764,-99.51782
4765,-99.731445
4766,-99.70093
4767,-99.57886
4768,-99.3042
4769,-99.63989
4770,-99.609375
4771,-99.57886
4772,-99.18213
4773,-99.67041
4774,-99.609375
4775,-99.63989
4776,-99.57886
4777,-99.70093
4778,-99.67041
4779,-99.70093
4780,-99.67041
4781,-99.70093
4782,-99.67041
4783,-99.70093
4784,-99.70093
4785,-99.365234
4786,-99.70093
4787,-99.67041
4788,-99.70093
4789,-99.609375
4790,-99.63989
4791,-99.70093
4792,-99.67041
4793,-99.731445
4794,-99.67041
4795,-99.63989
4796,-99.487305
4797,-99.3042
4798,-99.365234
4799,-99.57886
4800,-99.42627
4801,-99.487305
4802,-99.42627
4803,-99.51782
4804,-99.33472
4805,-99.39575
4806,-99.67041
4807,-99.70093
4808,-99.67041
4809,-99.79248
4810,-99.731445
4811,-99.63989
4812,-99.609375
4813,-99.63989
4814,-99.63989
4815,-99.63989
4816,-99.67041
4817,-99.67041
4818,-99.63989
4819,-99.67041
4820,-99.63989
4821,-99.57886
4822,-99.39575
4823,-99.63989
4824,-99.609375
4825,-99.731445
4826,-99.63989
4827,-99.45679
4828,-99.70093
4829,-99.70093
4830,-99.487305
4831,-99.63989
4832,-99.823
4833,-99.51782
4834,-99.853516
4835,-99.487305
4836,-99.51782
4837,-99.57886
4838,-99.609375
4839,-99.63989
4840,-99.63989
4841,-99.609375
4842,-99.51782
4843,-99.487305
4844,-99.243164
4845,-99.57886
4846,-99.63989
4847,-99.57886
4848,-99.365234
4849,-99.88403
4850,-99.67041
4851,-99.57886
4852,-99.91455
4853,-99.70093
4854,-99.67041
4855,-99.63989
4856,-99.70093
4857,-99.67041
4858,-99.70093
4859,-99.67041
4860,-99.731445
4861,-99.67041
4862,-99.67041
4863,-99.609375
4864,-99.609375
4865,-99.33472
4866,-99.79248
4867,-99.70093
4868,-99.70093
4869,-99.51782
4870,-99.487305
4871,-99.609375
4872,-99.609375
4873,-99.63989
4874,-99.67041
4875,-99.63989
4876,-99.57886
4877,-99.731445
4878,-99.42627
4879,-99.57886
4880,-99.39575
4881,-99.853516
4882,-99.67041
4883,-99.51782
4884,-99.51782
4885,-99.70093
4886,-99.63989
4887,-99.67041
4888,-99.27368
4889,-99.70093
4890,-99.731445
4891,-99.51782
4892,-99.3042
4893,-99.487305
4894,-99.51782
4895,-99.63989
4896,-99.67041
4897,-99.67041
4898,-99.70093
4899,-99.731445
4900,-99.731445
4901,-99.63989
4902,-99.70093
4903,-99.63989
4904,-99.51782
4905,-99.76196
4906,-99.57886
4907,-99.70093
4908,-99.70093
4909,-99.609375
4910,-99.63989
4911,-99.70093
4912,-99.67041
4913,-99.70093
4914,-99.70093
4915,-99.70093
4916,-99.67041
4917,-99.91455
4918,-99.39575
4919,-99.63989
4920,-99.42627
4921,-99.76196
4922,-99.67041
4923,-99.67041
4924,-99.67041
4925,-99.63989
4926,-99.63989
4927,-99.63989
4928,-99.67041
4929,-99.63989
4930,-99.45679
4931,-99.609375
4932,-99.731445
4933,-99.731445
4934,-99.70093
4935,-99.51782
4936,-99.42627
4937,-99.731445
4938,-99.365234
4939,-99.365234
4940,-99.487305
4941,-99.39575
4942,-99.67041
4943,-99.63989
4944,-99.63989
4945,-99.63989
4946,-99.51782
4947,-99.731445
4948,-99.51782
4949,-99.67041
4950,-99.57886
4951,-99.45679
4952,-99.731445
4953,-99.609375
4954,-99.609375
4955,-99.609375
4956,-99.609375
4957,-99.63989
4958,-99.67041
4959,-99.63989
4960,-99.63989
4961,-99.63989
4962,-99.57886
4963,-99.609375
4964,-99.365234
4965,-99.67041
4966,-99.51782
4967,-99.67041
4968,-99.609375
4969,-99.609375
4970,-99.609375
4971,-99.609375
4972,-99.57886
4973,-99.51782
4974,-99.67041
4975,-99.63989
4976,-99.67041
4977,-99.63989
4978,-99.487305
4979,-99.51782
4980,-99.70093
4981,-99.67041
4982,-99.70093
4983,-99.67041
4984,-99.609375
4985,-99.609375
4986,-99.70093
4987,-99.609375
4988,-99.63989
4989,-99.63989
4990,-99.487305
4991,-99.63989
4992,-99.70093
4993,-99.63989
4994,-99.70093
4995,-99.67041
4996,-99.45679
4997,-99.51782
4998,-99.243164
4999,-99.88403
5000,-99.91455
5001,-99.33472
5002,-99.63989
5003,-99.70093
5004,-99.67041
5005,-99.63989
5006,-99.63989
5007,-99.487305
5008,-99.63989
5009,-99.70093
5010,-99.67041
5011,-99.39575
5012,-99.731445
5013,-99.70093
5014,-99.609375
5015,-99.57886
5016,-99.63989
5017,-99.609375
5018,-99.67041
5019,-99.63989
5020,-99.63989
5021,-99.609375
5022,-99.51782
5023,-99.51782
5024,-99.243164
5025,-99.67041
5026,-99.609375
5027,-99.487305
5028,-99.42627
5029,-99.42627
5030,-99.67041
5031,-99.57886
5032,-99.609375
5033,-99.63989
5034,-99.67041
5035,-99.731445
5036,-99.70093
5037,-99.731445
5038,-99.70093
5039,-99.42627
5040,-99.51782
5041,-99.609375
5042,-99.79248
5043,-99.67041
5044,-99.67041
5045,-99.67041
5046,-99.487305
5047,-99.487305
5048,-99.487305
5049,-99.63989
5050,-99.51782
5051,-99.609375
5052,-99.67041
5053,-99.42627
5054,-99.609375
5055,-99.609375
5056,-99.63989
5057,-99.63989
5058,-99.609375
5059,-99.67041
5060,-99.57886
5061,-99.51782
5062,-99.45679
5063,-99.27368
5064,-99.57886
5065,-99.63989
5066,-99.70093
5067,-99.57886
5068,-99.609375
5069,-99.853516
5070,-99.70093
5071,-99.57886
5072,-99.487305
5073,-99.609375
5074,-99.63989
5075,-99.609375
5076,-99.70093
5077,-99.70093
5078,-99.63989
5079,-99.51782
5080,-99.45679
5081,-99.67041
5082,-99.70093
5083,-99.70093
5084,-99.67041
5085,-99.67041
5086,-99.57886
5087,-99.731445
5088,-99.67041
5089,-99.63989
5090,-99.57886
5091,-99.42627
5092,-99.609375
5093,-99.63989
5094,-99.67041
5095,-99.487305
5096,-99.27368
5097,-99.33472
5098,-99.609375
5099,-99.67041
5100,-99.33472
5101,-99.33472
5102,-99.57886
5103,-99.51782
5104,-99.67041
5105,-99.70093
5106,-99.63989
5107,-99.33472
5108,-99.731445
5109,-99.57886
5110,-99.487305
5111,-99.731445
5112,-99.51782
5113,-99.731445
5114,-99.79248
5115,-99.51782
5116,-99.57886
5117,-99.57886
5118,-99.70093
5119,-99.609375
5120,-99.63989
5121,-99.67041
5122,-99.67041
5123,-99.51782
5124,-99.609375
5125,-99.57886
5126,-99.63989
5127,-99.57886
5128,-99.57886
5129,-99.67041
5130,-99.63989
5131,-99.63989
5132,-99.51782
5133,-99.67041
5134,-99.70093
5135,-99.70093
5136,-99.67041
5137,-99.42627
5138,-99.823
5139,-99.731445
5140,-99.63989
5141,-99.63989
5142,-99.63989
5143,-99.609375
5144,-99.609375
5145,-99.63989
5146,-99.51782
5147,-99.70093
5148,-99.63989
5149,-99.45679
5150,-99.609375
5151,-99.731445
5152,-99.609375
5153,-99.67041
5154,-99.731445
5155,-99.79248
5156,-99.57886
5157,-99.70093
5158,-99.365234
5159,-99.487305
5160,-99.27368
5161,-99.823
5162,-99.76196
5163,-99.67041
5164,-99.731445
5165,-99.731445
5166,-99.63989
5167,-99.51782
5168,-99.51782
5169,-99.70093
5170,-99.57886
5171,-99.79248
5172,-99.57886
5173,-99.45679
5174,-99.487305
5175,-99.63989
5176,-99.63989
5177,-99.63989
5178,-99.609375
5179,-99.609375
5180,-99.70093
5181,-99.76196
5182,-99.70093
5183,-99.609375
5184,-99.609375
5185,-99.63989
5186,-99.63989
5187,-99.76196
5188,-99.63989
5189,-99.57886
5190,-99.731445
5191,-99.63989
5192,-99.67041
5193,-99.67041
5194,-99.67041
5195,-99.63989
5196,-99.57886
5197,-99.67041
5198,-99.487305
5199,-99.67041
5200,-99.67041
5201,-99.57886
5202,-99.45679
5203,-99.63989
5204,-99.731445
5205,-99.70093
5206,-99.609375
5207,-99.33472
5208,-99.88403
5209,-99.63989
5210,-99.487305
5211,-99.57886
5212,-99.823
5213,-99.731445
5214,-99.42627
5215,-99.39575
5216,-99.63989
5217,-99.609375
5218,-99.51782
5219,-99.609375
5220,-99.63989
5221,-99.487305
5222,-99.63989
5223,-99.731445
5224,-99.67041
5225,-99.70093
5226,-99.63989
5227,-99.45679
5228,-99.18213
5229,-99.63989
5230,-99.57886
5231,-99.609375
5232,-99.853516
5233,-99.57886
5234,-99.609375
5235,-99.67041
5236,-99.67041
5237,-99.609375
5238,-99.63989
5239,-99.487305
5240,-99.45679
5241,-99.57886
5242,-99.70093
5243,-99.731445
5244,-99.70093
5245,-99.67041
5246,-99.63989
5247,-99.79248
5248,-99.70093
5249,-99.70093
5250,-99.33472
5251,-99.57886
5252,-99.609375
5253,-99.487305
5254,-99.39575
5255,-99.57886
5256,-99.45679
5257,-99.63989
5258,-99.57886
5259,-99.609375
5260,-99.609375
5261,-99.487305
5262,-99.609375
5263,-99.731445
5264,-99.63989
5265,-99.70093
5266,-99.70093
5267,-99.63989
5268,-99.853516
5269,-99.67041
5270,-99.67041
5271,-99.70093
5272,-99.79248
5273,-99.45679
5274,-99.39575
5275,-99.45679
5276,-99.57886
5277,-99.57886
5278,-99.609375
5279,-99.63989
5280,-99.67041
5281,-99.63989
5282,-99.70093
5283,-99.609375
5284,-99.51782
5285,-99.57886
5286,-99.51782
5287,-99.67041
5288,-99.731445
5289,-99.42627
5290,-99.67041
5291,-99.63989
5292,-99.67041
5293,-99.70093
5294,-99.731445
5295,-99.67041
5296,-99.487305
5297,-99.365234
5298,-99.63989
5299,-99.731445
5300,-99.45679
5301,-99.91455
5302,-99.67041
5303,-99.731445
5304,-99.63989
5305,-99.70093
5306,-99.57886
5307,-99.57886
5308,-99.487305
5309,-99.609375
5310,-99.57886
5311,-99.731445
5312,-99.487305
5313,-99.823
5314,-99.51782
5315,-99.609375
5316,-99.67041
5317,-99.67041
5318,-99.70093
5319,-99.67041
5320,-99.67041
5321,-99.63989
5322,-99.731445
5323,-99.63989
5324,-99.67041
5325,-99.51782
5326,-99.63989
5327,-99.731445
5328,-99.67041
5329,-99.63989
5330,-99.243164
5331,-99.487305
5332,-99.70093
5333,-99.57886
5334,-99.70093
5335,-99.243164
5336,-99.63989
5337,-99.42627
5338,-99.57886
5339,-99.67041
5340,-99.365234
5341,-99.365234
5342,-99.609375
5343,-99.51782
5344,-99.731445
5345,-99.731445
5346,-99.67041
5347,-99.3042
5348,-99.609375
5349,-99.70093
5350,-99.67041
5351,-99.70093
5352,-99.67041
5353,-99.67041
5354,-99.63989
5355,-99.609375
5356,-99.67041
5357,-99.63989
5358,-99.67041
5359,-99.67041
5360,-99.63989
5361,-99.63989
5362,-99.70093
5363,-99.63989
5364,-99.609375
5365,-99.33472
5366,-99.63989
5367,-99.63989
5368,-99.67041
5369,-99.42627
5370,-99.67041
5371,-99.70093
5372,-99.70093
5373,-99.70093
5374,-99.70093
5375,-99.67041
5376,-99.76196
5377,-99.51782
5378,-99.731445
5379,-99.853516
5380,-99.243164
5381,-99.51782
5382,-99.731445
5383,-99.731445
5384,-99.731445
5385,-99.63989
5386,-99.609375
5387,-99.63989
5388,-99.67041
5389,-99.67041
5390,-99.609375
5391,-99.70093
5392,-99.70093
5393,-99.67041
5394,-99.51782
5395,-99.42627
5396,-99.63989
5397,-99.45679
5398,-99.63989
5399,-99.70093
5400,-99.76196
5401,-99.609375
5402,-99.609375
5403,-99.487305
5404,-99.63989
5405,-99.731445
5406,-99.57886
5407,-99.63989
5408,-99.51782
5409,-99.67041
5410,-99.67041
5411,-99.609375
5412,-99.51782
5413,-99.57886
5414,-99.609375
5415,-99.67041
5416,-99.731445
5417,-99.731445
5418,-99.487305
5419,-99.57886
5420,-99.57886
5421,-99.731445
5422,-99.731445
5423,-99.70093
5424,-99.609375
5425,-99.51782
5426,-99.3042
5427,-99.67041
5428,-99.731445
5429,-99.57886
5430,-99.51782
5431,-99.70093
5432,-99.731445
5433,-99.76196
5434,-99.609375
5435,-99.823
5436,-99.27368
5437,-99.45679
5438,-99.51782
5439,-99.45679
5440,-99.42627
5441,-99.51782
5442,-99.63989
5443,-99.57886
5444,-99.79248
5445,-99.63989
5446,-99.67041
5447,-99.63989
5448,-99.823
5449,-99.731445
5450,-99.67041
5451,-99.42627
5452,-99.33472
5453,-99.63989
5454,-99.51782
5455,-99.67041
5456,-99.67041
5457,-99.67041
5458,-99.70093
5459,-99.63989
5460,-99.63989
5461,-99.63989
5462,-99.609375
5463,-99.57886
5464,-99.3042
5465,-99.79248
5466,-99.63989
5467,-99.63989
5468,-99.39575
5469,-99.57886
5470,-99.67041
5471,-99.609375
5472,-99.42627
5473,-99.609375
5474,-99.70093
5475,-99.67041
5476,-99.70093
5477,-99.70093
5478,-99.63989
5479,-99.67041
5480,-99.67041
5481,-99.67041
5482,-99.70093
5483,-99.609375
5484,-99.487305
5485,-99.33472
5486,-99.487305
5487,-99.731445
5488,-99.57886
5489,-99.76196
5490,-99.67041
5491,-99.51782
5492,-99.51782
5493,-99.63989
5494,-99.67041
5495,-99.57886
5496,-99.63989
5497,-99.70093
5498,-99.57886
5499,-99.487305
5500,-99.63989
5501,-99.67041
5502,-99.731445
5503,-99.70093
5504,-99.609375
5505,-99.63989
5506,-99.79248
5507,-99.67041
5508,-99.57886
5509,-99.63989
5510,-99.70093
5511,-99.70093
5512,-99.67041
5513,-99.70093
5514,-99.70093
5515,-99.67041
5516,-99.609375
5517,-99.79248
5518,-99.487305
5519,-99.51782
5520,-99.63989
5521,-99.39575
5522,-99.609375
5523,-99.51782
5524,-99.853516
5525,-99.63989
5526,-99.63989
5527,-99.51782
5528,-99.76196
5529,-99.67041
5530,-99.51782
5531,-99.39575
5532,-99.70093
5533,-99.365234
5534,-99.487305
5535,-99.63989
5536,-99.731445
5537,-99.70093
5538,-99.731445
5539,-99.731445
5540,-99.70093
5541,-99.67041
5542,-99.63989
5543,-99.57886
5544,-99.39575
5545,-99.70093
5546,-99.731445
5547,-99.70093
5548,-99.609375
5549,-99.39575
5550,-99.63989
5551,-99.63989
5552,-99.63989
5553,-99.63989
5554,-99.731445
5555,-99.51782
5556,-99.57886
5557,-99.21265
5558,-99.487305
5559,-99.70093
5560,-99.243164
5561,-99.487305
5562,-99.45679
5563,-99.63989
5564,-99.63989
5565,-99.63989
5566,-99.609375
5567,-99.51782
5568,-99.70093
5569,-99.67041
5570,-99.487305
5571,-99.63989
5572,-99.70093
5573,-99.67041
5574,-99.365234
5575,-99.487305
5576,-99.57886
5577,-99.45679
5578,-99.487305
5579,-99.42627
5580,-99.42627
5581,-99.3042
5582,-99.67041
5583,-99.609375
5584,-99.70093
5585,-99.63989
5586,-99.487305
5587,-99.823
5588,-99.67041
5589,-99.609375
5590,-99.853516
5591,-99.67041
5592,-99.70093
5593,-99.731445
5594,-99.76196
5595,-99.365234
5596,-99.39575
5597,-99.487305
5598,-99.42627
5599,-99.487305
5600,-99.57886
5601,-99.51782
5602,-99.27368
5603,-99.63989
5604,-99.70093
5605,-99.67041
5606,-99.609375
5607,-99.823
5608,-99.67041
5609,-99.63989
5610,-99.487305
5611,-99.51782
5612,-99.487305
5613,-99.70093
5614,-99.33472
5615,-99.67041
5616,-99.609375
5617,-99.609375
5618,-99.63989
5619,-99.57886
5620,-99.51782
5621,-99.67041
5622,-99.609375
5623,-99.63989
5624,-99.70093
5625,-99.63989
5626,-99.487305
5627,-99.487305
5628,-99.70093
5629,-99.70093
5630,-99.609375
5631,-99.731445
5632,-99.609375
5633,-99.487305
5634,-99.33472
5635,-99.487305
5636,-99.67041
5637,-99.731445
5638,-99.731445
5639,-99.70093
5640,-99.70093
5641,-99.609375
5642,-99.63989
5643,-99.57886
5644,-99.45679
5645,-99.88403
5646,-99.45679
5647,-99.731445
5648,-99.63989
5649,-99.27368
5650,-99.76196
5651,-99.67041
5652,-99.63989
5653,-99.67041
5654,-99.67041
5655,-99.67041
5656,-99.79248
5657,-99.70093
5658,-99.70093
5659,-99.731445
5660,-99.45679
5661,-99.487305
5662,-99.63989
5663,-99.67041
5664,-99.63989
5665,-99.42627
5666,-99.57886
5667,-99.67041
5668,-99.731445
5669,-99.57886
5670,-99.45679
5671,-99.67041
5672,-99.731445
5673,-99.67041
5674,-99.609375
5675,-99.51782
5676,-99.21265
5677,-99.3042
5678,-99.63989
5679,-99.57886
5680,-99.39575
5681,-99.45679
5682,-99.70093
5683,-99.51782
5684,-99.76196
5685,-99.67041
5686,-99.63989
5687,-99.67041
5688,-99.731445
5689,-99.487305
5690,-99.63989
5691,-99.67041
5692,-99.67041
5693,-99.70093
5694,-99.70093
5695,-99.731445
5696,-99.57886
5697,-99.79248
5698,-99.51782
5699,-99.67041
5700,-99.487305
5701,-99.67041
5702,-99.70093
5703,-99.67041
5704,-99.67041
5705,-99.63989
5706,-99.67041
5707,-99.67041
5708,-99.57886
5709,-99.243164
5710,-99.67041
5711,-99.57886
5712,-99.67041
5713,-99.63989
5714,-99.70093
5715,-99.67041
5716,-99.63989
5717,-99.67041
5718,-99.3042
5719,-99.88403
5720,-99.823
5721,-99.3042
5722,-99.487305
5723,-99.51782
5724,-99.63989
5725,-99.731445
5726,-99.609375
5727,-99.51782
5728,-99.51782
5729,-99.70093
5730,-99.57886
5731,-99.39575
5732,-99.70093
5733,-99.243164
5734,-99.51782
5735,-99.63989
5736,-99.63989
5737,-99.609375
5738,-99.609375
5739,-99.63989
5740,-99.51782
5741,-99.609375
5742,-99.39575
5743,-99.731445
5744,-99.63989
5745,-99.731445
5746,-99.609375
5747,-99.57886
5748,-99.67041
5749,-99.63989
5750,-99.63989
5751,-99.243164
5752,-99.33472
5753,-99.33472
5754,-99.487305
5755,-99.609375
5756,-99.63989
5757,-99.67041
5758,-99.63989
5759,-99.63989
5760,-99.70093
5761,-99.76196
5762,-99.70093
5763,-99.70093
5764,-99.63989
5765,-99.51782
5766,-99.243164
5767,-99.51782
5768,-99.63989
5769,-99.57886
5770,-99.609375
5771,-99.609375
5772,-99.63989
5773,-99.731445
5774,-99.70093
5775,-99.609375
5776,-99.67041
5777,-99.853516
5778,-99.70093
5779,-99.76196
5780,-99.76196
5781,-99.731445
5782,-99.67041
5783,-99.70093
5784,-99.63989
5785,-99.487305
5786,-99.3042
5787,-99.67041
5788,-99.70093
5789,-99.57886
5790,-99.853516
5791,-99.731445
5792,-99.70093
5793,-99.67041
5794,-99.39575
5795,-99.365234
5796,-99.63989
5797,-99.487305
5798,-99.67041
5799,-99.51782
5800,-99.487305
5801,-99.51782
5802,-99.609375
5803,-99.365234
5804,-99.67041
5805,-99.42627
5806,-99.731445
5807,-99.67041
5808,-99.51782
5809,-99.63989
5810,-99.70093
5811,-99.487305
5812,-99.609375
5813,-99.51782
5814,-99.57886
5815,-99.67041
5816,-99.70093
5817,-99.63989
5818,-99.67041
5819,-99.70093
5820,-99.67041
5821,-99.67041
5822,-99.67041
5823,-99.51782
5824,-99.39575
5825,-99.609375
5826,-99.67041
5827,-99.67041
5828,-99.63989
5829,-99.609375
5830,-99.67041
5831,-99.63989
5832,-99.57886
5833,-99.67041
5834,-99.70093
5835,-99.67041
5836,-99.42627
5837,-99.45679
5838,-99.63989
5839,-99.243164
5840,-99.42627
5841,-99.63989
5842,-99.609375
5843,-99.51782
5844,-99.63989
5845,-99.609375
5846,-99.51782
5847,-99.853516
5848,-99.67041
5849,-99.609375
5850,-99.57886
5851,-99.51782
5852,-99.70093
5853,-99.70093
5854,-99.39575
5855,-99.42627
5856,-99.45679
5857,-99.487305
5858,-99.63989
5859,-99.70093
5860,-99.609375
5861,-99.63989
5862,-99.365234
5863,-99.3042
5864,-99.487305
5865,-99.67041
5866,-99.731445
5867,-99.67041
5868,-99.57886
5869,-99.731445
5870,-99.609375
5871,-99.365234
5872,-99.42627
5873,-99.63989
5874,-99.70093
5875,-99.70093
5876,-99.67041
5877,-99.63989
5878,-99.63989
5879,-99.63989
5880,-99.70093
5881,-99.67041
5882,-99.70093
5883,-99.63989
5884,-99.42627
5885,-99.243164
5886,-99.731445
5887,-99.67041
5888,-99.487305
5889,-99.57886
5890,-99.63989
5891,-99.70093
5892,-99.63989
5893,-99.70093
5894,-99.70093
5895,-99.731445
5896,-99.67041
5897,-99.63989
5898,-99.609375
5899,-99.67041
5900,-99.42627
5901,-99.57886
5902,-99.76196
5903,-99.63989
5904,-99.63989
5905,-99.67041
5906,-99.88403
5907,-99.76196
5908,-99.63989
5909,-99.57886
5910,-99.45679
5911,-99.63989
5912,-99.67041
5913,-99.731445
5914,-99.79248
5915,-99.63989
5916,-99.45679
5917,-99.57886
5918,-99.67041
5919,-99.57886
5920,-99.609375
5921,-99.51782
5922,-99.51782
5923,-99.33472
5924,-99.21265
5925,-99.57886
5926,-99.609375
5927,-99.609375
5928,-99.42627
5929,-99.487305
5930,-99.63989
5931,-99.609375
5932,-99.609375
5933,-99.609375
5934,-99.67041
5935,-99.70093
5936,-99.67041
5937,-99.63989
5938,-99.67041
5939,-99.609375
5940,-99.76196
5941,-99.63989
5942,-99.63989
5943,-99.731445
5944,-99.67041
5945,-99.57886
5946,-99.487305
5947,-99.487305
5948,-99.731445
5949,-99.609375
5950,-99.76196
5951,-99.76196
5952,-99.67041
5953,-99.42627
5954,-99.45679
5955,-99.3042
5956,-99.63989
5957,-99.51782
5958,-99.67041
5959,-99.57886
5960,-99.57886
5961,-99.67041
5962,-99.67041
5963,-99.42627
5964,-99.365234
5965,-99.45679
5966,-99.63989
5967,-99.51782
5968,-99.57886
5969,-99.63989
5970,-99.57886
5971,-99.67041
5972,-99.853516
5973,-99.70093
5974,-99.79248
5975,-99.27368
5976,-99.45679
5977,-99.609375
5978,-99.609375
5979,-99.51782
5980,-99.63989
5981,-99.823
5982,-99.51782
5983,-99.67041
5984,-99.67041
5985,-99.609375
5986,-99.609375
5987,-99.57886
5988,-99.609375
5989,-99.63989
5990,-99.63989
5991,-99.67041
5992,-99.63989
5993,-99.57886
5994,-99.51782
5995,-99.51782
5996,-99.57886
5997,-99.63989
5998,-99.487305
5999,-99.609375
6000,-99.609375
6001,-99.609375
6002,-99.63989
6003,-99.45679
6004,-99.67041
6005,-99.487305
6006,-99.67041
6007,-99.67041
6008,-99.487305
6009,-99.45679
6010,-99.70093
6011,-99.67041
6012,-99.57886
6013,-99.609375
6014,-99.67041
6015,-99.67041
6016,-99.63989
6017,-99.63989
6018,-99.731445
6019,-99.731445
6020,-99.70093
6021,-99.731445
6022,-99.63989
6023,-99.63989
6024,-99.487305
6025,-99.76196
6026,-99.67041
6027,-99.731445
6028,-99.51782
6029,-99.76196
6030,-99.70093
6031,-99.70093
6032,-99.70093
6033,-99.70093
6034,-99.70093
6035,-99.487305
6036,-99.70093
6037,-99.63989
6038,-99.609375
6039,-99.45679
6040,-99.45679
6041,-99.63989
6042,-99.609375
6043,-99.853516
6044,-99.487305
6045,-99.63989
6046,-99.67041
6047,-99.57886
6048,-99.45679
6049,-99.67041
6050,-99.63989
6051,-99.51782
6052,-99.487305
6053,-99.63989
6054,-99.63989
6055,-99.67041
6056,-99.70093
6057,-99.70093
6058,-99.63989
6059,-99.70093
6060,-99.70093
6061,-99.67041
6062,-99.76196
6063,-99.63989
6064,-99.609375
6065,-99.365234
6066,-99.487305
6067,-99.67041
6068,-99.609375
6069,-99.57886
6070,-99.487305
6071,-99.70093
6072,-99.731445
6073,-99.51782
6074,-99.487305
6075,-99.42627
6076,-99.42627
6077,-99.609375
6078,-99.67041
6079,-99.365234
6080,-99.39575
6081,-99.21265
6082,-99.731445
6083,-99.67041
6084,-99.731445
6085,-99.609375
6086,-99.57886
6087,-99.487305
6088,-99.67041
6089,-99.609375
6090,-99.731445
6091,-99.57886
6092,-99.67041
6093,-99.63989
6094,-99.67041
6095,-99.243164
6096,-99.63989
6097,-99.51782
6098,-99.57886
6099,-99.63989
6100,-99.487305
6101,-99.487305
6102,-99.609375
6103,-99.487305
6104,-99.70093
6105,-99.63989
6106,-99.70093
6107,-99.51782
6108,-99.823
6109,-99.70093
6110,-99.609375
6111,-99.365234
6112,-99.70093
6113,-99.63989
6114,-99.67041
6115,-99.67041
6116,-99.70093
6117,-99.67041
6118,-99.70093
6119,-99.57886
6120,-99.487305
6121,-99.70093
6122,-99.70093
6123,-99.67041
6124,-99.67041
6125,-99.609375
6126,-99.63989
6127,-99.731445
6128,-99.76196
6129,-99.67041
6130,-99.365234
6131,-99.609375
6132,-99.79248
6133,-99.67041
6134,-99.57886
6135,-99.487305
6136,-99.57886
6137,-99.63989
6138,-99.70093
6139,-99.67041
6140,-99.67041
6141,-99.67041
6142,-99.487305
6143,-99.365234
6144,-99.45679
6145,-99.79248
6146,-99.67041
6147,-99.57886
6148,-99.33472
6149,-99.365234
6150,-99.67041
6151,-99.57886
6152,-99.63989
6153,-99.67041
6154,-99.70093
6155,-99.823
6156,-99.57886
6157,-99.3042
6158,-99.33472
6159,-99.57886
6160,-99.63989
6161,-99.27368
6162,-99.21265
6163,-99.51782
6164,-99.57886
6165,-99.67041
6166,-99.67041
6167,-99.57886
6168,-99.70093
6169,-99.70093
6170,-99.63989
6171,-99.45679
6172,-99.51782
6173,-99.63989
6174,-99.70093
6175,-99.67041
6176,-99.67041
6177,-99.70093
6178,-99.57886
6179,-99.76196
6180,-99.487305
6181,-99.70093
6182,-99.67041
6183,-99.63989
6184,-99.67041
6185,-99.51782
6186,-99.33472
6187,-99.487305
6188,-99.67041
6189,-99.609375
6190,-99.3042
6191,-99.67041
6192,-99.70093
6193,-99.57886
6194,-99.57886
6195,-99.67041
6196,-99.63989
6197,-99.70093
6198,-99.67041
6199,-99.70093
6200,-99.63989
6201,-99.63989
6202,-99.63989
6203,-99.63989
6204,-99.67041
6205,-99.243164
6206,-99.63989
6207,-99.70093
6208,-99.63989
6209,-99.45679
6210,-99.70093
6211,-99.70093
6212,-99.67041
6213,-99.63989
6214,-99.70093
6215,-99.67041
6216,-99.487305
6217,-99.70093
6218,-99.487305
6219,-99.609375
6220,-99.45679
6221,-99.67041
6222,-99.67041
6223,-99.67041
6224,-99.63989
6225,-99.33472
6226,-99.45679
6227,-99.70093
6228,-99.63989
6229,-99.39575
6230,-99.609375
6231,-99.67041
6232,-99.67041
6233,-99.57886
6234,-99.57886
6235,-99.88403
6236,-99.365234
6237,-99.45679
6238,-99.609375
6239,-99.63989
6240,-99.51782
6241,-99.63989
6242,-99.63989
6243,-99.33472
6244,-99.45679
6245,-99.70093
6246,-99.63989
6247,-99.45679
6248,-99.45679
6249,-99.70093
6250,-99.51782
6251,-99.853516
6252,-99.823
6253,-99.39575
6254,-99.487305
6255,-99.609375
6256,-99.70093
6257,-99.67041
6258,-99.63989
6259,-99.70093
6260,-99.67041
6261,-99.67041
6262,-99.51782
6263,-99.45679
6264,-99.76196
6265,-99.63989
6266,-99.63989
6267,-99.70093
6268,-99.42627
6269,-99.63989
6270,-99.70093
6271,-99.70093
6272,-99.487305
6273,-99.63989
6274,-99.67041
6275,-99.70093
6276,-99.63989
6277,-99.76196
6278,-99.39575
6279,-99.609375
6280,-99.67041
6281,-99.609375
6282,-99.45679
6283,-99.67041
6284,-99.67041
6285,-99.609375
6286,-99.487305
6287,-99.79248
6288,-99.67041
6289,-99.70093
6290,-99.42627
6291,-99.609375
6292,-99.67041
6293,-99.70093
6294,-99.67041
6295,-99.67041
6296,-99.63989
6297,-99.67041
6298,-99.67041
6299,-99.76196
6300,-99.731445
6301,-99.67041
6302,-99.609375
6303,-99.487305
6304,-99.27368
6305,-99.731445
6306,-99.63989
6307,-99.609375
6308,-99.45679
6309,-99.57886
6310,-99.67041
6311,-99.70093
6312,-99.70093
6313,-99.731445
6314,-99.67041
6315,-99.731445
6316,-99.21265
6317,-99.33472
6318,-99.365234
6319,-99.51782
6320,-99.39575
6321,-99.42627
6322,-99.33472
6323,-99.51782
6324,-99.70093
6325,-99.70093
6326,-99.45679
6327,-99.731445
6328,-99.63989
6329,-99.67041
6330,-99.63989
6331,-99.70093
6332,-99.487305
6333,-99.33472
6334,-99.487305
6335,-99.63989
6336,-99.57886
6337,-99.70093
6338,-99.70093
6339,-99.70093
6340,-99.67041
6341,-99.70093
6342,-99.67041
6343,-99.51782
6344,-99.70093
6345,-99.67041
6346,-99.70093
6347,-99.67041
6348,-99.51782
6349,-99.57886
6350,-99.63989
6351,-99.609375
6352,-99.63989
6353,-99.67041
6354,-99.70093
6355,-99.79248
6356,-99.21265
6357,-99.3042
6358,-99.42627
6359,-99.39575
6360,-99.39575
6361,-99.57886
6362,-99.731445
6363,-99.45679
6364,-99.487305
6365,-99.70093
6366,-99.731445
6367,-99.63989
6368,-99.57886
6369,-99.70093
6370,-99.63989
6371,-99.67041
6372,-99.42627
6373,-99.609375
6374,-99.57886
6375,-99.67041
6376,-99.70093
6377,-99.609375
6378,-99.67041
6379,-99.70093
6380,-99.731445
6381,-99.67041
6382,-99.609375
6383,-99.51782
6384,-99.33472
6385,-99.76196
6386,-99.731445
6387,-99.63989
6388,-99.45679
6389,-99.487305
6390,-99.67041
6391,-99.67041
6392,-99.63989
6393,-99.67041
6394,-99.67041
6395,-99.70093
6396,-99.63989
6397,-99.76196
6398,-99.45679
6399,-99.45679
6400,-99.609375
6401,-99.487305
6402,-99.63989
6403,-99.70093
6404,-99.70093
6405,-99.57886
6406,-99.33472
6407,-99.70093
6408,-99.70093
6409,-99.487305
6410,-99.51782
6411,-99.70093
6412,-99.70093
6413,-99.57886
6414,-99.731445
6415,-99.3042
6416,-99.33472
6417,-99.487305
6418,-99.51782
6419,-99.51782
6420,-99.63989
6421,-99.609375
6422,-99.57886
6423,-99.609375
6424,-99.731445
6425,-99.67041
6426,-99.63989
6427,-99.365234
6428,-99.51782
6429,-99.609375
6430,-99.63989
6431,-99.27368
6432,-99.243164
6433,-99.51782
6434,-99.51782
6435,-99.63989
6436,-99.63989
6437,-99.67041
6438,-99.67041
6439,-99.67041
6440,-99.70093
6441,-99.67041
6442,-99.67041
6443,-99.57886
6444,-99.609375
6445,-99.27368
6446,-99.51782
6447,-99.70093
6448,-99.63989
6449,-99.609375
6450,-99.731445
6451,-99.67041
6452,-99.67041
6453,-99.609375
6454,-99.63989
6455,-99.67041
6456,-99.70093
6457,-99.487305
6458,-99.45679
6459,-99.63989
6460,-99.67041
6461,-99.70093
6462,-99.70093
6463,-99.67041
6464,-99.487305
6465,-99.63989
6466,-99.823
6467,-99.63989
6468,-99.609375
6469,-99.45679
6470,-99.70093
6471,-99.63989
6472,-99.70093
6473,-99.67041
6474,-99.79248
6475,-99.487305
6476,-99.365234
6477,-99.3042
6478,-99.70093
6479,-99.67041
6480,-99.3042
6481,-99.3042
6482,-99.487305
6483,-99.76196
6484,-99.67041
6485,-99.63989
6486,-99.487305
6487,-99.15161
6488,-99.57886
6489,-99.63989
6490,-99.33472
6491,-99.487305
6492,-99.79248
6493,-99.487305
6494,-99.51782
6495,-99.57886
6496,-99.67041
6497,-99.67041
6498,-99.609375
6499,-99.63989
6500,-99.609375
6501,-99.63989
6502,-99.51782
6503,-99.51782
6504,-99.27368
6505,-99.823
6506,-99.731445
6507,-99.67041
6508,-99.63989
6509,-99.76196
6510,-99.731445
6511,-99.57886
6512,-99.609375
6513,-99.63989
6514,-99.63989
6515,-99.79248
6516,-99.51782
6517,-99.45679
6518,-99.823
6519,-99.67041
6520,-99.76196
6521,-99.609375
6522,-99.57886
6523,-99.76196
6524,-99.67041
6525,-99.70093
6526,-99.51782
6527,-99.67041
6528,-99.70093
6529,-99.609375
6530,-99.33472
6531,-99.57886
6532,-99.731445
6533,-99.365234
6534,-99.45679
6535,-99.51782
6536,-99.51782
6537,-99.609375
6538,-99.609375
6539,-99.70093
6540,-99.67041
6541,-99.67041
6542,-99.51782
6543,-99.823
6544,-99.57886
6545,-99.67041
6546,-99.609375
6547,-99.39575
6548,-99.487305
6549,-99.70093
6550,-99.51782
6551,-99.609375
6552,-99.63989
6553,-99.67041
6554,-99.67041
6555,-99.67041
6556,-99.67041
6557,-99.63989
6558,-99.70093
6559,-99.76196
6560,-99.70093
6561,-99.67041
6562,-99.67041
6563,-99.67041
6564,-99.70093
6565,-99.57886
6566,-99.33472
6567,-99.609375
6568,-99.67041
6569,-99.487305
6570,-99.487305
6571,-99.609375
6572,-99.76196
6573,-99.45679
6574,-99.51782
6575,-99.365234
6576,-99.51782
6577,-99.57886
6578,-99.63989
6579,-99.45679
6580,-99.51782
6581,-99.3042
6582,-99.67041
6583,-99.487305
6584,-99.70093
6585,-99.57886
6586,-99.67041
6587,-99.63989
6588,-99.67041
6589,-99.609375
6590,-99.731445
6591,-99.609375
6592,-99.731445
6593,-99.63989
6594,-99.42627
6595,-99.45679
6596,-99.51782
6597,-99.70093
6598,-99.63989
6599,-99.63989
6600,-99.63989
6601,-99.609375
6602,-99.39575
6603,-99.27368
6604,-99.731445
6605,-99.731445
6606,-99.67041
6607,-99.70093
6608,-99.731445
6609,-99.67041
6610,-99.609375
6611,-99.21265
6612,-99.42627
6613,-99.70093
6614,-99.63989
6615,-99.63989
6616,-99.70093
6617,-99.63989
6618,-99.70093
6619,-99.70093
6620,-99.67041
6621,-99.70093
6622,-99.63989
6623,-99.51782
6624,-99.487305
6625,-99.63989
6626,-99.63989
6627,-99.67041
6628,-99.609375
6629,-99.51782
6630,-99.70093
6631,-99.609375
6632,-99.731445
6633,-99.70093
6634,-99.67041
6635,-99.70093
6636,-99.365234
6637,-99.39575
6638,-99.67041
6639,-99.63989
6640,-99.51782
6641,-99.609375
6642,-99.731445
6643,-99.51782
6644,-99.63989
6645,-99.67041
6646,-99.609375
6647,-99.42627
6648,-99.42627
6649,-99.67041
6650,-99.51782
6651,-99.27368
6652,-99.42627
6653,-99.487305
6654,-99.63989
6655,-99.67041
6656,-99.731445
6657,-99.70093
6658,-99.67041
6659,-99.63989
6660,-99.609375
6661,-99.67041
6662,-99.63989
6663,-99.67041
6664,-99.57886
6665,-99.67041
6666,-99.51782
6667,-99.70093
6668,-99.609375
6669,-99.487305
6670,-99.823
6671,-99.63989
6672,-99.51782
6673,-99.45679
6674,-99.27368
6675,-99.487305
6676,-99.63989
6677,-99.609375
6678,-99.609375
6679,-99.67041
6680,-99.609375
6681,-99.609375
6682,-99.51782
6683,-99.609375
6684,-99.609375
6685,-99.487305
6686,-99.731445
6687,-99.67041
6688,-99.63989
6689,-99.76196
6690,-99.63989
6691,-99.57886
6692,-99.67041
6693,-99.67041
6694,-99.67041
6695,-99.731445
6696,-99.45679
6697,-99.45679
6698,-99.45679
6699,-99.45679
6700,-99.609375
6701,-99.51782
6702,-99.76196
6703,-99.63989
6704,-99.63989
6705,-99.63989
6706,-99.487305
6707,-99.487305
6708,-99.67041
6709,-99.609375
6710,-99.243164
6711,-99.63989
6712,-99.853516
6713,-99.51782
6714,-99.609375
6715,-99.70093
6716,-99.731445
6717,-99.731445
6718,-99.731445
6719,-99.70093
6720,-99.67041
6721,-99.731445
6722,-99.731445
6723,-99.731445
6724,-99.67041
6725,-99.51782
6726,-99.39575
6727,-99.63989
6728,-99.70093
6729,-99.609375
6730,-99.57886
6731,-99.67041
6732,-99.63989
6733,-99.487305
6734,-99.76196
6735,-99.45679
6736,-99.57886
6737,-99.57886
6738,-99.57886
6739,-99.51782
6740,-99.63989
6741,-99.609375
6742,-99.27368
6743,-99.57886
6744,-99.51782
6745,-99.70093
6746,-99.67041
6747,-99.487305
6748,-99.51782
6749,-99.70093
6750,-99.57886
6751,-99.487305
6752,-99.67041
6753,-99.67041
6754,-99.67041
6755,-99.67041
6756,-99.76196
6757,-99.67041
6758,-99.57886
6759,-99.57886
6760,-99.823
6761,-99.67041
6762,-99.63989
6763,-99.609375
6764,-99.42627
6765,-99.57886
6766,-99.67041
6767,-99.67041
6768,-99.51782
6769,-99.70093
6770,-99.67041
6771,-99.70093
6772,-99.63989
6773,-99.67041
6774,-99.63989
6775,-99.70093
6776,-99.57886
6777,-99.67041
6778,-99.67041
6779,-99.67041
6780,-99.731445
6781,-99.63989
6782,-99.67041
6783,-99.63989
6784,-99.57886
6785,-99.609375
6786,-99.67041
6787,-99.609375
6788,-99.57886
6789,-99.76196
6790,-99.70093
6791,-99.609375
6792,-99.63989
6793,-99.67041
6794,-99.57886
6795,-99.67041
6796,-99.731445
6797,-99.243164
6798,-99.67041
6799,-99.33472
6800,-99.76196
6801,-99.487305
6802,-99.76196
6803,-99.70093
6804,-99.67041
6805,-99.609375
6806,-99.63989
6807,-99.79248
6808,-99.70093
6809,-99.487305
6810,-99.609375
6811,-99.67041
6812,-99.63989
6813,-99.609375
6814,-99.45679
6815,-99.27368
6816,-99.365234
6817,-99.63989
6818,-99.609375
6819,-99.67041
6820,-99.76196
6821,-99.67041
6822,-99.70093
6823,-99.609375
6824,-99.67041
6825,-99.70093
6826,-99.731445
6827,-99.70093
6828,-99.3042
6829,-99.731445
6830,-99.70093
6831,-99.57886
6832,-99.609375
6833,49.926758
6834,49.804688
6835,49.835205
6836,49.987793
6837,49.865723
6838,49.957275
6839,49.865723
6840,49.987793
6841,49.865723
6842,50.26245
6843,49.865723
6844,49.804688
6845,49.865723
6846,49.835205
6847,49.926758
6848,49.865723
6849,49.987793
6850,50.01831
6851,49.835205
6852,49.835205
6853,49.926758
6854,49.957275
6855,49.835205
6856,49.865723
6857,49.865723
6858,49.865723
6859,49.926758
6860,49.835205
6861,50.04883
6862,49.865723
6863,49.804688
6864,49.621582
6865,49.804688
6866,49.89624
6867,49.865723
6868,49.957275
6869,49.835205
6870,49.957275
6871,49.865723
6872,49.89624
6873,49.865723
6874,49.804688
6875,49.804688
6876,49.865723
6877,49.926758
6878,50.109863
6879,49.743652
6880,49.6521
6881,49.865723
6882,49.865723
6883,49.89624
6884,49.835205
6885,49.865723
6886,49.926758
6887,49.865723
6888,50.29297
6889,49.926758
6890,50.29297
6891,49.804688
6892,49.835205
6893,49.804688
6894,49.804688
6895,49.89624
6896,49.926758
6897,49.865723
6898,49.957275
6899,49.77417
6900,49.835205
6901,50.04883
6902,49.77417
6903,49.804688
6904,50.01831
6905,49.89624
6906,49.743652
6907,49.865723
6908,49.804688
6909,49.865723
6910,49.835205
6911,49.804688
6912,49.865723
6913,49.89624
6914,49.835205
6915,49.865723
6916,50.04883
6917,49.713135
6918,49.682617
6919,50.01831
6920,49.865723
6921,49.865723
6922,49.865723
6923,49.865723
6924,49.926758
6925,49.6521
6926,50.01831
6927,49.926758
6928,49.957275
6929,49.957275
6930,49.804688
6931,49.835205
6932,49.804688
6933,49.804688
6934,49.835205
6935,50.04883
6936,49.987793
6937,49.682617
6938,49.804688
6939,49.835205
6940,49.804688
6941,49.682617
6942,49.865723
6943,49.804688
6944,49.865723
6945,49.926758
6946,49.77417
6947,49.865723
6948,49.926758
6949,49.926758
6950,49.865723
6951,49.804688
6952,49.926758
6953,49.957275
6954,50.1709
6955,50.01831
6956,49.957275
6957,49.926758
6958,49.835205
6959,49.865723
6960,49.957275
6961,49.957275
6962,50.04883
6963,50.1709
6964,49.957275
6965,49.865723
6966,49.865723
6967,49.987793
6968,49.89624
6969,49.835205
6970,49.865723
6971,49.926758
6972,49.865723
6973,49.865723
6974,49.77417
6975,49.865723
6976,49.89624
6977,49.804688
6978,49.957275
6979,49.926758
6980,49.804688
6981,49.682617
6982,49.835205
6983,49.865723
6984,49.835205
6985,49.89624
6986,49.682617
6987,49.77417
6988,49.865723
6989,49.926758
6990,49.713135
6991,49.835205
6992,50.231934
6993,50.109863
6994,49.926758
6995,49.89624
6996,49.77417
6997,49.835205
6998,49.89624
6999,49.835205
7000,49.865723
7001,49.926758
7002,49.865723
7003,49.865723
7004,50.04883
7005,49.804688
7006,49.77417
7007,49.835205
7008,49.987793
7009,49.865723
7010,49.89624
7011,49.835205
7012,49.835205
7013,49.77417
7014,49.77417
7015,50.201416
7016,49.865723
7017,49.835205
7018,49.926758
7019,49.865723
7020,50.04883
7021,50.201416
7022,49.713135
7023,49.77417
7024,49.865723
7025,49.835205
7026,49.835205
7027,50.01831
7028,50.01831
7029,49.835205
7030,49.987793
7031,49.987793
7032,49.926758
7033,49.89624
7034,49.804688
7035,49.6521
7036,49.957275
7037,49.713135
7038,50.01831
7039,49.89624
7040,49.926758
7041,50.01831
7042,49.591064
7043,49.926758
7044,49.682617
7045,49.835205
7046,49.804688
7047,49.89624
7048,49.957275
7049,49.77417
7050,49.926758
7051,49.89624
7052,49.835205
7053,49.926758
7054,49.804688
7055,50.01831
7056,49.77417
7057,50.01831
7058,49.987793
7059,49.926758
7060,50.01831
7061,49.835205
7062,50.01831
7063,49.835205
7064,49.89624
7065,49.89624
7066,50.01831
7067,49.743652
7068,49.865723
7069,49.89624
7070,50.109863
7071,50.14038
7072,50.109863
7073,49.89624
7074,49.865723
7075,49.804688
7076,49.89624
7077,49.987793
7078,49.987793
7079,50.04883
7080,49.987793
7081,50.01831
7082,49.835205
7083,49.804688
7084,49.89624
7085,49.926758
7086,49.987793
7087,50.109863
7088,49.804688
7089,49.926758
7090,50.231934
7091,50.01831
7092,50.201416
7093,50.01831
7094,49.89624
7095,49.865723
7096,49.835205
7097,49.804688
7098,49.835205
7099,49.865723
7100,49.804688
7101,49.865723
7102,49.89624
7103,49.957275
7104,50.1709
7105,49.77417
7106,49.804688
7107,49.804688
7108,49.835205
7109,49.89624
7110,49.804688
7111,49.835205
7112,49.77417
7113,49.743652
7114,49.682617
7115,49.865723
7116,50.01831
7117,49.926758
7118,49.957275
7119,49.865723
7120,49.865723
7121,49.835205
7122,49.957275
7123,49.987793
7124,50.26245
7125,49.89624
7126,49.89624
7127,49.865723
7128,50.04883
7129,49.865723
7130,49.835205
7131,49.835205
7132,49.835205
7133,49.835205
7134,49.89624
7135,50.201416
7136,50.01831
7137,50.04883
7138,49.957275
7139,49.89624
7140,50.04883
7141,50.14038
7142,49.743652
7143,49.926758
7144,49.835205
7145,49.835205
7146,49.957275
7147,50.29297
7148,49.804688
7149,49.89624
7150,49.89624
7151,49.926758
7152,49.89624
7153,49.804688
7154,49.865723
7155,49.865723
7156,49.865723
7157,49.804688
7158,50.231934
7159,49.77417
7160,49.957275
7161,50.01831
7162,49.957275
7163,49.682617
7164,49.804688
7165,49.89624
7166,49.926758
7167,50.29297
7168,50.01831
7169,49.804688
7170,49.957275
7171,49.957275
7172,50.01831
7173,49.926758
7174,49.835205
7175,49.835205
7176,49.804688
7177,49.682617
7178,49.987793
7179,49.987793
7180,49.835205
7181,49.865723
7182,49.804688
7183,49.835205
7184,49.89624
7185,49.926758
7186,49.804688
7187,49.804688
7188,49.835205
7189,49.957275
7190,49.865723
7191,49.957275
7192,49.743652
7193,50.109863
7194,50.01831
7195,49.89624
7196,49.804688
7197,49.804688
7198,49.865723
7199,49.804688
7200,49.804688
7201,49.865723
7202,49.865723
7203,49.926758
7204,49.987793
7205,50.14038
7206,49.926758
7207,49.865723
7208,49.865723
7209,50.231934
7210,49.957275
7211,49.865723
7212,49.804688
7213,49.77417
7214,49.89624
7215,49.89624
7216,49.926758
7217,49.865723
7218,49.865723
7219,49.89624
7220,49.865723
7221,49.926758
7222,49.987793
7223,50.29297
7224,49.957275
7225,49.865723
7226,49.89624
7227,49.926758
7228,49.804688
7229,49.835205
7230,49.865723
7231,49.835205
7232,49.835205
7233,49.865723
7234,49.89624
7235,50.323486
7236,49.865723
7237,49.957275
7238,49.865723
7239,49.926758
7240,49.89624
7241,50.01831
7242,50.109863
7243,49.865723
7244,50.01831
7245,49.804688
7246,49.865723
7247,49.89624
7248,49.682617
7249,49.835205
7250,49.89624
7251,49.89624
7252,49.89624
7253,49.865723
7254,49.957275
7255,49.743652
7256,50.29297
7257,50.201416
7258,49.89624
7259,49.89624
7260,50.201416
7261,50.201416
7262,49.77417
7263,50.01831
7264,49.89624
7265,49.835205
7266,49.89624
7267,49.89624
7268,49.743652
7269,49.804688
7270,49.926758
7271,49.89624
7272,49.89624
7273,49.835205
7274,49.865723
7275,49.89624
7276,50.201416
7277,49.987793
7278,50.01831
7279,50.01831
7280,50.04883
7281,49.865723
7282,49.926758
7283,49.713135
7284,49.89624
7285,49.835205
7286,49.89624
7287,49.957275
7288,49.926758
7289,49.89624
7290,49.89624
7291,49.89624
7292,49.835205
7293,50.01831
7294,49.957275
7295,50.231934
7296,49.987793
7297,49.957275
7298,49.957275
7299,49.987793
7300,49.957275
7301,49.926758
7302,50.14038
7303,50.01831
7304,50.04883
7305,49.89624
7306,49.926758
7307,50.01831
7308,49.987793
7309,49.835205
7310,49.865723
7311,49.926758
7312,49.89624
7313,49.835205
7314,49.89624
7315,49.957275
7316,50.29297
7317,50.109863
7318,50.01831
7319,50.14038
7320,50.109863
7321,49.957275
7322,49.957275
7323,49.987793
7324,49.89624
7325,49.835205
7326,49.865723
7327,49.987793
7328,49.77417
7329,49.835205
7330,49.865723
7331,49.957275
7332,49.89624
7333,49.835205
7334,49.865723
7335,49.987793
7336,49.804688
7337,49.89624
7338,49.713135
7339,49.743652
7340,49.987793
7341,49.865723
7342,49.804688
7343,49.835205
7344,49.804688
7345,49.865723
7346,49.89624
7347,49.835205
7348,49.804688
7349,49.835205
7350,49.865723
7351,49.957275
7352,49.89624
7353,49.89624
7354,49.835205
7355,49.865723
7356,49.77417
7357,50.04883
7358,49.89624
7359,50.109863
7360,50.01831
7361,49.743652
7362,49.835205
7363,49.804688
7364,49.865723
7365,49.957275
7366,49.89624
7367,49.865723
7368,49.865723
7369,49.865723
7370,49.804688
7371,50.354004
7372,49.957275
7373,49.957275
7374,49.89624
7375,49.804688
7376,49.835205
7377,49.865723
7378,49.804688
7379,49.77417
7380,49.865723
7381,49.804688
7382,49.865723
7383,49.865723
7384,49.865723
7385,49.926758
7386,49.957275
7387,49.835205
7388,49.957275
7389,49.743652
7390,49.835205
7391,49.89624
7392,49.835205
7393,50.04883
7394,50.109863
7395,49.957275
7396,49.835205
7397,49.835205
7398,49.865723
7399,49.865723
7400,49.865723
7401,49.835205
7402,49.926758
7403,49.957275
7404,50.14038
7405,49.682617
7406,49.835205
7407,49.804688
7408,49.835205
7409,49.865723
7410,49.804688
7411,49.743652
7412,49.835205
7413,49.987793
7414,50.231934
7415,49.987793
7416,50.01831
7417,49.926758
7418,49.89624
7419,49.89624
7420,49.865723
7421,49.89624
7422,50.04883
7423,50.14038
7424,49.89624
7425,49.804688
7426,49.835205
7427,49.89624
7428,49.89624
7429,49.865723
7430,49.957275
7431,49.957275
7432,49.89624
7433,49.865723
7434,49.865723
7435,50.1709
7436,49.957275
7437,50.109863
7438,50.01831
7439,50.01831
7440,49.987793
7441,49.926758
7442,49.957275
7443,49.957275
7444,49.865723
7445,50.04883
7446,49.804688
7447,49.89624
7448,49.957275
7449,49.987793
7450,49.835205
7451,49.804688
7452,49.77417
7453,49.865723
7454,49.804688
7455,50.231934
7456,49.926758
7457,50.109863
7458,49.926758
7459,50.04883
7460,49.89624
7461,49.713135
7462,49.926758
7463,49.865723
7464,49.804688
7465,49.804688
7466,49.89624
7467,49.77417
7468,49.804688
7469,49.89624
7470,50.1709
7471,50.201416
7472,49.957275
7473,49.865723
7474,49.865723
7475,49.865723
7476,49.865723
7477,50.01831
7478,49.804688
7479,49.835205
7480,49.77417
7481,50.01831
7482,50.04883
7483,49.89624
7484,49.804688
7485,49.804688
7486,49.804688
7487,50.29297
7488,49.804688
7489,49.804688
7490,49.926758
7491,49.89624
7492,49.926758
7493,49.835205
7494,49.804688
7495,49.89624
7496,49.957275
7497,49.987793
7498,49.77417
7499,49.926758
7500,49.865723
7501,49.89624
7502,49.957275
7503,49.835205
7504,49.865723
7505,49.865723
7506,49.926758
7507,49.865723
7508,49.835205
7509,49.89624
7510,49.89624
7511,49.89624
7512,49.865723
7513,49.804688
7514,49.835205
7515,49.804688
7516,49.89624
7517,49.957275
7518,49.926758
7519,49.804688
7520,49.89624
7521,49.865723
7522,49.804688
7523,49.865723
7524,49.835205
7525,49.926758
7526,49.89624
7527,50.109863
7528,49.89624
7529,49.957275
7530,49.89624
7531,49.865723
7532,49.89624
7533,49.865723
7534,49.835205
7535,49.835205
7536,49.835205
7537,50.01831
7538,49.835205
7539,49.835205
7540,49.835205
7541,49.77417
7542,49.804688
7543,49.865723
7544,49.804688
7545,49.987793
7546,49.987793
7547,49.804688
7548,49.926758
7549,49.987793
7550,50.14038
7551,50.14038
7552,50.231934
7553,49.957275
7554,49.89624
7555,49.865723
7556,49.804688
7557,49.804688
7558,49.77417
7559,49.835205
7560,49.865723
7561,49.835205
7562,49.865723
7563,49.804688
7564,49.865723
7565,49.957275
7566,49.926758
7567,49.804688
7568,49.835205
7569,50.01831
7570,49.957275
7571,50.04883
7572,49.713135
7573,49.957275
7574,49.987793
7575,49.804688
7576,49.865723
7577,49.865723
7578,49.835205
7579,49.865723
7580,49.865723
7581,49.804688
7582,49.865723
7583,50.01831
7584,50.231934
7585,49.804688
7586,49.835205
7587,49.865723
7588,49.987793
7589,49.926758
7590,49.835205
7591,49.835205
7592,49.89624
7593,49.89624
7594,49.926758
7595,49.835205
7596,49.987793
7597,49.865723
7598,49.89624
7599,49.865723
7600,49.865723
7601,49.865723
7602,49.89624
7603,49.865723
7604,49.89624
7605,50.1709
7606,50.01831
7607,49.835205
7608,49.926758
7609,50.29297
7610,49.865723
7611,49.77417
7612,49.865723
7613,49.682617
7614,49.89624
7615,49.987793
7616,49.835205
7617,49.865723
7618,49.865723
7619,49.835205
7620,49.865723
7621,49.865723
7622,50.04883
7623,50.231934
7624,50.01831
7625,49.835205
7626,49.89624
7627,49.987793
7628,50.323486
7629,49.835205
7630,49.835205
7631,49.89624
7632,49.804688
7633,49.987793
7634,50.04883
7635,50.1709
7636,49.987793
7637,49.957275
7638,50.01831
7639,49.957275
7640,49.957275
7641,50.109863
7642,50.14038
7643,50.26245
7644,50.14038
7645,49.865723
7646,49.89624
7647,50.04883
7648,50.14038
7649,49.835205
7650,49.926758
7651,49.89624
7652,49.835205
7653,49.804688
7654,49.835205
7655,49.743652
7656,49.682617
7657,49.835205
7658,49.804688
7659,49.591064
7660,50.231934
7661,50.01831
7662,49.835205
7663,49.835205
7664,49.835205
7665,49.957275
7666,50.04883
7667,49.77417
7668,49.835205
7669,49.865723
7670,50.26245
7671,50.01831
7672,49.926758
7673,49.957275
7674,49.865723
7675,49.89624
7676,49.865723
7677,49.77417
7678,49.987793
7679,50.109863
7680,49.926758
7681,50.01831
7682,49.865723
7683,49.804688
7684,49.835205
7685,49.926758
7686,50.1709
7687,49.713135
7688,49.835205
7689,49.89624
7690,50.201416
7691,50.01831
7692,49.957275
7693,50.109863
7694,49.89624
7695,49.835205
7696,49.865723
7697,49.835205
7698,49.89624
7699,49.835205
7700,49.835205
7701,49.865723
7702,49.865723
7703,49.89624
7704,50.04883
7705,50.04883
7706,49.713135
7707,49.926758
7708,49.89624
7709,50.323486
7710,49.89624
7711,49.957275
7712,49.957275
7713,50.29297
7714,50.109863
7715,49.89624
7716,49.89624
7717,49.835205
7718,49.835205
7719,49.835205
7720,49.835205
7721,49.835205
7722,49.89624
7723,49.957275
7724,49.89624
7725,50.01831
7726,49.804688
7727,49.865723
7728,49.926758
7729,50.04883
7730,49.957275
7731,49.865723
7732,49.835205
7733,49.804688
7734,49.621582
7735,50.01831
7736,49.89624
7737,49.926758
7738,49.89624
7739,49.926758
7740,50.01831
7741,49.957275
7742,50.26245
7743,49.987793
7744,49.957275
7745,49.77417
7746,49.865723
7747,50.14038
7748,50.04883
7749,49.835205
7750,49.89624
7751,49.926758
7752,49.89624
7753,49.865723
7754,49.926758
7755,49.743652
7756,50.04883
7757,49.865723
7758,49.987793
7759,49.835205
7760,49.865723
7761,49.987793
7762,50.109863
7763,49.89624
7764,49.865723
7765,49.77417
7766,49.804688
7767,49.957275
7768,50.26245
7769,49.865723
7770,49.865723
7771,49.835205
7772,49.77417
7773,49.957275
7774,49.987793
7775,49.77417
7776,49.926758
7777,49.926758
7778,50.109863
7779,49.987793
7780,50.1709
7781,50.29297
7782,49.926758
7783,49.621582
7784,49.89624
7785,49.926758
7786,49.957275
7787,49.682617
7788,49.926758
7789,49.865723
7790,49.957275
7791,49.865723
7792,49.835205
7793,49.89624
7794,49.957275
7795,49.957275
7796,50.201416
7797,49.987793
7798,50.04883
7799,50.14038
7800,50.04883
7801,50.01831
7802,49.89624
7803,50.01831
7804,49.89624
7805,49.835205
7806,49.926758
7807,50.04883
7808,49.865723
7809,49.835205
7810,49.987793
7811,49.865723
7812,49.835205
7813,49.804688
7814,49.926758
7815,49.957275
7816,50.109863
7817,50.1709
7818,49.835205
7819,49.865723
7820,50.26245
7821,50.201416
7822,49.865723
7823,49.89624
7824,49.865723
7825,49.835205
7826,49.865723
7827,50.26245
7828,49.835205
7829,49.804688
7830,49.89624
7831,49.926758
7832,0.061035156
7833,0.39672852
7834,-0.091552734
7835,0.091552734
7836,0.12207031
7837,0.12207031
7838,0.21362305
7839,0.33569336
7840,-0.091552734
7841,0.091552734
7842,0.061035156
7843,-0.061035156
7844,0.030517578
7845,0.12207031
7846,0.030517578
7847,0.030517578
7848,0.091552734
7849,0.061035156
7850,-0.12207031
7851,0.15258789
7852,0.39672852
7853,0.030517578
7854,0.030517578
7855,-0.030517578
7856,-0.061035156
7857,-0.091552734
7858,0.030517578
7859,0.2746582
7860,0.030517578
7861,-0.061035156
7862,-0.030517578
7863,0.030517578
7864,0.061035156
7865,0.15258789
7866,-0.15258789
7867,-0.12207031
7868,0.030517578
7869,0.15258789
7870,0.030517578
7871,0.15258789
7872,0.061035156
7873,0.061035156
7874,0.061035156
7875,0.12207031
7876,0.091552734
7877,0.091552734
7878,-0.24414062
7879,0.33569336
7880,0.18310547
7881,0.24414062
7882,0.030517578
7883,0.2746582
7884,0.030517578
7885,-0.030517578
7886,0.061035156
7887,0.15258789
7888,0.2746582
7889,0.030517578
7890,0.030517578
7891,0.061035156
7892,-0.061035156
7893,-0.061035156
7894,-0.030517578
7895,0.4272461
7896,0.061035156
7897,0.030517578
7898,0.21362305
7899,0.12207031
7900,0.15258789
7901,0.2746582
7902,-0.24414062
7903,0.21362305
7904,0.12207031
7905,-0.061035156
7906,-0.030517578
7907,0.18310547
7908,0.30517578
7909,0.030517578
7910,-0.030517578
7911,0.15258789
7912,0.15258789
7913,0.061035156
7914,0.12207031
7915,0.2746582
7916,0.091552734
7917,-0.030517578
7918,0.030517578
7919,-0.061035156
7920,0.39672852
7921,0.091552734
7922,0.061035156
7923,0.061035156
7924,0.091552734
7925,0.21362305
7926,-0.12207031
7927,0.21362305
7928,0.2746582
7929,0.061035156
7930,0.061035156
7931,0.061035156
7932,0.12207031
7933,0.18310547
7934,0.030517578
7935,-0.030517578
7936,0.12207031
7937,-0.030517578
7938,0.061035156
7939,0.061035156
7940,0.030517578
7941,0.061035156
7942,0.061035156
7943,0.030517578
7944,0.030517578
7945,0.030517578
7946,0.030517578
7947,0.24414062
7948,0.030517578
7949,-0.030517578
7950,-0.15258789
7951,0.2746582
7952,0.18310547
7953,0.030517578
7954,0.18310547
7955,0.030517578
7956,0.12207031
7957,0.030517578
7958,0.030517578
7959,0.12207031
7960,0.061035156
7961,-0.15258789
7962,0.15258789
7963,0.091552734
7964,0.091552734
7965,-0.18310547
7966,0.061035156
7967,0.091552734
7968,-0.091552734
7969,-0.12207031
7970,-0.12207031
7971,-0.030517578
7972,0.12207031
7973,0.2746582
7974,0.061035156
7975,-0.030517578
7976,0.24414062
7977,-0.061035156
7978,0.091552734
7979,0.091552734
7980,0.030517578
7981,0.061035156
7982,0.030517578
7983,0.061035156
7984,0.030517578
7985,0.15258789
7986,0.061035156
7987,0.2746582
7988,0.12207031
7989,0.061035156
7990,0.12207031
7991,0.21362305
7992,0.24414062
7993,-0.061035156
7994,-0.030517578
7995,0.39672852
7996,0.15258789
7997,0.061035156
7998,-0.030517578
7999,-0.030517578
8000,0.061035156
8001,0.030517578
8002,0.21362305
8003,0.091552734
8004,0.12207031
8005,0.24414062
8006,0.030517578
8007,-0.061035156
8008,0.030517578
8009,-0.030517578
8010,0.061035156
8011,0.061035156
8012,-0.030517578
8013,0.091552734
8014,0.21362305
8015,0.12207031
8016,0.030517578
8017,0.030517578
8018,-0.091552734
8019,0.21362305
8020,0.091552734
8021,0.091552734
8022,0.061035156
8023,0.061035156
8024,0.061035156
8025,0.061035156
8026,0.15258789
8027,0.061035156
8028,0.091552734
8029,-0.030517578
8030,0.091552734
8031,-0.030517578
8032,0.061035156
8033,0.030517578
8034,0.061035156
8035,-0.18310547
8036,0.12207031
8037,0.030517578
8038,-0.061035156
8039,0.15258789
8040,0.15258789
8041,0.4272461
8042,0.45776367
8043,0.18310547
8044,0.39672852
8045,0.061035156
8046,0.12207031
8047,0.061035156
8048,-0.030517578
8049,-0.030517578
8050,0.030517578
8051,-0.091552734
8052,0.030517578
8053,0.12207031
8054,0.030517578
8055,0.061035156
8056,0.18310547
8057,0.091552734
8058,0.18310547
8059,0.091552734
8060,0.061035156
8061,0.091552734
8062,0.030517578
8063,0.061035156
8064,-0.030517578
8065,0.15258789
8066,0.12207031
8067,0.24414062
8068,0.15258789
8069,0.091552734
8070,0.15258789
8071,0.030517578
8072,0.061035156
8073,-0.030517578
8074,0.30517578
8075,0.030517578
8076,0.091552734
8077,-0.030517578
8078,0.030517578
8079,0.30517578
8080,0.2746582
8081,0.21362305
8082,0.12207031
8083,0.15258789
8084,0.15258789
8085,0.15258789
8086,0.2746582
8087,-0.15258789
8088,-0.061035156
8089,-0.030517578
8090,-0.030517578
8091,0.2746582
8092,0.24414062
8093,0.12207031
8094,-0.061035156
8095,0.12207031
8096,0.2746582
8097,0.091552734
8098,0.061035156
8099,-0.091552734
8100,-0.061035156
8101,0.030517578
8102,0.030517578
8103,0.030517578
8104,0.030517578
8105,-0.030517578
8106,-0.061035156
8107,0.061035156
8108,-0.030517578
8109,0.2746582
8110,0.091552734
8111,0.061035156
8112,-0.030517578
8113,0.12207031
8114,0.18310547
8115,0.030517578
8116,-0.061035156
8117,-0.061035156
8118,0.36621094
8119,0.21362305
8120,0.061035156
8121,0.091552734
8122,0.030517578
8123,0.030517578
8124,0.091552734
8125,0.030517578
8126,0.091552734
8127,0.091552734
8128,0.15258789
8129,0.15258789
8130,0.030517578
8131,0.39672852
8132,0.091552734
8133,-0.091552734
8134,0.18310547
8135,0.061035156
8136,0.091552734
8137,-0.030517578
8138,0.061035156
8139,0.12207031
8140,-0.091552734
8141,0.39672852
8142,-0.18310547
8143,-0.15258789
8144,0.15258789
8145,0.030517578
8146,0.12207031
8147,0.091552734
8148,-0.030517578
8149,0.061035156
8150,0.061035156
8151,-0.091552734
8152,-0.030517578
8153,0.061035156
8154,-0.030517578
8155,0.2746582
8156,0.061035156
8157,0.091552734
8158,-0.030517578
8159,0.030517578
8160,-0.030517578
8161,0.091552734
8162,0.12207031
8163,-0.12207031
8164,-0.061035156
8165,0.15258789
8166,0.15258789
8167,-0.030517578
8168,-0.061035156
8169,-0.091552734
8170,0.061035156
8171,-0.030517578
8172,-0.061035156
8173,0.12207031
8174,0.030517578
8175,0.061035156
8176,-0.12207031
8177,0.2746582
8178,0.12207031
8179,0.091552734
8180,-0.061035156
8181,0.030517578
8182,-0.030517578
8183,0.091552734
8184,-0.030517578
8185,0.061035156
8186,0.061035156
8187,0.061035156
8188,-0.061035156
8189,0.21362305
8190,-0.030517578
8191,0.091552734
8192,-0.030517578
8193,-0.030517578
8194,0.4272461
8195,0.15258789
8196,0.030517578
8197,0.030517578
8198,-0.061035156
8199,-0.091552734
8200,0.24414062
8201,0.061035156
8202,0.091552734
8203,0.061035156
8204,0.030517578
8205,0.15258789
8206,0.091552734
8207,0.45776367
8208,0.18310547
8209,-0.030517578
8210,0.061035156
8211,0.030517578
8212,0.030517578
8213,0.091552734
8214,-0.061035156
8215,0.4272461
8216,0.12207031
8217,0.061035156
8218,0.030517578
8219,0.24414062
8220,-0.12207031
8221,0.030517578
8222,0.15258789
8223,0.4272461
8224,0.33569336
8225,0.091552734
8226,0.030517578
8227,0.21362305
8228,0.030517578
8229,0.091552734
8230,0.061035156
8231,0.091552734
8232,-0.24414062
8233,0.091552734
8234,0.030517578
8235,0.12207031
8236,0.24414062
8237,0.030517578
8238,0.030517578
8239,-0.030517578
8240,-0.21362305
8241,0.12207031
8242,-0.15258789
8243,0.30517578
8244,0.030517578
8245,0.12207031
8246,0.12207031
8247,0.030517578
8248,-0.061035156
8249,-0.030517578
8250,0.091552734
8251,0.061035156
8252,0.12207031
8253,0.091552734
8254,0.030517578
8255,0.061035156
8256,0.36621094
8257,0.12207031
8258,0.12207031
8259,0.030517578
8260,0.030517578
8261,0.030517578
8262,0.030517578
8263,0.030517578
8264,0.061035156
8265,-0.061035156
8266,-0.030517578
8267,0.030517578
8268,0.061035156
8269,0.030517578
8270,0.18310547
8271,0.030517578
8272,-0.030517578
8273,-0.061035156
8274,0.21362305
8275,0.061035156
8276,0.091552734
8277,0.061035156
8278,0.33569336
8279,0.12207031
8280,-0.030517578
8281,-0.030517578
8282,0.061035156
8283,0.061035156
8284,0.030517578
8285,-0.030517578
8286,0.091552734
8287,0.091552734
8288,0.18310547
8289,0.2746582
8290,0.18310547
8291,0.18310547
8292,0.030517578
8293,0.030517578
8294,0.33569336
8295,0.061035156
8296,0.061035156
8297,0.030517578
8298,-0.030517578
8299,0.030517578
8300,0.030517578
8301,0.4272461
8302,0.091552734
8303,0.15258789
8304,0.2746582
8305,0.21362305
8306,0.21362305
8307,0.030517578
8308,-0.030517578
8309,0.030517578
8310,0.091552734
8311,0.091552734
8312,0.12207031
8313,0.18310547
8314,0.061035156
8315,-0.061035156
8316,-0.12207031
8317,0.061035156
8318,0.12207031
8319,0.030517578
8320,-0.061035156
8321,-0.061035156
8322,-0.030517578
8323,0.030517578
8324,0.030517578
8325,-0.030517578
8326,-0.091552734
8327,-0.061035156
8328,0.030517578
8329,0.091552734
8330,0.30517578
8331,0.091552734
8332,0.061035156
8333,0.061035156
8334,0.091552734
8335,0.091552734
8336,-0.061035156
8337,-0.21362305
8338,-0.030517578
8339,0.21362305
8340,0.091552734
8341,0.18310547
8342,0.091552734
8343,0.12207031
8344,0.12207031
8345,0.091552734
8346,0.12207031
8347,0.030517578
8348,0.12207031
8349,0.030517578
8350,0.030517578
8351,-0.061035156
8352,0.12207031
8353,-0.030517578
8354,0.061035156
8355,0.15258789
8356,0.091552734
8357,0.030517578
8358,-0.030517578
8359,0.030517578
8360,0.061035156
8361,-0.12207031
8362,-0.091552734
8363,-0.061035156
8364,-0.091552734
8365,-0.091552734
8366,-0.061035156
8367,0.18310547
8368,-0.030517578
8369,0.030517578
8370,0.091552734
8371,-0.030517578
8372,0.15258789
8373,0.21362305
8374,-0.061035156
8375,-0.091552734
8376,0.061035156
8377,0.33569336
8378,0.12207031
8379,0.091552734
8380,0.061035156
8381,0.061035156
8382,0.061035156
8383,-0.030517578
8384,0.061035156
8385,0.061035156
8386,0.091552734
8387,0.091552734
8388,0.091552734
8389,0.2746582
8390,0.15258789
8391,0.39672852
8392,0.15258789
8393,-0.030517578
8394,0.18310547
8395,0.18310547
8396,0.12207031
8397,0.030517578
8398,0.091552734
8399,0.18310547
8400,0.2746582
8401,0.091552734
8402,0.24414062
8403,0.061035156
8404,0.33569336
8405,0.2746582
8406,0.15258789
8407,-0.030517578
8408,-0.030517578
8409,-0.030517578
8410,-0.061035156
8411,-0.030517578
8412,-0.15258789
8413,0.091552734
8414,0.030517578
8415,0.2746582
8416,0.39672852
8417,0.091552734
8418,0.030517578
8419,0.030517578
8420,-0.030517578
8421,-0.030517578
8422,0.030517578
8423,0.030517578
8424,-0.061035156
8425,-0.030517578
8426,-0.030517578
8427,-0.061035156
8428,0.091552734
8429,0.091552734
8430,0.15258789
8431,0.030517578
8432,0.030517578
8433,0.39672852
8434,0.091552734
8435,0.030517578
8436,0.091552734
8437,-0.061035156
8438,0.33569336
8439,0.18310547
8440,0.12207031
8441,0.030517578
8442,-0.030517578
8443,0.030517578
8444,0.061035156
8445,0.061035156
8446,0.061035156
8447,0.091552734
8448,0.18310547
8449,0.21362305
8450,0.12207031
8451,0.21362305
8452,-0.030517578
8453,0.030517578
8454,0.18310547
8455,0.061035156
8456,0.030517578
8457,0.061035156
8458,0.12207031
8459,0.18310547
8460,-0.030517578
8461,0.33569336
8462,0.030517578
8463,0.061035156
8464,0.12207031
8465,-0.12207031
8466,-0.15258789
8467,0.061035156
8468,-0.030517578
8469,-0.030517578
8470,0.030517578
8471,-0.18310547
8472,0.061035156
8473,0.030517578
8474,-0.061035156
8475,0.12207031
8476,0.2746582
8477,0.061035156
8478,-0.061035156
8479,0.030517578
8480,0.061035156
8481,0.18310547
8482,0.15258789
8483,0.24414062
8484,-0.091552734
8485,-0.030517578
8486,-0.061035156
8487,-0.061035156
8488,-0.061035156
8489,0.061035156
8490,0.091552734
8491,0.030517578
8492,0.061035156
8493,0.12207031
8494,0.091552734
8495,0.061035156
8496,-0.030517578
8497,-0.030517578
8498,0.091552734
8499,0.061035156
8500,0.15258789
8501,0.061035156
8502,0.061035156
8503,0.091552734
8504,0.061035156
8505,-0.091552734
8506,0.061035156
8507,0.030517578
8508,0.21362305
8509,0.15258789
8510,-0.030517578
8511,0.2746582
8512,0.030517578
8513,0.030517578
8514,-0.21362305
8515,0.12207031
8516,0.091552734
8517,-0.061035156
8518,0.12207031
8519,0.21362305
8520,0.21362305
8521,0.061035156
8522,0.061035156
8523,0.12207031
8524,0.12207031
8525,0.15258789
8526,0.15258789
8527,0.15258789
8528,-0.061035156
8529,0.061035156
8530,-0.091552734
8531,0.12207031
8532,0.091552734
8533,-0.030517578
8534,0.061035156
8535,0.12207031
8536,0.091552734
8537,0.061035156
8538,0.030517578
8539,-0.061035156
8540,0.18310547
8541,0.030517578
8542,-0.12207031
8543,-0.12207031
8544,0.12207031
8545,-0.030517578
8546,0.18310547
8547,-0.030517578
8548,0.061035156
8549,0.061035156
8550,0.15258789
8551,0.091552734
8552,0.061035156
8553,0.18310547
8554,-0.030517578
8555,-0.061035156
8556,0.030517578
8557,0.2746582
8558,0.061035156
8559,0.061035156
8560,0.030517578
8561,-0.030517578
8562,0.061035156
8563,-0.030517578
8564,-0.030517578
8565,0.030517578
8566,-0.030517578
8567,0.091552734
8568,0.15258789
8569,0.39672852
8570,0.36621094
8571,0.15258789
8572,0.030517578
8573,-0.18310547
8574,0.24414062
8575,0.061035156
8576,-0.061035156
8577,0.030517578
8578,0.030517578
8579,0.12207031
8580,-0.12207031
8581,0.4272461
8582,0.4272461
8583,0.061035156
8584,0.061035156
8585,-0.030517578
8586,-0.030517578
8587,-0.061035156
8588,-0.030517578
8589,0.030517578
8590,0.061035156
8591,0.030517578
8592,0.030517578
8593,-0.030517578
8594,0.061035156
8595,-0.030517578
8596,0.15258789
8597,0.030517578
8598,0.12207031
8599,0.061035156
8600,0.030517578
8601,0.061035156
8602,-0.030517578
8603,0.030517578
8604,-0.030517578
8605,0.030517578
8606,0.091552734
8607,0.091552734
8608,0.21362305
8609,-0.18310547
8610,0.18310547
8611,0.091552734
8612,-0.061035156
8613,0.21362305
8614,0.2746582
8615,0.030517578
8616,-0.030517578
8617,0.12207031
8618,0.21362305
8619,0.061035156
8620,0.36621094
8621,0.15258789
8622,0.2746582
8623,0.21362305
8624,0.15258789
8625,0.2746582
8626,0.36621094
8627,0.030517578
8628,-0.061035156
8629,-0.061035156
8630,-0.030517578
8631,-0.030517578
8632,0.12207031
8633,-0.061035156
8634,0.24414062
8635,0.061035156
8636,0.091552734
8637,0.030517578
8638,0.030517578
8639,0.061035156
8640,0.4272461
8641,0.061035156
8642,0.18310547
8643,0.091552734
8644,0.061035156
8645,0.061035156
8646,-0.21362305
8647,0.15258789
8648,0.21362305
8649,-0.030517578
8650,-0.030517578
8651,0.18310547
8652,0.18310547
8653,-0.030517578
8654,0.21362305
8655,-0.12207031
8656,0.061035156
8657,0.030517578
8658,0.030517578
8659,-0.030517578
8660,0.091552734
8661,-0.061035156
8662,0.21362305
8663,0.15258789
8664,0.15258789
8665,0.030517578
8666,0.030517578
8667,0.030517578
8668,-0.12207031
8669,-0.030517578
8670,0.030517578
8671,-0.030517578
8672,-0.30517578
8673,0.061035156
8674,-0.030517578
8675,-0.030517578
8676,0.091552734
8677,0.061035156
8678,0.061035156
8679,0.030517578
8680,-0.030517578
8681,-0.15258789
8682,0.18310547
8683,0.061035156
8684,0.21362305
8685,-0.061035156
8686,0.030517578
8687,0.061035156
8688,0.091552734
8689,0.12207031
8690,0.091552734
8691,-0.030517578
8692,0.15258789
8693,0.091552734
8694,0.030517578
8695,0.030517578
8696,0.12207031
8697,-0.12207031
8698,0.061035156
8699,0.24414062
8700,0.12207031
8701,0.030517578
8702,0.061035156
8703,0.12207031
8704,0.18310547
8705,0.24414062
8706,0.061035156
8707,0.091552734
8708,-0.18310547
8709,0.030517578
8710,0.061035156
8711,0.12207031
8712,0.091552734
8713,0.030517578
8714,0.21362305
8715,-0.030517578
8716,0.15258789
8717,0.030517578
8718,0.061035156
8719,0.061035156
8720,0.091552734
8721,0.18310547
8722,-0.12207031
8723,-0.091552734
8724,0.15258789
8725,-0.030517578
8726,0.18310547
8727,-0.030517578
8728,0.061035156
8729,0.061035156
8730,0.091552734
8731,0.030517578
8732,0.030517578
8733,0.15258789
8734,0.030517578
8735,-0.030517578
8736,0.18310547
8737,0.091552734
8738,0.030517578
8739,0.061035156
8740,0.061035156
8741,0.061035156
8742,0.030517578
8743,0.030517578
8744,0.091552734
8745,0.091552734
8746,0.030517578
8747,0.15258789
8748,-0.2746582
8749,-0.030517578
8750,0.18310547
8751,0.12207031
8752,0.030517578
8753,0.15258789
8754,0.2746582
8755,0.12207031
8756,-0.030517578
8757,-0.030517578
8758,-0.030517578
8759,0.12207031
8760,0.24414062
8761,0.21362305
8762,0.091552734
8763,0.21362305
8764,0.12207031
8765,0.061035156
8766,0.33569336
8767,0.030517578
8768,0.12207031
8769,-0.030517578
8770,-0.030517578
8771,-0.061035156
8772,0.091552734
8773,0.030517578
8774,-0.12207031
8775,0.39672852
8776,0.18310547
8777,0.061035156
8778,0.030517578
8779,-0.061035156
8780,0.061035156
8781,0.030517578
8782,0.18310547
8783,0.18310547
8784,0.12207031
8785,0.21362305
8786,0.21362305
8787,0.061035156
8788,0.061035156
8789,0.030517578
8790,0.030517578
8791,0.091552734
8792,-0.091552734
8793,0.091552734
8794,-0.030517578
8795,0.061035156
8796,0.33569336
8797,0.12207031
8798,-0.030517578
8799,-0.030517578
8800,0.18310547
8801,0.061035156
8802,0.18310547
8803,0.091552734
8804,0.21362305
8805,0.030517578
8806,0.15258789
8807,0.061035156
8808,0.030517578
8809,0.15258789
8810,0.091552734
8811,0.091552734
8812,0.39672852
8813,0.12207031
8814,0.030517578
8815,0.18310547
8816,0.48828125
8817,0.15258789
8818,0.091552734
8819,-0.061035156
8820,0.061035156
8821,0.030517578
8822,0.030517578
8823,-0.030517578
8824,0.030517578
8825,0.061035156
8826,0.030517578
8827,0.091552734
8828,0.2746582
8829,0.45776367
8830,0.33569336
8831,0.21362305
8832,0.030517578
8833,0.061035156
8834,-99.42627
8835,-99.70093
8836,-99.63989
8837,-99.63989
8838,-99.63989
8839,-99.70093
8840,-99.63989
8841,-99.67041
8842,-99.63989
8843,-99.70093
8844,-99.731445
8845,-99.609375
8846,-99.67041
8847,-99.487305
8848,-99.57886
8849,-99.67041
8850,-99.76196
8851,-99.70093
8852,-99.57886
8853,-99.3042
8854,-99.79248
8855,-99.67041
8856,-99.51782
8857,-99.45679
8858,-99.67041
8859,-99.63989
8860,-99.609375
8861,-99.63989
8862,-99.27368
8863,-99.70093
8864,-99.45679
8865,-99.63989
8866,-99.57886
8867,-99.79248
8868,-99.63989
8869,-99.70093
8870,-99.67041
8871,-99.63989
8872,-99.67041
8873,-99.57886
8874,-99.609375
8875,-99.57886
8876,-99.67041
8877,-99.609375
8878,-99.487305
8879,-99.67041
8880,-99.67041
8881,-99.67041
8882,-99.365234
8883,-99.487305
8884,-99.70093
8885,-99.487305
8886,-99.70093
8887,-99.63989
8888,-99.609375
8889,-99.70093
8890,-99.609375
8891,-99.487305
8892,-99.487305
8893,-99.57886
8894,-99.67041
8895,-99.57886
8896,-99.67041
8897,-99.79248
8898,-99.88403
8899,-99.70093
8900,-99.57886
8901,-99.39575
8902,-99.487305
8903,-99.67041
8904,-99.57886
8905,-99.63989
8906,-99.731445
8907,-99.57886
8908,-99.63989
8909,-99.57886
8910,-99.243164
8911,-99.609375
8912,-99.42627
8913,-99.609375
8914,-99.63989
8915,-99.63989
8916,-99.70093
8917,-99.63989
8918,-99.70093
8919,-99.67041
8920,-99.70093
8921,-99.609375
8922,-99.609375
8923,-99.57886
8924,-99.731445
8925,-99.70093
8926,-99.67041
8927,-99.609375
8928,-99.51782
8929,-99.70093
8930,-99.76196
8931,-99.70093
8932,-99.51782
8933,-99.609375
8934,-99.33472
8935,-99.67041
8936,-99.45679
8937,-99.57886
8938,-99.609375
8939,-99.487305
8940,-99.42627
8941,-99.51782
8942,-99.42627
8943,-99.70093
8944,-99.731445
8945,-99.609375
8946,-99.365234
8947,-99.63989
8948,-99.67041
8949,-99.39575
8950,-99.39575
8951,-99.39575
8952,-99.67041
8953,-99.67041
8954,-99.67041
8955,-99.67041
8956,-99.823
8957,-99.609375
8958,-99.63989
8959,-99.63989
8960,-99.823
8961,-99.63989
8962,-99.67041
8963,-99.63989
8964,-99.609375
8965,-99.57886
8966,-99.57886
8967,-99.731445
8968,-99.63989
8969,-99.39575
8970,-99.365234
8971,-99.67041
8972,-99.57886
8973,-99.63989
8974,-99.67041
8975,-99.67041
8976,-99.67041
8977,-99.70093
8978,-99.609375
8979,-99.67041
8980,-99.67041
8981,-99.70093
8982,-99.57886
8983,-99.67041
8984,-99.76196
8985,-99.67041
8986,-99.63989
8987,-99.51782
8988,-99.487305
8989,-99.731445
8990,-99.609375
8991,-99.67041
8992,-99.609375
8993,-99.609375
8994,-99.487305
8995,-99.731445
8996,-99.67041
8997,-99.487305
8998,-99.63989
8999,-99.57886
9000,-99.67041
9001,-99.67041
9002,-99.63989
9003,-99.487305
9004,-99.823
9005,-99.45679
9006,-99.70093
9007,-99.45679
9008,-99.63989
9009,-99.70093
9010,-99.609375
9011,-99.67041
9012,-99.70093
9013,-99.63989
9014,-99.63989
9015,-99.823
9016,-99.51782
9017,-99.63989
9018,-99.63989
9019,-99.33472
9020,-99.27368
9021,-99.70093
9022,-99.76196
9023,-99.67041
9024,-99.63989
9025,-99.51782
9026,-99.76196
9027,-99.731445
9028,-99.67041
9029,-99.63989
9030,-99.70093
9031,-99.3042
9032,-99.57886
9033,-99.67041
9034,-99.67041
9035,-99.70093
9036,-99.731445
9037,-99.63989
9038,-99.67041
9039,-99.70093
9040,-99.67041
9041,-99.67041
9042,-99.63989
9043,-99.51782
9044,-99.63989
9045,-99.609375
9046,-99.67041
9047,-99.57886
9048,-99.70093
9049,-99.731445
9050,-99.70093
9051,-99.67041
9052,-99.57886
9053,-99.33472
9054,-99.63989
9055,-99.487305
9056,-99.67041
9057,-99.45679
9058,-99.487305
9059,-99.57886
9060,-99.39575
9061,-99.27368
9062,-99.42627
9063,-99.70093
9064,-99.70093
9065,-99.487305
9066,-99.853516
9067,-99.67041
9068,-99.67041
9069,-99.487305
9070,-99.365234
9071,-99.57886
9072,-99.731445
9073,-99.67041
9074,-99.70093
9075,-99.853516
9076,-99.823
9077,-99.51782
9078,-99.67041
9079,-99.51782
9080,-99.76196
9081,-99.79248
9082,-99.70093
9083,-99.731445
9084,-99.63989
9085,-99.57886
9086,-99.45679
9087,-99.63989
9088,-99.57886
9089,-99.57886
9090,-99.76196
9091,-99.3042
9092,-99.487305
9093,-99.57886
9094,-99.67041
9095,-99.731445
9096,-99.67041
9097,-99.70093
9098,-99.70093
9099,-99.67041
9100,-99.67041
9101,-99.57886
9102,-99.57886
9103,-99.731445
9104,-99.67041
9105,-99.70093
9106,-99.70093
9107,-99.67041
9108,-99.57886
9109,-99.70093
9110,-99.67041
9111,-99.731445
9112,-99.63989
9113,-99.57886
9114,-99.39575
9115,-99.45679
9116,-99.609375
9117,-99.487305
9118,-99.57886
9119,-99.45679
9120,-99.57886
9121,-99.67041
9122,-99.27368
9123,-99.487305
9124,-99.70093
9125,-99.731445
9126,-99.63989
9127,-99.731445
9128,-99.67041
9129,-99.63989
9130,-99.63989
9131,-99.609375
9132,-99.67041
9133,-99.67041
9134,-99.487305
9135,-99.67041
9136,-99.487305
9137,-99.51782
9138,-99.63989
9139,-99.88403
9140,-99.70093
9141,-99.70093
9142,-99.70093
9143,-99.51782
9144,-99.3042
9145,-99.487305
9146,-99.70093
9147,-99.67041
9148,-99.27368
9149,-99.70093
9150,-99.63989
9151,-99.731445
9152,-99.79248
9153,-99.63989
9154,-99.609375
9155,-99.609375
9156,-99.67041
9157,-99.67041
9158,-99.70093
9159,-99.70093
9160,-99.609375
9161,-99.609375
9162,-99.487305
9163,-99.731445
9164,-99.609375
9165,-99.67041
9166,-99.57886
9167,-99.731445
9168,-99.67041
9169,-99.63989
9170,-99.63989
9171,-99.609375
9172,-99.63989
9173,-99.70093
9174,-99.57886
9175,-99.67041
9176,-99.487305
9177,-99.51782
9178,-99.45679
9179,-99.731445
9180,-99.609375
9181,-99.67041
9182,-99.67041
9183,-99.609375
9184,-99.487305
9185,-99.57886
9186,-99.731445
9187,-99.67041
9188,-99.42627
9189,-99.39575
9190,-99.609375
9191,-99.39575
9192,-99.823
9193,-99.27368
9194,-99.365234
9195,-99.67041
9196,-99.487305
9197,-99.45679
9198,-99.63989
9199,-99.57886
9200,-99.823
9201,-99.45679
9202,-99.487305
9203,-99.70093
9204,-99.67041
9205,-99.57886
9206,-99.487305
9207,-99.70093
9208,-99.70093
9209,-99.487305
9210,-99.823
9211,-99.21265
9212,-99.487305
9213,-99.57886
9214,-99.609375
9215,-99.609375
9216,-99.63989
9217,-99.70093
9218,-99.731445
9219,-99.63989
9220,-99.57886
9221,-99.51782
9222,-99.21265
9223,-99.76196
9224,-99.63989
9225,-99.57886
9226,-99.45679
9227,-99.487305
9228,-99.67041
9229,-99.487305
9230,-99.45679
9231,-99.609375
9232,-99.70093
9233,-99.67041
9234,-99.67041
9235,-99.70093
9236,-99.67041
9237,-99.70093
9238,-99.731445
9239,-99.67041
9240,-99.63989
9241,-99.67041
9242,-99.609375
9243,-99.42627
9244,-99.18213
9245,-99.487305
9246,-99.57886
9247,-99.51782
9248,-99.63989
9249,-99.609375
9250,-99.70093
9251,-99.67041
9252,-99.609375
9253,-99.70093
9254,-99.63989
9255,-99.27368
9256,-99.33472
9257,-99.27368
9258,-99.67041
9259,-99.731445
9260,-99.45679
9261,-99.731445
9262,-99.609375
9263,-99.63989
9264,-99.51782
9265,-99.45679
9266,-99.70093
9267,-99.63989
9268,-99.76196
9269,-99.70093
9270,-99.70093
9271,-99.45679
9272,-99.45679
9273,-99.21265
9274,-99.609375
9275,-99.609375
9276,-99.609375
9277,-99.609375
9278,-99.63989
9279,-99.63989
9280,-99.67041
9281,-99.3042
9282,-99.39575
9283,-99.70093
9284,-99.67041
9285,-99.63989
9286,-99.33472
9287,-99.63989
9288,-99.63989
9289,-99.57886
9290,-99.365234
9291,-99.51782
9292,-99.57886
9293,-99.67041
9294,-99.63989
9295,-99.67041
9296,-99.70093
9297,-99.51782
9298,-99.70093
9299,-99.76196
9300,-99.731445
9301,-99.70093
9302,-99.609375
9303,-99.57886
9304,-99.88403
9305,-99.76196
9306,-99.63989
9307,-99.57886
9308,-99.45679
9309,-99.70093
9310,-99.67041
9311,-99.42627
9312,-99.21265
9313,-99.3042
9314,-99.57886
9315,-99.609375
9316,-99.609375
9317,-99.67041
9318,-99.70093
9319,-99.67041
9320,-99.67041
9321,-99.51782
9322,-99.609375
9323,-99.487305
9324,-99.79248
9325,-99.57886
9326,-99.57886
9327,-99.27368
9328,-99.63989
9329,-99.731445
9330,-99.609375
9331,-99.70093
9332,-99.731445
9333,-99.63989
9334,-99.67041
9335,-99.79248
9336,-99.42627
9337,-99.609375
9338,-99.63989
9339,-99.487305
9340,-99.63989
9341,-99.51782
9342,-99.63989
9343,-99.70093
9344,-99.63989
9345,-99.487305
9346,-99.63989
9347,-99.70093
9348,-99.67041
9349,-99.51782
9350,-99.365234
9351,-99.57886
9352,-99.609375
9353,-99.63989
9354,-99.731445
9355,-99.79248
9356,-99.731445
9357,-99.57886
9358,-99.67041
9359,-99.51782
9360,-99.70093
9361,-99.76196
9362,-99.731445
9363,-99.70093
9364,-99.67041
9365,-99.42627
9366,-99.70093
9367,-99.731445
9368,-99.51782
9369,-99.3042
9370,-99.67041
9371,-99.609375
9372,-99.67041
9373,-99.63989
9374,-99.67041
9375,-99.67041
9376,-99.67041
9377,-99.70093
9378,-99.70093
9379,-99.731445
9380,-99.67041
9381,-99.609375
9382,-99.63989
9383,-99.39575
9384,-99.731445
9385,-99.70093
9386,-99.70093
9387,-99.609375
9388,-99.487305
9389,-99.731445
9390,-99.63989
9391,-99.67041
9392,-99.487305
9393,-99.731445
9394,-99.70093
9395,-99.853516
9396,-99.365234
9397,-99.57886
9398,-99.57886
9399,-99.33472
9400,-99.33472
9401,-99.487305
9402,-99.853516
9403,-99.70093
9404,-99.63989
9405,-99.487305
9406,-99.42627
9407,-99.63989
9408,-99.63989
9409,-99.45679
9410,-99.487305
9411,-99.67041
9412,-99.70093
9413,-99.70093
9414,-99.70093
9415,-99.70093
9416,-99.731445
9417,-99.731445
9418,-99.67041
9419,-99.70093
9420,-99.57886
9421,-99.63989
9422,-99.67041
9423,-99.3042
9424,-99.70093
9425,-99.70093
9426,-99.63989
9427,-99.39575
9428,-99.63989
9429,-99.67041
9430,-99.67041
9431,-99.70093
9432,-99.63989
9433,-99.70093
9434,-99.243164
9435,-99.365234
9436,-99.365234
9437,-99.63989
9438,-99.63989
9439,-99.39575
9440,-99.45679
9441,-99.365234
9442,-99.70093
9443,-99.731445
9444,-99.70093
9445,-99.609375
9446,-99.3042
9447,-99.76196
9448,-99.70093
9449,-99.57886
9450,-99.609375
9451,-99.51782
9452,-99.609375
9453,-99.70093
9454,-99.67041
9455,-99.70093
9456,-99.70093
9457,-99.70093
9458,-99.731445
9459,-99.609375
9460,-99.63989
9461,-99.609375
9462,-99.487305
9463,-99.91455
9464,-99.731445
9465,-99.609375
9466,-99.63989
9467,-99.27368
9468,-99.731445
9469,-99.67041
9470,-99.63989
9471,-99.70093
9472,-99.63989
9473,-99.487305
9474,-99.79248
9475,-99.243164
9476,-99.57886
9477,-99.51782
9478,-99.51782
9479,-99.365234
9480,-99.243164
9481,-99.365234
9482,-99.731445
9483,-99.63989
9484,-99.609375
9485,-99.609375
9486,-99.3042
9487,-99.609375
9488,-99.63989
9489,-99.57886
9490,-99.42627
9491,-99.609375
9492,-99.63989
9493,-99.67041
9494,-99.609375
9495,-99.70093
9496,-99.731445
9497,-99.67041
9498,-99.70093
9499,-99.67041
9500,-99.70093
9501,-99.57886
9502,-99.51782
9503,-99.33472
9504,-99.70093
9505,-99.67041
9506,-99.609375
9507,-99.18213
9508,-99.67041
9509,-99.609375
9510,-99.57886
9511,-99.63989
9512,-99.70093
9513,-99.67041
9514,-99.51782
9515,-99.27368
9516,-99.27368
9517,-99.57886
9518,-99.609375
9519,-99.33472
9520,-99.45679
9521,-99.51782
9522,-99.823
9523,-99.67041
9524,-99.70093
9525,-99.609375
9526,-99.76196
9527,-99.731445
9528,-99.609375
9529,-99.63989
9530,-99.45679
9531,-99.42627
9532,-99.51782
9533,-99.609375
9534,-99.70093
9535,-99.70093
9536,-99.63989
9537,-99.67041
9538,-99.63989
9539,-99.67041
9540,-99.731445
9541,-99.63989
9542,-99.57886
9543,-99.39575
9544,-99.70093
9545,-99.70093
9546,-99.70093
9547,-99.45679
9548,-99.731445
9549,-99.67041
9550,-99.67041
9551,-99.67041
9552,-99.487305
9553,-99.365234
9554,-99.57886
9555,-99.63989
9556,-99.63989
9557,-99.70093
9558,-99.731445
9559,-99.63989
9560,-99.63989
9561,-99.609375
9562,-99.487305
9563,-99.57886
9564,-99.57886
9565,-99.609375
9566,-99.609375
9567,-99.45679
9568,-99.45679
9569,-99.63989
9570,-99.70093
9571,-99.63989
9572,-99.67041
9573,-99.42627
9574,-99.51782
9575,-99.51782
9576,-99.609375
9577,-99.63989
9578,-99.57886
9579,-99.609375
9580,-99.70093
9581,-99.79248
9582,-99.487305
9583,-99.67041
9584,-99.70093
9585,-99.70093
9586,-99.609375
9587,-99.57886
9588,-99.609375
9589,-99.609375
9590,-99.63989
9591,-99.63989
9592,-99.731445
9593,-99.70093
9594,-99.67041
9595,-99.853516
9596,-99.51782
9597,-99.731445
9598,-99.67041
9599,-99.45679
9600,-99.76196
9601,-99.63989
9602,-99.70093
9603,-99.67041
9604,-99.609375
9605,-99.70093
9606,-99.51782
9607,-99.609375
9608,-99.57886
9609,-99.609375
9610,-99.63989
9611,-99.487305
9612,-99.57886
9613,-99.67041
9614,-99.63989
9615,-99.63989
9616,-99.731445
9617,-99.70093
9618,-99.70093
9619,-99.63989
9620,-99.67041
9621,-99.67041
9622,-99.63989
9623,-99.365234
9624,-99.63989
9625,-99.63989
9626,-99.70093
9627,-99.487305
9628,-99.76196
9629,-99.70093
9630,-99.67041
9631,-99.67041
9632,-99.853516
9633,-99.487305
9634,-99.609375
9635,-99.67041
9636,-99.63989
9637,-99.70093
9638,-99.67041
9639,-99.70093
9640,-99.70093
9641,-99.63989
9642,-99.609375
9643,-99.51782
9644,-99.21265
9645,-99.45679
9646,-99.63989
9647,-99.45679
9648,-99.731445
9649,-99.70093
9650,-99.609375
9651,-99.609375
9652,-99.76196
9653,-99.609375
9654,-99.57886
9655,-99.609375
9656,-99.70093
9657,-99.63989
9658,-99.67041
9659,-99.63989
9660,-99.67041
9661,-99.609375
9662,-99.63989
9663,-99.45679
9664,-99.70093
9665,-99.67041
9666,-99.45679
9667,-99.609375
9668,-99.70093
9669,-99.57886
9670,-99.609375
9671,-99.731445
9672,-99.70093
9673,-99.57886
9674,-99.51782
9675,-99.27368
9676,-99.823
9677,-99.91455
9678,-99.27368
9679,-99.45679
9680,-99.51782
9681,-99.67041
9682,-99.731445
9683,-99.63989
9684,-99.51782
9685,-99.63989
9686,-99.70093
9687,-99.67041
9688,-99.67041
9689,-99.823
9690,-99.88403
9691,-99.63989
9692,-99.57886
9693,-99.487305
9694,-99.609375
9695,-99.609375
9696,-99.67041
9697,-99.67041
9698,-99.67041
9699,-99.609375
9700,-99.57886
9701,-99.57886
9702,-99.67041
9703,-99.63989
9704,-99.63989
9705,-99.51782
9706,-99.27368
9707,-99.57886
9708,-99.609375
9709,-99.67041
9710,-99.57886
9711,-99.67041
9712,-99.70093
9713,-99.70093
9714,-99.67041
9715,-99.45679
9716,-99.70093
9717,-99.487305
9718,-99.609375
9719,-99.63989
9720,-99.67041
9721,-99.70093
9722,-99.63989
9723,-99.609375
9724,-99.51782
9725,-99.487305
9726,-99.63989
9727,-99.57886
9728,-99.63989
9729,-99.70093
9730,-99.487305
9731,-99.609375
9732,-99.33472
9733,-99.487305
9734,-99.487305
9735,-99.57886
9736,-99.63989
9737,-99.67041
9738,-99.51782
9739,-99.45679
9740,-99.609375
9741,-99.91455
9742,-99.609375
9743,-99.63989
9744,-99.67041
9745,-99.51782
9746,-99.51782
9747,-99.67041
9748,-99.42627
9749,-99.76196
9750,-99.27368
9751,-99.51782
9752,-99.63989
9753,-99.63989
9754,-99.67041
9755,-99.70093
9756,-99.67041
9757,-99.63989
9758,-99.63989
9759,-99.67041
9760,-99.67041
9761,-99.63989
9762,-99.57886
9763,-99.487305
9764,-99.70093
9765,-99.70093
9766,-99.609375
9767,-99.79248
9768,-99.70093
9769,-99.63989
9770,-99.57886
9771,-99.67041
9772,-99.67041
9773,-99.63989
9774,-99.63989
9775,-99.45679
9776,-99.731445
9777,-99.67041
9778,-99.823
9779,-99.70093
9780,-99.609375
9781,-99.63989
9782,-99.487305
9783,-99.487305
9784,-99.57886
9785,-99.609375
9786,-99.51782
9787,-99.487305
9788,-99.67041
9789,-99.63989
9790,-99.67041
9791,-99.67041
9792,-99.63989
9793,-99.67041
9794,-99.609375
9795,-99.57886
9796,-99.67041
9797,-99.67041
9798,-99.70093
9799,-99.731445
9800,-99.67041
9801,-99.67041
9802,-99.609375
9803,-99.57886
9804,-99.853516
9805,-99.45679
9806,-99.731445
9807,-99.51782
9808,-99.51782
9809,-99.63989
9810,-99.57886
9811,-99.70093
9812,-99.70093
9813,-99.63989
9814,-99.731445
9815,-99.67041
9816,-99.70093
9817,-99.67041
9818,-99.57886
9819,-99.67041
9820,-99.45679
9821,-99.70093
9822,-99.67041
9823,-99.63989
9824,-99.609375
9825,-99.63989
9826,-99.39575
9827,-99.487305
9828,-99.67041
9829,-99.609375
9830,-99.57886
9831,-99.57886
9832,-99.63989
9833,-99.67041
9834,-99.70093
9835,-99.70093
9836,-99.70093
9837,-99.67041
9838,-99.70093
9839,-99.63989
9840,-99.609375
9841,-99.63989
9842,-99.45679
9843,-99.609375
9844,-99.70093
9845,-99.70093
9846,-99.51782
9847,-99.70093
9848,-99.731445
9849,-99.67041
9850,-99.63989
9851,-99.63989
9852,-99.63989
9853,-99.67041
9854,-99.67041
9855,-99.51782
9856,-99.63989
9857,-99.67041
9858,-99.45679
9859,-99.51782
9860,-99.70093
9861,-99.70093
9862,-99.63989
9863,-99.63989
9864,-99.67041
9865,-99.823
9866,-99.63989
9867,-99.487305
9868,-99.70093
9869,-99.70093
9870,-99.42627
9871,-99.70093
9872,-99.33472
9873,-99.63989
9874,-99.57886
9875,-99.67041
9876,-99.51782
9877,-99.51782
9878,-99.57886
9879,-99.487305
9880,-99.39575
9881,-99.88403
9882,-99.76196
9883,-99.70093
9884,-99.70093
9885,-99.609375
9886,-99.45679
9887,-99.70093
9888,-99.609375
9889,-99.57886
9890,-99.51782
9891,-99.63989
9892,-99.67041
9893,-99.67041
9894,-99.731445
9895,-99.76196
9896,-99.70093
9897,-99.731445
9898,-99.67041
9899,-99.70093
9900,-99.67041
9901,-99.57886
9902,-99.51782
9903,-99.21265
9904,-99.67041
9905,-99.731445
9906,-99.67041
9907,-99.27368
9908,-99.70093
9909,-99.70093
9910,-99.731445
9911,-99.67041
9912,-99.63989
9913,-99.731445
9914,-99.3042
9915,-99.243164
9916,-99.63989
9917,-99.487305
9918,-99.609375
9919,-99.365234
9920,-99.609375
9921,-99.70093
9922,-99.63989
9923,-99.67041
9924,-99.67041
9925,-99.57886
9926,-99.79248
9927,-99.67041
9928,-99.63989
9929,-99.609375
9930,-99.609375
9931,-99.487305
9932,-99.63989
9933,-99.51782
9934,-99.63989
9935,-99.67041
9936,-99.609375
9937,-99.609375
9938,-99.609375
9939,-99.51782
9940,-99.63989
9941,-99.609375
9942,-99.609375
9943,-99.67041
9944,-99.57886
9945,-99.57886
9946,-99.67041
9947,-99.70093
9948,-99.51782
9949,-99.487305
9950,-99.76196
9951,-99.609375
9952,-99.63989
9953,-99.609375
9954,-99.63989
9955,-99.63989
9956,-99.63989
9957,-99.70093
9958,-99.67041
9959,-99.70093
9960,-99.63989
9961,-99.609375
9962,-99.67041
9963,-99.63989
9964,-99.67041
9965,-99.70093
9966,-99.609375
9967,-99.27368
9968,-99.70093
9969,-99.63989
9970,-99.63989
9971,-99.63989
9972,-99.609375
9973,-99.853516
9974,-99.63989
9975,-99.51782
9976,-99.487305
9977,-99.70093
9978,-99.57886
9979,-99.70093
9980,-99.67041
9981,-99.67041
9982,-99.487305
9983,-99.609375
9984,-99.70093
9985,-99.67041
9986,-99.51782
9987,-99.42627
9988,-99.63989
9989,-99.67041
9990,-99.609375
9991,-99.67041
9992,-99.67041
9993,-99.51782
9994,-99.70093
9995,-99.67041
9996,-99.27368
9997,-99.67041
9998,-99.3042
9999,-99.76196
10000,-99.67041
10001,-99.51782
10002,-99.609375
10003,-99.609375
10004,-99.57886
10005,-99.79248
10006,-99.70093
10007,-99.70093
10008,-99.609375
10009,-99.88403
10010,-99.42627
10011,-99.853516
10012,-99.45679
10013,-99.487305
10014,-99.51782
10015,-99.57886
10016,-99.67041
10017,-99.609375
10018,-99.57886
10019,-99.609375
10020,-99.3042
10021,-99.57886
10022,-99.70093
10023,-99.67041
10024,-99.63989
10025,-99.42627
10026,-99.42627
10027,-99.67041
10028,-99.51782
10029,-99.3042
10030,-99.51782
10031,-99.487305
10032,-99.70093
10033,-99.63989
10034,-99.67041
10035,-99.67041
10036,-99.63989
10037,-99.57886
10038,-99.487305
10039,-99.609375
10040,-99.67041
10041,-99.67041
10042,-99.67041
10043,-99.609375
10044,-99.57886
10045,-99.63989
10046,-99.63989
10047,-99.57886
10048,-99.33472
10049,-99.57886
10050,-99.731445
10051,-99.88403
10052,-99.67041
10053,-99.63989
10054,-99.67041
10055,-99.63989
10056,-99.67041
10057,-99.70093
10058,-99.70093
10059,-99.63989
10060,-99.63989
10061,-99.63989
10062,-99.76196
10063,-99.42627
10064,-99.731445
10065,-99.63989
10066,-99.63989
10067,-99.63989
10068,-99.609375
10069,-99.487305
10070,-99.63989
10071,-99.63989
10072,-99.67041
10073,-99.731445
10074,-99.487305
10075,-99.63989
10076,-99.70093
10077,-99.70093
10078,-99.45679
10079,-99.823
10080,-99.609375
10081,-99.63989
10082,-99.70093
10083,-99.51782
10084,-99.487305
10085,-99.57886
10086,-99.70093
10087,-99.63989
10088,-99.79248
10089,-99.731445
10090,-99.51782
10091,-99.243164
10092,-99.51782
10093,-99.609375
10094,-99.63989
10095,-99.67041
10096,-99.609375
10097,-99.57886
10098,-99.63989
10099,-99.51782
10100,-99.609375
10101,-99.67041
10102,-99.51782
10103,-99.70093
10104,-99.70093
10105,-99.39575
10106,-99.70093
10107,-99.76196
10108,-99.609375
10109,-99.63989
10110,-99.63989
10111,-99.67041
10112,-99.70093
10113,-99.731445
10114,-99.731445
10115,-99.70093
10116,-99.67041
10117,-99.67041
10118,-99.67041
10119,-99.63989
10120,-99.63989
10121,-99.67041
10122,-99.67041
10123,-99.487305
10124,-99.57886
10125,-99.63989
10126,-99.63989
10127,-99.487305
10128,-99.70093
10129,-99.67041
10130,-99.42627
10131,-99.51782
10132,-99.33472
10133,-99.609375
10134,-99.63989
10135,-99.67041
10136,-99.67041
10137,-99.70093
10138,-99.63989
10139,-99.609375
10140,-99.487305
10141,-99.3042
10142,-99.487305
10143,-99.70093
10144,-99.67041
10145,-99.609375
10146,-99.365234
10147,-99.51782
10148,-99.731445
10149,-99.57886
10150,-99.609375
10151,-99.70093
10152,-99.67041
10153,-99.57886
10154,-99.70093
10155,-99.88403
10156,-99.487305
10157,-99.609375
10158,-99.609375
10159,-99.27368
10160,-99.45679
10161,-99.57886
10162,-99.70093
10163,-99.70093
10164,-99.63989
10165,-99.365234
10166,-99.70093
10167,-99.70093
10168,-99.609375
10169,-99.609375
10170,-99.365234
10171,-99.57886
10172,-99.57886
10173,-99.57886
10174,-99.731445
10175,-99.67041
10176,-99.67041
10177,-99.63989
10178,-99.63989
10179,-99.63989
10180,-99.57886
10181,-99.63989
10182,-99.609375
10183,-99.67041
10184,-99.70093
10185,-99.609375
10186,-99.853516
10187,-99.67041
10188,-99.57886
10189,-99.21265
10190,-99.42627
10191,-99.609375
10192,-99.57886
10193,-99.51782
10194,-99.63989
10195,-99.67041
10196,-99.67041
10197,-99.67041
10198,-99.63989
10199,-99.63989
10200,-99.609375
10201,-99.57886
10202,-99.88403
10203,-99.42627
10204,-99.70093
10205,-99.57886
10206,-99.853516
10207,-99.67041
10208,-99.57886
10209,-99.487305
10210,-99.609375
10211,-99.51782
10212,-99.487305
10213,-99.51782
10214,-99.63989
10215,-99.63989
10216,-99.51782
10217,-99.57886
10218,-99.51782
10219,-99.42627
10220,-99.487305
10221,-99.67041
10222,-99.70093
10223,-99.609375
10224,-99.63989
10225,-99.487305
10226,-99.63989
10227,-99.33472
10228,-99.70093
10229,-99.67041
10230,-99.70093
10231,-99.70093
10232,-99.731445
10233,-99.823
10234,-99.67041
10235,-99.51782
10236,-99.63989
10237,-99.63989
10238,-99.45679
10239,-99.51782
10240,-99.45679
10241,-99.609375
10242,-99.63989
10243,-99.63989
10244,-99.365234
10245,-99.70093
10246,-99.67041
10247,-99.57886
10248,-99.365234
10249,-99.67041
10250,-99.731445
10251,-99.42627
10252,-99.67041
10253,-99.51782
10254,-99.487305
10255,-99.63989
10256,-99.609375
10257,-99.57886
10258,-99.63989
10259,-99.57886
10260,-99.609375
10261,-99.57886
10262,-99.67041
10263,-99.67041
10264,-99.487305
10265,-99.33472
10266,-99.609375
10267,-99.57886
10268,-99.243164
10269,-99.487305
10270,-99.243164
10271,-99.57886
10272,-99.63989
10273,-99.67041
10274,-99.63989
10275,-99.70093
10276,-99.67041
10277,-99.67041
10278,-99.67041
10279,-99.731445
10280,-99.70093
10281,-99.63989
10282,-99.57886
10283,-99.487305
10284,-99.18213
10285,-99.51782
10286,-99.609375
10287,-99.51782
10288,-99.51782
10289,-99.79248
10290,-99.67041
10291,-99.27368
10292,-99.609375
10293,-99.51782
10294,-99.51782
10295,-99.57886
10296,-99.63989
10297,-99.63989
10298,-99.63989
10299,-99.51782
10300,-99.94507
10301,-99.63989
10302,-99.731445
10303,-99.67041
10304,-99.63989
10305,-99.76196
10306,-99.70093
10307,-99.609375
10308,-99.365234
10309,-99.609375
10310,-99.609375
10311,-99.853516
10312,-99.57886
10313,-99.609375
10314,-99.67041
10315,-99.70093
10316,-99.67041
10317,-99.67041
10318,-99.70093
10319,-99.67041
10320,-99.63989
10321,-99.487305
10322,-99.42627
10323,-99.57886
10324,-99.70093
10325,-99.731445
10326,-99.57886
10327,-99.51782
10328,-99.70093
10329,-99.67041
10330,-99.70093
10331,-99.70093
10332,-99.45679
10333,-99.67041
10334,-99.76196
10335,-99.731445
10336,-99.823
10337,-99.487305
10338,-99.57886
10339,-99.731445
10340,-99.67041
10341,-99.67041
10342,-99.51782
10343,-99.3042
10344,-99.51782
10345,-99.731445
10346,-99.51782
10347,-99.487305
10348,-99.67041
10349,-99.67041
10350,-99.70093
10351,-99.67041
10352,-99.70093
10353,-99.487305
10354,-99.487305
10355,-99.3042
10356,-99.63989
10357,-99.76196
10358,-99.243164
10359,-99.731445
10360,-99.67041
10361,-99.67041
10362,-99.67041
10363,-99.67041
10364,-99.45679
10365,-99.731445
10366,-99.67041
10367,-99.70093
10368,-99.21265
10369,-99.51782
10370,-99.76196
10371,-99.3042
10372,-99.57886
10373,-99.609375
10374,-99.609375
10375,-99.67041
10376,-99.67041
10377,-99.609375
10378,-99.609375
10379,-99.51782
10380,-99.487305
10381,-99.70093
10382,-99.731445
10383,-99.63989
10384,-99.51782
10385,-99.42627
10386,-99.731445
10387,-99.63989
10388,-99.3042
10389,-99.487305
10390,-99.21265
10391,-99.365234
10392,-99.487305
10393,-99.63989
10394,-99.67041
10395,-99.70093
10396,-99.67041
10397,-99.731445
10398,-99.67041
10399,-99.70093
10400,-99.609375
10401,-99.67041
10402,-99.39575
10403,-99.70093
10404,-99.63989
10405,-99.70093
10406,-99.487305
10407,-99.70093
10408,-99.67041
10409,-99.63989
10410,-99.57886
10411,-99.731445
10412,-99.67041
10413,-99.76196
10414,-99.76196
10415,-99.88403
10416,-99.3042
10417,-99.45679
10418,-99.487305
10419,-99.63989
10420,-99.51782
10421,-99.67041
10422,-99.63989
10423,-99.57886
10424,-99.63989
10425,-99.63989
10426,-99.70093
10427,-99.63989
10428,-99.51782
10429,-99.45679
10430,-99.63989
10431,-99.67041
10432,-99.33472
10433,-99.51782
10434,-99.57886
10435,-99.609375
10436,-99.67041
10437,-99.51782
10438,-99.609375
10439,-99.609375
10440,-99.365234
10441,-99.609375
10442,-99.51782
10443,-99.731445
10444,-99.731445
10445,-99.609375
10446,-99.731445
10447,-99.731445
10448,-99.609375
10449,-99.51782
10450,-99.3042
10451,-99.63989
10452,-99.51782
10453,-99.67041
10454,-99.63989
10455,-99.63989
10456,-99.67041
10457,-99.63989
10458,-99.57886
10459,-99.63989
10460,-99.63989
10461,-99.45679
10462,-99.609375
10463,-99.70093
10464,-99.63989
10465,-99.45679
10466,-99.823
10467,-99.63989
10468,-99.33472
10469,-99.76196
10470,-99.79248
10471,-99.39575
10472,-99.67041
10473,-99.609375
10474,-99.57886
10475,-99.63989
10476,-99.57886
10477,-99.67041
10478,-99.731445
10479,-99.57886
10480,-99.51782
10481,-99.51782
10482,-99.243164
10483,-99.823
10484,-99.609375
10485,-99.51782
10486,-99.27368
10487,-99.67041
10488,-99.63989
10489,-99.70093
10490,-99.67041
10491,-99.731445
10492,-99.67041
10493,-99.70093
10494,-99.51782
10495,-99.853516
10496,-99.79248
10497,-99.45679
10498,-99.609375
10499,-99.731445
10500,-99.70093
10501,-99.57886
10502,-99.63989
10503,-99.51782
10504,-99.609375
10505,-99.51782
10506,-99.67041
10507,-99.70093
10508,-99.45679
10509,-99.243164
10510,-99.39575
10511,-99.609375
10512,-99.67041
10513,-99.731445
10514,-99.609375
10515,-99.63989
10516,-99.70093
10517,-99.63989
10518,-99.63989
10519,-99.63989
10520,-99.63989
10521,-99.57886
10522,-99.33472
10523,-99.609375
10524,-99.609375
10525,-99.57886
10526,-99.57886
10527,-99.365234
10528,-99.67041
10529,-99.70093
10530,-99.63989
10531,-99.731445
10532,-99.70093
10533,-99.67041
10534,-99.487305
10535,-99.70093
10536,-99.823
10537,-99.63989
10538,-99.63989
10539,-99.853516
10540,-99.70093
10541,-99.67041
10542,-99.731445
10543,-99.57886
10544,-99.79248
10545,-99.67041
10546,-99.67041
10547,-99.33472
10548,-99.731445
10549,-99.57886
10550,-99.42627
10551,-99.21265
10552,-99.57886
10553,-99.57886
10554,-99.487305
10555,-99.70093
10556,-99.67041
10557,-99.63989
10558,-99.63989
10559,-99.57886
10560,-99.70093
10561,-99.51782
10562,-99.45679
10563,-99.45679
10564,-99.63989
10565,-99.731445
10566,-99.487305
10567,-99.609375
10568,-99.67041
10569,-99.63989
10570,-99.731445
10571,-99.63989
10572,-99.67041
10573,-99.70093
10574,-99.67041
10575,-99.67041
10576,-99.67041
10577,-99.63989
10578,-99.609375
10579,-99.609375
10580,-99.33472
10581,-99.70093
10582,-99.76196
10583,-99.67041
10584,-99.42627
10585,-99.45679
10586,-99.731445
10587,-99.487305
10588,-99.70093
10589,-99.609375
10590,-99.51782
10591,-99.3042
10592,-99.609375
10593,-99.51782
10594,-99.609375
10595,-99.63989
10596,-99.63989
10597,-99.609375
10598,-99.63989
10599,-99.63989
10600,-99.365234
10601,-99.3042
10602,-99.57886
10603,-99.67041
10604,-99.57886
10605,-99.45679
10606,-99.51782
10607,-99.63989
10608,-99.487305
10609,-99.21265
10610,-99.609375
10611,-99.487305
10612,-99.609375
10613,-99.63989
10614,-99.63989
10615,-99.70093
10616,-99.63989
10617,-99.63989
10618,-99.57886
10619,-99.45679
10620,-99.243164
10621,-99.731445
10622,-99.67041
10623,-99.63989
10624,-99.51782
10625,-99.18213
10626,-99.67041
10627,-99.70093
10628,-99.27368
10629,-99.79248
10630,-99.27368
10631,-99.45679
10632,-99.63989
10633,-99.63989
10634,-99.731445
10635,-99.70093
10636,-99.67041
10637,-99.63989
10638,-99.70093
10639,-99.70093
10640,-99.609375
10641,-99.51782
10642,-99.45679
10643,-99.487305
10644,-99.67041
10645,-99.63989
10646,-99.365234
10647,-99.67041
10648,-99.70093
10649,-99.67041
10650,-99.609375
10651,-99.70093
10652,-99.67041
10653,-99.63989
10654,-99.487305
10655,-99.63989
10656,-99.39575
10657,-99.70093
10658,-99.67041
10659,-99.70093
10660,-99.731445
10661,-99.57886
10662,-99.63989
10663,-99.70093
10664,-99.731445
10665,-99.731445
10666,-99.609375
10667,-99.67041
10668,-99.731445
10669,-99.67041
10670,-99.67041
10671,-99.63989
10672,-99.609375
10673,-99.76196
10674,-99.487305
10675,-99.57886
10676,-99.609375
10677,-99.63989
10678,-99.487305
10679,-99.487305
10680,-99.365234
10681,-99.731445
10682,-99.731445
10683,-99.70093
10684,-99.63989
10685,-99.39575
10686,-99.487305
10687,-99.67041
10688,-99.45679
10689,-99.609375
10690,-99.63989
10691,-99.67041
10692,-99.70093
10693,-99.70093
10694,-99.67041
10695,-99.70093
10696,-99.67041
10697,-99.731445
10698,-99.67041
10699,-99.67041
10700,-99.609375
10701,-99.63989
10702,-99.33472
10703,-99.63989
10704,-99.67041
10705,-99.57886
10706,-99.365234
10707,-99.731445
10708,-99.63989
10709,-99.609375
10710,-99.70093
10711,-99.70093
10712,-99.67041
10713,-99.731445
10714,-99.487305
10715,-99.51782
10716,-99.51782
10717,-99.51782
10718,-99.27368
10719,-99.27368
10720,-99.45679
10721,-99.79248
10722,-99.70093
10723,-99.63989
10724,-99.51782
10725,-99.243164
10726,-99.70093
10727,-99.67041
10728,-99.51782
10729,-99.79248
10730,-99.45679
10731,-99.63989
10732,-99.57886
10733,-99.57886
10734,-99.67041
10735,-99.67041
10736,-99.70093
10737,-99.63989
10738,-99.67041
10739,-99.63989
10740,-99.609375
10741,-99.42627
10742,-99.731445
10743,-99.45679
10744,-99.70093
10745,-99.609375
10746,-99.88403
10747,-99.67041
10748,-99.731445
10749,-99.70093
10750,-99.67041
10751,-99.70093
10752,-99.67041
10753,-99.70093
10754,-99.243164
10755,-99.27368
10756,-99.609375
10757,-99.57886
10758,-99.609375
10759,-99.63989
10760,-99.731445
10761,-99.63989
10762,-99.63989
10763,-99.609375
10764,-99.51782
10765,-99.33472
10766,-99.487305
10767,-99.63989
10768,-99.42627
10769,-99.42627
10770,-99.63989
10771,-99.57886
10772,-99.67041
10773,-99.67041
10774,-99.70093
10775,-99.67041
10776,-99.63989
10777,-99.63989
10778,-99.609375
10779,-99.67041
10780,-99.57886
10781,-99.609375
10782,-99.63989
10783,-99.63989
10784,-99.63989
10785,-99.67041
10786,-99.57886
10787,-99.42627
10788,-99.70093
10789,-99.70093
10790,-99.731445
10791,-99.33472
10792,-99.27368
10793,-99.487305
10794,-99.57886
10795,-99.51782
10796,-99.487305
10797,-99.63989
10798,-99.609375
10799,-99.63989
10800,-99.67041
10801,-99.365234
10802,-99.45679
10803,-99.823
10804,-99.70093
10805,-99.63989
10806,-99.51782
10807,-99.487305
10808,-99.63989
10809,-99.609375
10810,-99.51782
10811,-99.63989
10812,-99.57886
10813,-99.51782
10814,-99.45679
10815,-99.63989
10816,-99.67041
10817,-99.609375
10818,-99.70093
10819,-99.609375
10820,-99.731445
10821,-99.63989
10822,-99.57886
10823,-99.42627
10824,-99.487305
10825,-99.70093
10826,-99.609375
10827,-99.91455
10828,-99.67041
10829,-99.67041
10830,-99.67041
10831,-99.70093
10832,-99.67041
10833,-99.76196
10834,-99.67041
10835,-99.487305
10836,-99.609375
10837,-99.51782
10838,-99.70093
10839,-99.79248
10840,-99.67041
10841,-99.70093
10842,-99.67041
10843,-99.45679
10844,-99.823
10845,-99.731445
10846,-99.70093
10847,-99.63989
10848,-99.70093
10849,-99.70093
10850,-99.79248
10851,-99.57886
10852,-99.487305
10853,-99.3042
10854,-99.487305
10855,-99.42627
10856,-99.33472
10857,-99.57886
10858,-99.243164
10859,-99.57886
10860,-99.42627
10861,-99.70093
10862,-99.70093
10863,-99.67041
10864,-99.51782
10865,-99.365234
10866,-99.63989
10867,-99.609375
10868,-99.42627
10869,-99.67041
10870,-99.39575
10871,-99.39575
10872,-99.487305
10873,-99.67041
10874,-99.70093
10875,-99.67041
10876,-99.67041
10877,-99.731445
10878,-99.70093
10879,-99.67041
10880,-99.609375
10881,-99.487305
10882,-99.51782
10883,-99.70093
10884,-99.609375
10885,-99.39575
10886,-99.70093
10887,-99.67041
10888,-99.609375
10889,-99.42627
10890,-99.63989
10891,-99.609375
10892,-99.67041
10893,-99.63989
10894,-99.67041
10895,-99.67041
10896,-99.70093
10897,-99.731445
10898,-99.70093
10899,-99.57886
10900,-99.57886
10901,-99.243164
10902,-99.731445
10903,-99.63989
10904,-99.609375
10905,-99.63989
10906,-99.609375
10907,-99.63989
10908,-99.51782
10909,-99.45679
10910,-99.57886
10911,-99.63989
10912,-99.67041
10913,-99.63989
10914,-99.70093
10915,-99.67041
10916,-99.67041
10917,-99.70093
10918,-99.70093
10919,-99.67041
10920,-99.67041
10921,-99.67041
10922,-99.57886
10923,-99.39575
10924,-99.70093
10925,-99.70093
10926,-99.57886
10927,-99.70093
10928,-99.63989
10929,-99.63989
10930,-99.731445
10931,-99.823
10932,-99.63989
10933,-99.76196
10934,-99.609375
10935,-99.63989
10936,-99.609375
10937,-99.39575
10938,-99.365234
10939,-99.39575
10940,-99.45679
10941,-99.609375
10942,-99.67041
10943,-99.67041
10944,-99.51782
10945,-99.67041
10946,-99.70093
10947,-99.57886
10948,-99.42627
10949,-99.76196
10950,-99.42627
10951,-99.609375
10952,-99.609375
10953,-99.63989
10954,-99.67041
10955,-99.67041
10956,-99.67041
10957,-99.731445
10958,-99.70093
10959,-99.70093
10960,-99.63989
10961,-99.57886
10962,-99.57886
10963,-99.731445
10964,-99.70093
10965,-99.67041
10966,-99.63989
10967,-99.45679
10968,-99.67041
10969,-99.67041
10970,-99.70093
10971,-99.70093
10972,-99.51782
10973,-99.70093
10974,-99.42627
10975,-99.57886
10976,-99.39575
10977,-99.57886
10978,-99.39575
10979,-99.70093
10980,-99.487305
10981,-99.609375
10982,-99.609375
10983,-99.63989
10984,-99.45679
10985,-99.79248
10986,-99.67041
10987,-99.609375
10988,-99.51782
10989,-99.63989
10990,-99.67041
10991,-99.63989
10992,-99.70093
10993,-99.70093
10994,-99.70093
10995,-99.609375
10996,-99.67041
10997,-99.731445
10998,-99.70093
10999,-99.731445
11000,-99.57886
11001,-99.487305
11002,-99.39575
11003,-99.67041
11004,-99.57886
11005,-99.21265
11006,-99.63989
11007,-99.51782
11008,-99.51782
11009,-99.823
11010,-99.487305
11011,-99.45679
11012,-99.21265
11013,-99.487305
11014,-99.487305
11015,-99.51782
11016,-99.3042
11017,-99.70093
11018,-99.67041
11019,-99.57886
11020,-99.67041
11021,-99.63989
11022,-99.57886
11023,-99.365234
11024,-99.42627
11025,-99.67041
11026,-99.57886
11027,-99.27368
11028,-99.609375
11029,-99.609375
11030,-99.79248
11031,-99.609375
11032,-99.39575
11033,-99.63989
11034,-99.609375
11035,-99.487305
11036,-99.57886
11037,-99.609375
11038,-99.63989
11039,-99.609375
11040,-99.39575
11041,-99.63989
11042,-99.57886
11043,-99.63989
11044,-99.57886
11045,-99.243164
11046,-99.63989
11047,-99.67041
11048,-99.42627
11049,-99.63989
11050,-99.42627
11051,-99.51782
11052,-99.67041
11053,-99.67041
11054,-99.67041
11055,-99.70093
11056,-99.70093
11057,-99.70093
11058,-99.67041
11059,-99.609375
11060,-99.609375
11061,-99.39575
11062,-99.51782
11063,-99.67041
11064,-99.70093
11065,-99.57886
11066,-99.51782
11067,-99.70093
11068,-99.609375
11069,-99.63989
11070,-99.63989
11071,-99.70093
11072,-99.70093
11073,-99.51782
11074,-99.487305
11075,-99.51782
11076,-99.365234
11077,-99.67041
11078,-99.70093
11079,-99.51782
11080,-99.70093
11081,-99.70093
11082,-99.51782
11083,-99.731445
11084,-99.731445
11085,-99.63989
11086,-99.67041
11087,-99.76196
11088,-99.70093
11089,-99.67041
11090,-99.67041
11091,-99.823
11092,-99.67041
11093,-99.731445
11094,-99.63989
11095,-99.51782
11096,-99.51782
11097,-99.63989
11098,-99.79248
11099,-99.70093
11100,-99.70093
11101,-99.67041
11102,-99.609375
11103,-99.76196
11104,-99.79248
11105,-99.63989
11106,-99.487305
11107,-99.57886
11108,-99.609375
11109,-99.609375
11110,-99.70093
11111,-99.731445
11112,-99.67041
11113,-99.487305
11114,-99.63989
11115,-99.70093
11116,-99.63989
11117,-99.609375
11118,-99.67041
11119,-99.487305
11120,-99.57886
11121,-99.365234
11122,-99.76196
11123,-99.67041
11124,-99.609375
11125,-99.609375
11126,-99.57886
11127,-99.67041
11128,-99.51782
11129,-99.70093
11130,-99.70093
11131,-99.70093
11132,-99.67041
11133,-99.67041
11134,-99.70093
11135,-99.609375
11136,-99.67041
11137,-99.57886
11138,-99.731445
11139,-99.70093
11140,-99.67041
11141,-99.609375
11142,-99.609375
11143,-99.63989
11144,-99.67041
11145,-99.731445
11146,-99.45679
11147,-99.70093
11148,-99.63989
11149,-99.731445
11150,-99.70093
11151,-99.487305
11152,-99.76196
11153,-99.42627
11154,-99.609375
11155,-99.57886
11156,-99.57886
11157,-99.63989
11158,-99.88403
11159,-99.51782
11160,-99.823
11161,-99.63989
11162,-99.67041
11163,-99.57886
11164,-99.27368
11165,-99.70093
11166,-99.609375
11167,-99.609375
11168,-99.70093
11169,-99.67041
11170,-99.487305
11171,-99.88403
11172,-99.45679
11173,-99.67041
11174,-99.63989
11175,-99.57886
11176,-99.63989
11177,-99.57886
11178,-99.487305
11179,-99.57886
11180,-99.88403
11181,-99.731445
11182,-99.731445
11183,-99.70093
11184,-99.51782
11185,-99.33472
11186,-99.79248
11187,-99.67041
11188,-99.39575
11189,-99.39575
11190,-99.57886
11191,-99.609375
11192,-99.63989
11193,-99.67041
11194,-99.63989
11195,-99.609375
11196,-99.609375
11197,-99.70093
11198,-99.63989
11199,-99.67041
11200,-99.63989
11201,-99.67041
11202,-99.57886
11203,-99.63989
11204,-99.57886
11205,-99.731445
11206,-99.609375
11207,-99.365234
11208,-99.67041
11209,-99.731445
11210,-99.45679
11211,-99.823
11212,-99.39575
11213,-99.57886
11214,-99.57886
11215,-99.609375
11216,-99.57886
11217,-99.609375
11218,-99.57886
11219,-99.63989
11220,-99.609375
11221,-99.51782
11222,-99.609375
11223,-99.70093
11224,-99.63989
11225,-99.609375
11226,-99.609375
11227,-99.67041
11228,-99.63989
11229,-99.609375
11230,-99.67041
11231,-99.63989
11232,-99.63989
11233,-99.609375
11234,-99.731445
11235,-99.609375
11236,-99.70093
11237,-99.63989
11238,-99.57886
11239,-99.609375
11240,-99.70093
11241,-99.609375
11242,-99.70093
11243,-99.42627
11244,-99.76196
11245,-99.70093
11246,-99.63989
11247,-99.63989
11248,-99.57886
11249,-99.51782
11250,-99.67041
11251,-99.609375
11252,-99.609375
11253,-99.609375
11254,-99.63989
11255,-99.63989
11256,-99.609375
11257,-99.67041
11258,-99.609375
11259,-99.67041
11260,-99.487305
11261,-99.365234
11262,-99.731445
11263,-99.609375
11264,-99.609375
11265,-99.57886
11266,-99.731445
11267,-99.67041
11268,-99.57886
11269,-99.609375
11270,-99.67041
11271,-99.731445
11272,-99.731445
11273,-99.45679
11274,-99.45679
11275,-99.609375
11276,-99.70093
11277,-99.487305
11278,-99.365234
11279,-99.63989
11280,-99.70093
11281,-99.67041
11282,-99.609375
11283,-99.27368
11284,-99.609375
11285,-99.63989
11286,-99.365234
11287,-99.51782
11288,-99.609375
11289,-99.67041
11290,-99.70093
11291,-99.487305
11292,-99.57886
11293,-99.3042
11294,-99.487305
11295,-99.51782
11296,-99.39575
11297,-99.609375
11298,-99.487305
11299,-99.76196
11300,-99.63989
11301,-99.67041
11302,-99.67041
11303,-99.609375
11304,-99.63989
11305,-99.39575
11306,-99.67041
11307,-99.45679
11308,-99.76196
11309,-99.76196
11310,-99.609375
11311,-99.57886
11312,-99.63989
11313,-99.67041
11314,-99.70093
11315,-99.63989
11316,-99.70093
11317,-99.67041
11318,-99.70093
11319,-99.731445
11320,-99.67041
11321,-99.67041
11322,-99.67041
11323,-99.70093
11324,-99.79248
11325,-99.731445
11326,-99.63989
11327,-99.853516
11328,-99.70093
11329,-99.609375
11330,-99.42627
11331,-99.243164
11332,-99.487305
11333,-99.63989
11334,-99.63989
11335,-99.67041
11336,-99.63989
11337,-99.63989
11338,-99.609375
11339,-99.51782
11340,-99.487305
11341,-99.63989
11342,-99.67041
11343,-99.731445
11344,-99.63989
11345,-99.94507
11346,-99.731445
11347,-99.70093
11348,-99.487305
11349,-99.70093
11350,-99.67041
11351,-99.70093
11352,-99.70093
11353,-99.42627
11354,-99.67041
11355,-99.57886
11356,-99.823
11357,-99.70093
11358,-99.609375
11359,-99.45679
11360,-99.67041
11361,-99.63989
11362,-99.731445
11363,-99.63989
11364,-99.33472
11365,-99.91455
11366,-99.67041
11367,-99.63989
11368,-99.27368
11369,-99.63989
11370,-99.45679
11371,-99.57886
11372,-99.609375
11373,-99.67041
11374,-99.67041
11375,-99.67041
11376,-99.70093
11377,-99.731445
11378,-99.67041
11379,-99.67041
11380,-99.63989
11381,-99.57886
11382,-99.45679
11383,-99.70093
11384,-99.63989
11385,-99.57886
11386,-99.45679
11387,-99.51782
11388,-99.731445
11389,-99.731445
11390,-99.487305
11391,-99.51782
11392,-99.3042
11393,-99.51782
11394,-99.609375
11395,-99.57886
11396,-99.57886
11397,-99.57886
11398,-99.67041
11399,-99.609375
11400,-99.487305
11401,-99.609375
11402,-99.57886
11403,-99.70093
11404,-99.63989
11405,-99.487305
11406,-99.27368
11407,-99.67041
11408,-99.609375
11409,-99.63989
11410,-99.63989
11411,-99.63989
11412,-99.76196
11413,-99.243164
11414,-99.51782
11415,-99.365234
11416,-99.45679
11417,-99.39575
11418,-99.67041
11419,-99.67041
11420,-99.51782
11421,-99.57886
11422,-99.70093
11423,-99.609375
11424,-99.609375
11425,-99.243164
11426,-99.609375
11427,-99.609375
11428,-99.51782
11429,-99.45679
11430,-99.63989
11431,-99.63989
11432,-99.63989
11433,-99.823
11434,-99.609375
11435,-99.79248
11436,-99.243164
11437,-99.21265
11438,-99.79248
11439,-99.51782
11440,-99.609375
11441,-99.63989
11442,-99.67041
11443,-99.67041
11444,-99.3042
11445,-99.67041
11446,-99.70093
11447,-99.63989
11448,-99.3042
11449,-99.63989
11450,-99.63989
11451,-99.57886
11452,-99.70093
11453,-99.70093
11454,-99.70093
11455,-99.487305
11456,-99.731445
11457,-99.57886
11458,-99.609375
11459,-99.609375
11460,-99.63989
11461,-99.63989
11462,-99.51782
11463,-99.67041
11464,-99.731445
11465,-99.609375
11466,-99.63989
11467,-99.365234
11468,-99.487305
11469,-99.609375
11470,-99.3042
11471,-99.45679
11472,-99.63989
11473,-99.63989
11474,-99.67041
11475,-99.63989
11476,-99.63989
11477,-99.67041
11478,-99.70093
11479,-99.63989
11480,-99.63989
11481,-99.609375
11482,-99.67041
11483,-99.823
11484,-99.76196
11485,-99.731445
11486,-99.70093
11487,-99.3042
11488,-99.487305
11489,-99.57886
11490,-99.79248
11491,-99.487305
11492,-99.487305
11493,-99.67041
11494,-99.63989
11495,-99.70093
11496,-99.67041
11497,-99.70093
11498,-99.67041
11499,-99.63989
11500,-99.487305
11501,-99.57886
11502,-99.67041
11503,-99.70093
11504,-99.70093
11505,-99.51782
11506,-99.731445
11507,-99.70093
11508,-99.67041
11509,-99.731445
11510,-99.731445
11511,-99.63989
11512,-99.63989
11513,-99.21265
11514,-99.27368
11515,-99.609375
11516,-99.45679
11517,-99.609375
11518,-99.487305
11519,-99.76196
11520,-99.67041
11521,-99.70093
11522,-99.67041
11523,-99.57886
11524,-99.27368
11525,-99.70093
11526,-99.609375
11527,-99.27368
11528,-99.76196
11529,-99.63989
11530,-99.67041
11531,-99.70093
11532,-99.33472
11533,-99.487305
11534,-99.51782
11535,-99.609375
11536,-99.57886
11537,-99.57886
11538,-99.51782
11539,-99.45679
11540,-99.27368
11541,-99.39575
11542,-99.67041
11543,-99.67041
11544,-99.609375
11545,-99.79248
11546,-99.63989
11547,-99.63989
11548,-99.57886
11549,-99.63989
11550,-99.67041
11551,-99.609375
11552,-99.70093
11553,-99.79248
11554,-99.57886
11555,-99.67041
11556,-99.63989
11557,-99.70093
11558,-99.63989
11559,-99.67041
11560,-99.45679
11561,-99.63989
11562,-99.63989
11563,-99.51782
11564,-99.39575
11565,-99.823
11566,-99.70093
11567,-99.39575
11568,-99.365234
11569,-99.365234
11570,-99.39575
11571,-99.609375
11572,-99.63989
11573,-99.70093
11574,-99.63989
11575,-99.63989
11576,-99.57886
11577,-99.70093
11578,-99.63989
11579,-99.487305
11580,-99.365234
11581,-99.76196
11582,-99.67041
11583,-99.67041
11584,-99.57886
11585,-99.853516
11586,-99.70093
11587,-99.67041
11588,-99.57886
11589,-99.51782
11590,-99.63989
11591,-99.67041
11592,-99.67041
11593,-99.823
11594,-99.731445
11595,-99.63989
11596,-99.731445
11597,-99.67041
11598,-99.57886
11599,-99.609375
11600,-99.70093
11601,-99.63989
11602,-99.70093
11603,-99.45679
11604,-99.79248
11605,-99.67041
11606,-99.67041
11607,-99.243164
11608,-99.63989
11609,-99.67041
11610,-99.853516
11611,-99.487305
11612,-99.27368
11613,-99.42627
11614,-99.51782
11615,-99.609375
11616,-99.365234
11617,-99.67041
11618,-99.63989
11619,-99.70093
11620,-99.70093
11621,-99.731445
11622,-99.63989
11623,-99.63989
11624,-99.57886
11625,-99.70093
11626,-99.67041
11627,-99.3042
11628,-99.63989
11629,-99.45679
11630,-99.63989
11631,-99.45679
11632,-99.57886
11633,-99.63989
11634,-99.67041
11635,-99.70093
11636,-99.731445
11637,-99.67041
11638,-99.63989
11639,-99.57886
11640,-99.63989
11641,-99.45679
11642,-99.70093
11643,-99.76196
11644,-99.70093
11645,-99.45679
11646,-99.57886
11647,-99.731445
11648,-99.67041
11649,-99.67041
11650,-99.67041
11651,-99.70093
11652,-99.67041
11653,-99.487305
11654,-99.487305
11655,-99.63989
11656,-99.76196
11657,-99.63989
11658,-99.731445
11659,-99.487305
11660,-99.70093
11661,-99.67041
11662,-99.70093
11663,-99.57886
11664,-99.76196
11665,-99.731445
11666,-99.67041
11667,-99.63989
11668,-99.487305
11669,-99.365234
11670,-99.39575
11671,-99.51782
11672,-99.67041
11673,-99.70093
11674,-99.67041
11675,-99.63989
11676,-99.67041
11677,-99.731445
11678,-99.67041
11679,-99.63989
11680,-99.609375
11681,-99.609375
11682,-99.57886
11683,-99.70093
11684,-99.67041
11685,-99.609375
11686,-99.487305
11687,-99.67041
11688,-99.67041
11689,-99.67041
11690,-99.70093
11691,-99.51782
11692,-99.42627
11693,-99.57886
11694,-99.609375
11695,-99.63989
11696,-99.63989
11697,-99.67041
11698,-99.67041
11699,-99.57886
11700,-99.63989
11701,-99.63989
11702,-99.487305
11703,-99.67041
11704,-99.609375
11705,-99.365234
11706,-99.42627
11707,-99.609375
11708,-99.609375
11709,-99.67041
11710,-99.67041
11711,-99.67041
11712,-99.79248
11713,-99.487305
11714,-99.67041
11715,-99.63989
11716,-99.79248
11717,-99.243164
11718,-99.63989
11719,-99.609375
11720,-99.67041
11721,-99.70093
11722,-99.67041
11723,-99.63989
11724,-99.243164
11725,-99.67041
11726,-99.57886
11727,-99.45679
11728,-99.57886
11729,-99.63989
11730,-99.365234
11731,-99.51782
11732,-99.609375
11733,-99.609375
11734,-99.67041
11735,-99.67041
11736,-99.70093
11737,-99.67041
11738,-99.70093
11739,-99.57886
11740,-99.63989
11741,-99.365234
11742,-99.57886
11743,-99.70093
11744,-99.609375
11745,-99.487305
11746,-99.70093
11747,-99.63989
11748,-99.609375
11749,-99.609375
11750,-99.63989
11751,-99.67041
11752,-99.70093
11753,-99.63989
11754,-99.63989
11755,-99.487305
11756,-99.63989
11757,-99.45679
11758,-99.70093
11759,-99.823
11760,-99.731445
11761,-99.67041
11762,-99.63989
11763,-99.33472
11764,-99.70093
11765,-99.70093
11766,-99.51782
11767,-99.609375
11768,-99.70093
11769,-99.63989
11770,-99.42627
11771,-99.45679
11772,-99.853516
11773,-99.57886
11774,-99.51782
11775,-99.487305
11776,-99.45679
11777,-99.67041
11778,-99.63989
11779,-99.42627
11780,-99.42627
11781,-99.70093
11782,-99.70093
11783,-99.63989
11784,-99.67041
11785,-99.70093
11786,-99.67041
11787,-99.609375
11788,-99.42627
11789,-99.57886
11790,-99.609375
11791,-99.63989
11792,-99.609375
11793,-99.67041
11794,-99.67041
11795,-99.67041
11796,-99.67041
11797,-99.609375
11798,-99.63989
11799,-99.70093
11800,-99.70093
11801,-99.63989
11802,-99.45679
11803,-99.487305
11804,-99.70093
11805,-99.609375
11806,-99.57886
11807,-99.487305
11808,-99.67041
11809,-99.70093
11810,-99.45679
11811,-99.487305
11812,-99.63989
11813,-99.487305
11814,-99.51782
11815,-99.57886
11816,-99.51782
11817,-99.57886
11818,-99.487305
11819,-99.51782
11820,-99.79248
11821,-99.823
11822,-99.70093
11823,-99.609375
11824,-99.487305
11825,-99.63989
11826,-99.67041
11827,-99.609375
11828,-99.487305
11829,-99.487305
11830,-99.67041
11831,-99.731445
11832,-99.731445
11833,-99.63989
11834,-99.70093
11835,-99.51782
11836,-99.45679
11837,-99.63989
11838,-99.57886
11839,-99.70093
11840,-99.67041
11841,-99.609375
11842,-99.487305
11843,-99.823
11844,-99.45679
11845,-99.63989
11846,-99.45679
11847,-99.51782
11848,-99.609375
11849,-99.63989
11850,-99.70093
11851,-99.70093
11852,-99.45679
11853,-99.51782
11854,-99.731445
11855,-99.33472
11856,-99.76196
11857,-99.487305
11858,-99.57886
11859,-99.67041
11860,-99.731445
11861,-99.609375
11862,-99.67041
11863,-99.609375
11864,-99.57886
11865,-99.70093
11866,-99.487305
11867,-99.67041
11868,-99.70093
11869,-99.70093
11870,-99.609375
11871,-99.33472
11872,-99.51782
11873,-99.51782
11874,-99.51782
11875,-99.67041
11876,-99.63989
11877,-99.51782
11878,-99.51782
11879,-99.487305
11880,-99.3042
11881,-99.51782
11882,-99.67041
11883,-99.67041
11884,-99.45679
11885,-99.57886
11886,-99.70093
11887,-99.63989
11888,-99.3042
11889,-99.70093
11890,-99.57886
11891,-99.63989
11892,-99.63989
11893,-99.63989
11894,-99.70093
11895,-99.63989
11896,-99.67041
11897,-99.63989
11898,-99.63989
11899,-99.609375
11900,-99.45679
11901,-99.57886
11902,-99.57886
11903,-99.609375
11904,-99.609375
11905,-99.3042
11906,-99.63989
11907,-99.70093
11908,-99.609375
11909,-99.63989
11910,-99.731445
11911,-99.731445
11912,-99.609375
11913,-99.57886
11914,-99.33472
11915,-99.39575
11916,-99.3042
11917,-99.42627
11918,-99.365234
11919,-99.57886
11920,-99.487305
11921,-99.63989
11922,-99.63989
11923,-99.63989
11924,-99.3042
11925,-99.51782
11926,-99.63989
11927,-99.51782
11928,-99.21265
11929,-99.27368
11930,-99.487305
11931,-99.609375
11932,-99.70093
11933,-99.67041
11934,-99.731445
11935,-99.731445
11936,-99.70093
11937,-99.609375
11938,-99.70093
11939,-99.609375
11940,-99.609375
11941,-99.609375
11942,-99.57886
11943,-99.70093
11944,-99.731445
11945,-99.609375
11946,-99.609375
11947,-99.70093
11948,-99.67041
11949,-99.731445
11950,-99.63989
11951,-99.70093
11952,-99.853516
11953,-99.42627
11954,-99.609375
11955,-99.51782
11956,-99.63989
11957,-99.57886
11958,-99.487305
11959,-99.487305
11960,-99.609375
11961,-99.57886
11962,-99.823
11963,-99.609375
11964,-99.67041
11965,-99.365234
11966,-99.63989
11967,-99.609375
11968,-99.67041
11969,-99.609375
11970,-99.63989
11971,-99.731445
11972,-99.70093
11973,-99.79248
11974,-99.609375
11975,-99.67041
11976,-99.67041
11977,-99.70093
11978,-99.63989
11979,-99.70093
11980,-99.67041
11981,-99.67041
11982,-99.51782
11983,-99.70093
11984,-99.63989
11985,-99.609375
11986,-99.42627
11987,-99.63989
11988,-99.609375
11989,-99.63989
11990,-99.487305
11991,-99.27368
11992,-99.45679
11993,-99.67041
11994,-99.63989
11995,-99.731445
11996,-99.63989
11997,-99.609375
11998,-99.731445
11999,-99.67041
12000,-99.67041
12001,-99.63989
12002,-99.3042
12003,-99.609375
12004,-99.79248
12005,-99.67041
12006,-99.21265
12007,-99.70093
12008,-99.609375
12009,-99.609375
12010,-99.70093
12011,-99.79248
12012,-99.609375
12013,-99.79248
12014,-99.3042
12015,-99.3042
12016,-99.79248
12017,-99.67041
12018,-99.609375
12019,-99.63989
12020,-99.67041
12021,-99.609375
12022,-99.51782
12023,-99.63989
12024,-99.67041
12025,-99.63989
12026,-99.487305
12027,-99.70093
12028,-99.70093
12029,-99.70093
12030,-99.67041
12031,-99.67041
12032,-99.243164
12033,-99.609375
12034,-99.57886
12035,-99.45679
12036,-99.609375
12037,-99.487305
12038,-99.609375
12039,-99.609375
12040,-99.3042
12041,-99.70093
12042,-99.70093
12043,-99.70093
12044,-99.487305
12045,-99.365234
12046,-99.70093
12047,-99.70093
12048,-99.609375
12049,-99.70093
12050,-99.63989
12051,-99.609375
12052,-99.70093
12053,-99.67041
12054,-99.67041
12055,-99.67041
12056,-99.67041
12057,-99.67041
12058,-99.731445
12059,-99.70093
12060,-99.63989
12061,-99.51782
12062,-99.51782
12063,-99.63989
12064,-99.63989
12065,-99.487305
12066,-99.70093
12067,-99.63989
12068,-99.70093
12069,-99.67041
12070,-99.731445
12071,-99.823
12072,-99.51782
12073,-99.76196
12074,-99.67041
12075,-99.365234
12076,-99.45679
12077,-99.33472
12078,-99.365234
12079,-99.18213
12080,-99.609375
12081,-99.70093
12082,-99.67041
12083,-99.51782
12084,-99.609375
12085,-99.731445
12086,-99.63989
12087,-99.42627
12088,-99.27368
12089,-99.365234
12090,-99.51782
12091,-99.63989
12092,-99.76196
12093,-99.731445
12094,-99.67041
12095,-99.70093
12096,-99.731445
12097,-99.731445
12098,-99.67041
12099,-99.70093
12100,-99.63989
12101,-99.39575
12102,-99.79248
12103,-99.79248
12104,-99.731445
12105,-99.609375
12106,-99.67041
12107,-99.731445
12108,-99.67041
12109,-99.609375
12110,-99.63989
12111,-99.70093
12112,-99.487305
12113,-99.33472
12114,-99.365234
12115,-99.57886
12116,-99.609375
12117,-99.42627
12118,-99.365234
12119,-99.3042
12120,-99.63989
12121,-99.609375
12122,-99.67041
12123,-99.63989
12124,-99.39575
12125,-99.487305
12126,-99.731445
12127,-99.67041
12128,-99.94507
12129,-99.63989
12130,-99.63989
12131,-99.67041
12132,-99.63989
12133,-99.70093
12134,-99.731445
12135,-99.70093
12136,-99.67041
12137,-99.63989
12138,-99.63989
12139,-99.63989
12140,-99.51782
12141,-99.63989
12142,-99.57886
12143,-99.63989
12144,-99.63989
12145,-99.51782
12146,-99.70093
12147,-99.63989
12148,-99.63989
12149,-99.70093
12150,-99.63989
12151,-99.51782
12152,-99.76196
12153,-99.365234
12154,-99.487305
12155,-99.45679
12156,-99.487305
12157,-99.45679
12158,-99.57886
12159,-99.63989
12160,-99.45679
12161,-99.70093
12162,-99.67041
12163,-99.63989
12164,-99.45679
12165,-99.42627
12166,-99.67041
12167,-99.70093
12168,-99.63989
12169,-99.67041
12170,-99.67041
12171,-99.76196
12172,-99.67041
12173,-99.63989
12174,-99.67041
12175,-99.67041
12176,-99.63989
12177,-99.63989
12178,-99.70093
12179,-99.67041
12180,-99.51782
12181,-99.63989
12182,-99.731445
12183,-99.70093
12184,-99.63989
12185,-99.39575
12186,-99.70093
12187,-99.63989
12188,-99.609375
12189,-99.70093
12190,-99.70093
12191,-99.63989
12192,-99.731445
12193,-99.51782
12194,-99.57886
12195,-99.57886
12196,-99.731445
12197,-99.27368
12198,-99.51782
12199,-99.609375
12200,-99.63989
12201,-99.70093
12202,-99.67041
12203,-99.57886
12204,-99.76196
12205,-99.70093
12206,-99.63989
12207,-99.487305
12208,-99.88403
12209,-99.51782
12210,-99.51782
12211,-99.609375
12212,-99.609375
12213,-99.70093
12214,-99.63989
12215,-99.70093
12216,-99.70093
12217,-99.67041
12218,-99.70093
12219,-99.57886
12220,-99.487305
12221,-99.63989
12222,-99.63989
12223,-99.63989
12224,-99.63989
12225,-99.609375
12226,-99.70093
12227,-99.63989
12228,-99.51782
12229,-99.487305
12230,-99.57886
12231,-99.63989
12232,-99.70093
12233,-99.67041
12234,-99.67041
12235,-99.609375
12236,-99.63989
12237,-99.70093
12238,-99.63989
12239,-99.67041
12240,-99.63989
12241,-99.57886
12242,-99.51782
12243,-99.51782
12244,-99.609375
12245,-99.609375
12246,-99.365234
12247,-99.63989
12248,-99.70093
12249,-99.67041
12250,-99.609375
12251,-99.63989
12252,-99.51782
12253,-99.51782
12254,-99.609375
12255,-99.63989
12256,-99.39575
12257,-99.51782
12258,-99.21265
12259,-99.67041
12260,-99.67041
12261,-99.609375
12262,-99.67041
12263,-99.33472
12264,-99.67041
12265,-99.731445
12266,-99.63989
12267,-99.79248
12268,-99.67041
12269,-99.79248
12270,-99.63989
12271,-99.63989
12272,-99.63989
12273,-99.67041
12274,-99.70093
12275,-99.67041
12276,-99.63989
12277,-99.70093
12278,-99.63989
12279,-99.63989
12280,-99.487305
12281,-99.609375
12282,-99.51782
12283,-99.731445
12284,-99.70093
12285,-99.487305
12286,-99.51782
12287,-99.67041
12288,-99.67041
12289,-99.67041
12290,-99.63989
12291,-99.51782
12292,-99.45679
12293,-99.21265
12294,-99.21265
12295,-99.609375
12296,-99.45679
12297,-99.70093
12298,-99.731445
12299,-99.45679
12300,-99.63989
12301,-99.70093
12302,-99.609375
12303,-99.42627
12304,-99.63989
12305,-99.63989
12306,-99.63989
12307,-99.57886
12308,-99.67041
12309,-99.487305
12310,-99.57886
12311,-99.63989
12312,-99.731445
12313,-99.63989
12314,-99.70093
12315,-99.70093
12316,-99.67041
12317,-99.63989
12318,-99.70093
12319,-99.70093
12320,-99.63989
12321,-99.45679
12322,-99.33472
12323,-99.63989
12324,-99.63989
12325,-99.487305
12326,-99.45679
12327,-99.63989
12328,-99.70093
12329,-99.67041
12330,-99.70093
12331,-99.609375
12332,-99.79248
12333,-99.70093
12334,-99.45679
12335,-99.487305
12336,-99.731445
12337,-99.76196
12338,-99.67041
12339,-99.63989
12340,-99.67041
12341,-99.609375
12342,-99.45679
12343,-99.731445
12344,-99.76196
12345,-99.609375
12346,-99.27368
12347,-99.67041
12348,-99.67041
12349,-99.63989
12350,-99.70093
12351,-99.487305
12352,-99.67041
12353,-99.609375
12354,-99.51782
12355,-99.243164
12356,-99.45679
12357,-99.63989
12358,-99.67041
12359,-99.51782
12360,-99.70093
12361,-99.63989
12362,-99.63989
12363,-99.88403
12364,-99.70093
12365,-99.70093
12366,-99.63989
12367,-99.63989
12368,-99.70093
12369,-99.67041
12370,-99.609375
12371,-99.51782
12372,-99.42627
12373,-99.487305
12374,-99.42627
12375,-99.487305
12376,-99.45679
12377,-99.365234
12378,-99.42627
12379,-99.487305
12380,-99.57886
12381,-99.70093
12382,-99.609375
12383,-99.45679
12384,-99.57886
12385,-99.609375
12386,-99.609375
12387,-99.3042
12388,-99.15161
12389,-99.487305
12390,-99.57886
12391,-99.67041
12392,-99.70093
12393,-99.76196
12394,-99.67041
12395,-99.67041
12396,-99.731445
12397,-99.67041
12398,-99.70093
12399,-99.67041
12400,-99.67041
12401,-99.63989
12402,-99.487305
12403,-99.243164
12404,-99.70093
12405,-99.67041
12406,-99.487305
12407,-99.731445
12408,-99.70093
12409,-99.731445
12410,-99.27368
12411,-99.609375
12412,-99.45679
12413,-99.67041
12414,-99.57886
12415,-99.609375
12416,-99.63989
12417,-99.243164
12418,-99.42627
12419,-99.70093
12420,-99.70093
12421,-99.67041
12422,-99.365234
12423,-99.731445
12424,-99.731445
12425,-99.63989
12426,-99.67041
12427,-99.731445
12428,-99.63989
12429,-99.609375
12430,-99.70093
12431,-99.365234
12432,-99.3042
12433,-99.57886
12434,-99.63989
12435,-99.63989
12436,-99.609375
12437,-99.609375
12438,-99.51782
12439,-99.57886
12440,-99.3042
12441,-99.63989
12442,-99.63989
12443,-99.67041
12444,-99.67041
12445,-99.57886
12446,-99.70093
12447,-99.63989
12448,-99.45679
12449,-99.609375
12450,-99.63989
12451,-99.63989
12452,-99.731445
12453,-99.609375
12454,-99.609375
12455,-99.609375
12456,-99.67041
12457,-99.63989
12458,-99.63989
12459,-99.63989
12460,-99.57886
12461,-99.45679
12462,-99.70093
12463,-99.609375
12464,-99.609375
12465,-99.42627
12466,-99.67041
12467,-99.63989
12468,-99.51782
12469,-99.609375
12470,-99.63989
12471,-99.731445
12472,-99.67041
12473,-99.63989
12474,-99.67041
12475,-99.76196
12476,-99.70093
12477,-99.63989
12478,-99.67041
12479,-99.609375
12480,-99.57886
12481,-99.79248
12482,-99.70093
12483,-99.67041
12484,-99.51782
12485,-99.79248
12486,-99.67041
12487,-99.487305
12488,-99.487305
12489,-99.63989
12490,-99.57886
12491,-99.70093
12492,-99.63989
12493,-99.67041
12494,-99.70093
12495,-99.76196
12496,-99.63989
12497,-99.67041
12498,-99.609375
12499,-99.67041
12500,-99.487305
12501,-99.487305
12502,-99.853516
12503,-99.63989
12504,-99.609375
12505,-99.731445
12506,-99.67041
12507,-99.67041
12508,-99.67041
12509,-99.67041
12510,-99.70093
12511,-99.63989
12512,-99.57886
12513,-99.51782
12514,-99.51782
12515,-99.33472
12516,-99.42627
12517,-99.45679
12518,-99.45679
12519,-99.487305
12520,-99.63989
12521,-99.70093
12522,-99.609375
12523,-99.609375
12524,-99.45679
12525,-99.63989
12526,-99.67041
12527,-99.823
12528,-99.63989
12529,-99.88403
12530,-99.57886
12531,-99.63989
12532,-99.63989
12533,-99.63989
12534,-99.70093
12535,-99.67041
12536,-99.609375
12537,-99.63989
12538,-99.63989
12539,-99.51782
12540,-99.731445
12541,-99.33472
12542,-99.731445
12543,-99.63989
12544,-99.609375
12545,-99.76196
12546,-99.731445
12547,-99.57886
12548,-99.42627
12549,-99.63989
12550,-99.63989
12551,-99.67041
12552,-99.731445
12553,-99.823
12554,-99.67041
12555,-99.45679
12556,-99.51782
12557,-99.51782
12558,-99.609375
12559,-99.51782
12560,-99.67041
12561,-99.67041
12562,-99.731445
12563,-99.45679
12564,-99.76196
12565,-99.731445
12566,-99.63989
12567,-99.88403
12568,-99.731445
12569,-99.39575
12570,-99.51782
12571,-99.63989
12572,-99.609375
12573,-99.609375
12574,-99.70093
12575,-99.63989
12576,-99.63989
12577,-99.67041
12578,-99.487305
12579,-99.731445
12580,-99.487305
12581,-99.67041
12582,-99.67041
12583,-99.51782
12584,-99.51782
12585,-99.63989
12586,-99.51782
12587,-99.487305
12588,-99.487305
12589,-99.731445
12590,-99.57886
12591,-99.67041
12592,-99.67041
12593,-99.609375
12594,-99.67041
12595,-99.63989
12596,-99.63989
12597,-99.70093
12598,-99.63989
12599,-99.63989
12600,-99.70093
12601,-99.39575
12602,-99.45679
12603,-99.63989
12604,-99.57886
12605,-99.63989
12606,-99.609375
12607,-99.609375
12608,-99.609375
12609,-99.63989
12610,-99.70093
12611,-99.67041
12612,-99.63989
12613,-99.70093
12614,-99.57886
12615,-99.45679
12616,-99.63989
12617,-99.51782
12618,-99.70093
12619,-99.70093
12620,-99.70093
12621,-99.57886
12622,-99.63989
12623,-99.70093
12624,-99.67041
12625,-99.51782
12626,-99.51782
12627,-99.63989
12628,-99.63989
12629,-99.70093
12630,-99.67041
12631,-99.609375
12632,-99.63989
12633,-99.609375
12634,-99.63989
12635,-99.63989
12636,-99.63989
12637,-99.609375
12638,-99.609375
12639,-99.487305
12640,-99.63989
12641,-99.33472
12642,-99.731445
12643,-99.70093
12644,-99.67041
12645,-99.51782
12646,-99.67041
12647,-99.70093
12648,-99.70093
12649,-99.67041
12650,-99.70093
12651,-99.70093
12652,-99.67041
12653,-99.63989
12654,-99.63989
12655,-99.70093
12656,-99.70093
12657,-99.63989
12658,-99.57886
12659,-99.33472
12660,-99.70093
12661,-99.70093
12662,-99.67041
12663,-99.609375
12664,-99.63989
12665,-99.67041
12666,-99.45679
12667,-99.70093
12668,-99.57886
12669,-99.63989
12670,-99.42627
12671,-99.487305
12672,-99.57886
12673,-99.63989
12674,-99.63989
12675,-99.609375
12676,-99.609375
12677,-99.57886
12678,-99.609375
12679,-99.3042
12680,-99.67041
12681,-99.63989
12682,-99.57886
12683,-99.45679
12684,-99.51782
12685,-99.609375
12686,-99.57886
12687,-99.33472
12688,-99.487305
12689,-99.731445
12690,-99.487305
12691,-99.57886
12692,-99.67041
12693,-99.67041
12694,-99.67041
12695,-99.67041
12696,-99.63989
12697,-99.63989
12698,-99.57886
12699,-99.51782
12700,-99.731445
12701,-99.487305
12702,-99.67041
12703,-99.63989
12704,-99.51782
12705,-99.67041
12706,-99.609375
12707,-99.487305
12708,-99.33472
12709,-99.51782
12710,-99.67041
12711,-99.67041
12712,-99.63989
12713,-99.70093
12714,-99.70093
12715,-99.731445
12716,-99.70093
12717,-99.67041
12718,-99.63989
12719,-99.67041
12720,-99.63989
12721,-99.487305
12722,-99.63989
12723,-99.76196
12724,-99.609375
12725,-99.243164
12726,-99.70093
12727,-99.63989
12728,-99.57886
12729,-99.63989
12730,-99.70093
12731,-99.63989
12732,-99.63989
12733,-99.76196
12734,-99.487305
12735,-99.45679
12736,-99.823
12737,-99.67041
12738,-99.70093
12739,-99.63989
12740,-99.57886
12741,-99.487305
12742,-99.70093
12743,-99.70093
12744,-99.67041
12745,-99.365234
12746,-99.67041
12747,-99.70093
12748,-99.63989
12749,-99.76196
12750,-99.76196
12751,-99.45679
12752,-99.70093
12753,-99.63989
12754,-99.88403
12755,-99.33472
12756,-99.33472
12757,-99.731445
12758,-99.76196
12759,-99.609375
12760,-99.63989
12761,-99.70093
12762,-99.609375
12763,-99.51782
12764,-99.67041
12765,-99.63989
12766,-99.45679
12767,-99.21265
12768,-99.63989
12769,-99.57886
12770,-99.609375
12771,-99.609375
12772,-99.63989
12773,-99.67041
12774,-99.63989
12775,-99.63989
12776,-99.70093
12777,-99.609375
12778,-99.609375
12779,-99.609375
12780,-99.33472
12781,-99.51782
12782,-99.70093
12783,-99.63989
12784,-99.51782
12785,-99.51782
12786,-99.731445
12787,-99.57886
12788,-99.609375
12789,-99.609375
12790,-99.70093
12791,-99.67041
12792,-99.67041
12793,-99.67041
12794,-99.487305
12795,-99.487305
12796,-99.39575
12797,-99.731445
12798,-99.731445
12799,-99.76196
12800,-99.76196
12801,-99.57886
12802,-99.42627
12803,-99.76196
12804,-99.731445
12805,-99.609375
12806,-99.33472
12807,-99.609375
12808,-99.70093
12809,-99.42627
12810,-99.57886
12811,-99.823
12812,-99.33472
12813,-99.42627
12814,-99.63989
12815,-99.609375
12816,-99.57886
12817,-99.63989
12818,-99.45679
12819,-99.67041
12820,-99.70093
12821,-99.67041
12822,-99.67041
12823,-99.57886
12824,-99.76196
12825,-99.67041
12826,-99.63989
12827,-99.609375
12828,-99.63989
12829,-99.67041
12830,-99.70093
12831,-99.63989
12832,-99.67041
12833,49.835205
12834,49.621582
12835,49.835205
12836,49.987793
12837,49.926758
12838,49.89624
12839,49.89624
12840,49.926758
12841,49.865723
12842,50.323486
12843,49.89624
12844,49.835205
12845,49.865723
12846,50.1709
12847,49.957275
12848,50.04883
12849,49.865723
12850,50.01831
12851,49.835205
12852,49.865723
12853,49.957275
12854,49.6521
12855,49.865723
12856,50.26245
12857,49.804688
12858,49.865723
12859,49.804688
12860,49.957275
12861,49.865723
12862,49.835205
12863,49.89624
12864,49.865723
12865,50.01831
12866,49.865723
12867,50.04883
12868,49.987793
12869,49.77417
12870,49.835205
12871,49.865723
12872,50.01831
12873,50.231934
12874,49.89624
12875,49.865723
12876,49.957275
12877,49.621582
12878,49.865723
12879,49.89624
12880,49.6521
12881,49.804688
12882,50.04883
12883,49.835205
12884,49.957275
12885,49.804688
12886,49.987793
12887,49.835205
12888,49.804688
12889,49.957275
12890,49.926758
12891,49.987793
12892,49.865723
12893,49.89624
12894,49.89624
12895,49.865723
12896,49.926758
12897,50.14038
12898,49.835205
12899,49.926758
12900,49.987793
12901,49.865723
12902,49.926758
12903,49.835205
12904,49.865723
12905,49.77417
12906,49.926758
12907,49.957275
12908,49.804688
12909,49.835205
12910,49.865723
12911,49.835205
12912,49.835205
12913,49.804688
12914,49.835205
12915,49.835205
12916,49.835205
12917,49.804688
12918,49.89624
12919,49.926758
12920,49.89624
12921,49.957275
12922,49.804688
12923,49.89624
12924,50.109863
12925,49.835205
12926,49.804688
12927,49.957275
12928,49.926758
12929,50.01831
12930,49.926758
12931,49.89624
12932,49.865723
12933,49.835205
12934,49.804688
12935,49.89624
12936,49.835205
12937,49.804688
12938,49.835205
12939,49.89624
12940,49.987793
12941,49.89624
12942,49.987793
12943,49.865723
12944,49.865723
12945,49.957275
12946,50.01831
12947,49.743652
12948,49.77417
12949,49.926758
12950,49.987793
12951,50.201416
12952,50.01831
12953,49.926758
12954,49.926758
12955,49.926758
12956,49.865723
12957,49.835205
12958,49.865723
12959,49.957275
12960,50.04883
12961,50.29297
12962,49.682617
12963,49.865723
12964,49.865723
12965,49.89624
12966,50.01831
12967,49.835205
12968,49.926758
12969,49.835205
12970,50.109863
12971,50.231934
12972,49.89624
12973,50.04883
12974,49.957275
12975,49.987793
12976,49.957275
12977,49.89624
12978,49.89624
12979,50.109863
12980,49.987793
12981,49.987793
12982,49.804688
12983,49.957275
12984,49.926758
12985,49.926758
12986,49.835205
12987,49.835205
12988,49.865723
12989,49.865723
12990,49.926758
12991,49.957275
12992,50.109863
12993,49.957275
12994,49.926758
12995,49.957275
12996,49.865723
12997,49.89624
12998,49.926758
12999,50.01831
13000,50.01831
13001,49.89624
13002,49.835205
13003,49.835205
13004,49.926758
13005,50.201416
13006,49.835205
13007,49.835205
13008,49.865723
13009,49.865723
13010,50.04883
13011,50.26245
13012,49.926758
13013,50.01831
13014,49.957275
13015,49.987793
13016,49.957275
13017,49.957275
13018,50.01831
13019,49.682617
13020,49.987793
13021,49.835205
13022,49.865723
13023,49.89624
13024,50.04883
13025,50.109863
13026,49.89624
13027,49.957275
13028,49.865723
13029,49.835205
13030,49.865723
13031,49.743652
13032,49.682617
13033,50.04883
13034,49.865723
13035,49.926758
13036,49.865723
13037,49.926758
13038,50.01831
13039,50.01831
13040,49.957275
13041,49.926758
13042,49.682617
13043,49.89624
13044,49.926758
13045,50.109863
13046,49.957275
13047,49.89624
13048,49.89624
13049,49.713135
13050,50.14038
13051,49.987793
13052,49.89624
13053,49.865723
13054,49.804688
13055,49.835205
13056,49.77417
13057,49.835205
13058,49.865723
13059,49.865723
13060,49.926758
13061,49.957275
13062,49.804688
13063,49.89624
13064,49.835205
13065,49.89624
13066,49.865723
13067,49.865723
13068,49.713135
13069,50.323486
13070,49.89624
13071,49.89624
13072,49.865723
13073,49.835205
13074,49.89624
13075,49.713135
13076,49.987793
13077,49.957275
13078,49.743652
13079,49.926758
13080,49.804688
13081,49.865723
13082,49.835205
13083,49.987793
13084,49.804688
13085,49.835205
13086,49.835205
13087,49.89624
13088,49.89624
13089,49.89624
13090,49.865723
13091,49.835205
13092,50.109863
13093,49.835205
13094,50.04883
13095,49.835205
13096,49.865723
13097,49.89624
13098,49.713135
13099,49.804688
13100,49.865723
13101,49.835205
13102,49.926758
13103,49.6521
13104,49.926758
13105,49.865723
13106,49.89624
13107,49.6521
13108,50.109863
13109,49.89624
13110,49.89624
13111,49.865723
13112,49.835205
13113,49.865723
13114,49.77417
13115,50.01831
13116,49.865723
13117,50.04883
13118,49.835205
13119,49.77417
13120,49.804688
13121,49.804688
13122,49.987793
13123,50.354004
13124,49.77417
13125,49.926758
13126,49.926758
13127,49.591064
13128,50.231934
13129,50.01831
13130,49.89624
13131,49.804688
13132,49.804688
13133,49.77417
13134,49.743652
13135,49.865723
13136,49.865723
13137,49.89624
13138,49.926758
13139,49.865723
13140,49.77417
13141,49.804688
13142,49.865723
13143,50.1709
13144,49.835205
13145,49.865723
13146,49.89624
13147,49.957275
13148,49.926758
13149,49.865723
13150,49.89624
13151,49.804688
13152,49.713135
13153,50.109863
13154,50.109863
13155,50.29297
13156,49.957275
13157,50.109863
13158,49.804688
13159,49.987793
13160,49.835205
13161,49.865723
13162,49.743652
13163,49.804688
13164,50.14038
13165,49.835205
13166,49.743652
13167,49.804688
13168,49.804688
13169,49.804688
13170,49.835205
13171,50.01831
13172,50.109863
13173,50.01831
13174,50.01831
13175,49.926758
13176,49.926758
13177,49.89624
13178,49.835205
13179,50.201416
13180,49.865723
13181,49.682617
13182,49.804688
13183,49.804688
13184,49.957275
13185,49.804688
13186,49.835205
13187,49.865723
13188,49.804688
13189,49.865723
13190,49.987793
13191,49.957275
13192,49.865723
13193,49.89624
13194,49.926758
13195,49.865723
13196,49.835205
13197,49.835205
13198,49.865723
13199,49.89624
13200,49.926758
13201,50.01831
13202,49.682617
13203,49.957275
13204,49.835205
13205,49.926758
13206,50.231934
13207,49.804688
13208,49.865723
13209,49.957275
13210,49.865723
13211,49.804688
13212,49.835205
13213,49.835205
13214,49.957275
13215,49.987793
13216,49.987793
13217,49.987793
13218,49.957275
13219,49.77417
13220,49.835205
13221,49.865723
13222,49.89624
13223,49.926758
13224,49.865723
13225,49.835205
13226,49.865723
13227,49.957275
13228,50.04883
13229,49.89624
13230,49.926758
13231,49.77417
13232,49.835205
13233,50.29297
13234,50.14038
13235,49.957275
13236,50.04883
13237,49.957275
13238,50.201416
13239,50.26245
13240,49.835205
13241,49.804688
13242,49.865723
13243,49.865723
13244,49.89624
13245,50.01831
13246,49.865723
13247,49.835205
13248,49.865723
13249,49.865723
13250,49.865723
13251,50.01831
13252,49.926758
13253,49.89624
13254,49.957275
13255,50.01831
13256,49.987793
13257,50.01831
13258,50.201416
13259,49.804688
13260,49.89624
13261,49.835205
13262,49.865723
13263,49.89624
13264,50.29297
13265,49.926758
13266,49.89624
13267,49.926758
13268,49.89624
13269,49.804688
13270,49.77417
13271,49.89624
13272,49.682617
13273,50.109863
13274,50.01831
13275,50.01831
13276,49.987793
13277,50.01831
13278,49.987793
13279,50.14038
13280,49.6521
13281,49.804688
13282,49.89624
13283,49.865723
13284,49.957275
13285,50.354004
13286,49.77417
13287,49.89624
13288,49.89624
13289,49.89624
13290,49.957275
13291,49.835205
13292,49.926758
13293,49.89624
13294,49.89624
13295,49.89624
13296,49.89624
13297,49.835205
13298,49.835205
13299,49.926758
13300,49.926758
13301,49.77417
13302,49.987793
13303,49.804688
13304,49.804688
13305,49.987793
13306,49.89624
13307,49.77417
13308,49.713135
13309,49.77417
13310,49.987793
13311,49.89624
13312,49.89624
13313,49.835205
13314,49.804688
13315,49.835205
13316,49.77417
13317,49.865723
13318,49.865723
13319,49.865723
13320,49.835205
13321,49.926758
13322,49.926758
13323,49.804688
13324,49.835205
13325,49.804688
13326,49.926758
13327,49.926758
13328,50.1709
13329,49.865723
13330,49.89624
13331,49.835205
13332,49.804688
13333,49.865723
13334,49.713135
13335,49.957275
13336,49.957275
13337,49.713135
13338,49.804688
13339,49.835205
13340,49.804688
13341,49.835205
13342,50.109863
13343,50.201416
13344,49.865723
13345,49.835205
13346,50.109863
13347,49.804688
13348,49.957275
13349,49.926758
13350,49.835205
13351,49.77417
13352,49.865723
13353,49.743652
13354,49.835205
13355,49.957275
13356,49.89624
13357,50.04883
13358,49.804688
13359,49.713135
13360,49.835205
13361,49.835205
13362,49.865723
13363,49.987793
13364,50.04883
13365,49.835205
13366,49.957275
13367,50.01831
13368,49.957275
13369,49.865723
13370,49.926758
13371,49.89624
13372,49.804688
13373,49.713135
13374,49.682617
13375,50.29297
13376,50.231934
13377,49.6521
13378,49.713135
13379,49.865723
13380,49.804688
13381,49.865723
13382,49.804688
13383,49.89624
13384,49.713135
13385,49.835205
13386,49.865723
13387,49.957275
13388,49.865723
13389,49.89624
13390,49.926758
13391,49.743652
13392,49.926758
13393,50.109863
13394,49.957275
13395,49.987793
13396,49.865723
13397,49.926758
13398,49.89624
13399,49.957275
13400,49.957275
13401,49.957275
13402,49.957275
13403,49.743652
13404,49.865723
13405,50.01831
13406,49.89624
13407,49.835205
13408,50.04883
13409,49.865723
13410,50.109863
13411,49.957275
13412,49.89624
13413,49.804688
13414,49.835205
13415,49.77417
13416,49.835205
13417,49.865723
13418,49.835205
13419,49.89624
13420,49.926758
13421,49.926758
13422,50.109863
13423,49.957275
13424,49.835205
13425,49.865723
13426,49.743652
13427,49.743652
13428,50.01831
13429,49.987793
13430,49.89624
13431,49.804688
13432,49.804688
13433,49.89624
13434,49.957275
13435,49.957275
13436,50.109863
13437,49.987793
13438,49.865723
13439,49.926758
13440,49.865723
13441,49.89624
13442,49.89624
13443,50.201416
13444,49.957275
13445,49.865723
13446,49.987793
13447,50.231934
13448,50.01831
13449,49.865723
13450,49.865723
13451,49.804688
13452,49.926758
13453,49.865723
13454,50.04883
13455,50.231934
13456,50.29297
13457,49.6521
13458,49.713135
13459,49.835205
13460,49.865723
13461,49.804688
13462,49.89624
13463,49.987793
13464,50.01831
13465,49.987793
13466,49.865723
13467,49.89624
13468,49.926758
13469,49.835205
13470,49.713135
13471,49.77417
13472,49.89624
13473,50.01831
13474,49.957275
13475,49.835205
13476,49.957275
13477,49.926758
13478,49.926758
13479,49.926758
13480,50.231934
13481,49.957275
13482,49.835205
13483,49.804688
13484,49.926758
13485,49.926758
13486,49.804688
13487,49.835205
13488,49.77417
13489,50.04883
13490,49.835205
13491,49.89624
13492,49.89624
13493,49.957275
13494,49.865723
13495,49.835205
13496,49.865723
13497,49.926758
13498,49.926758
13499,49.957275
13500,50.231934
13501,50.26245
13502,49.835205
13503,49.835205
13504,49.804688
13505,50.04883
13506,49.835205
13507,49.835205
13508,50.04883
13509,49.89624
13510,50.04883
13511,49.926758
13512,49.804688
13513,49.835205
13514,49.865723
13515,49.835205
13516,49.865723
13517,49.835205
13518,49.835205
13519,49.835205
13520,49.804688
13521,49.926758
13522,50.01831
13523,50.26245
13524,49.987793
13525,49.865723
13526,49.957275
13527,49.926758
13528,49.987793
13529,49.957275
13530,49.865723
13531,49.804688
13532,50.04883
13533,49.835205
13534,49.835205
13535,49.865723
13536,49.957275
13537,49.804688
13538,49.835205
13539,50.04883
13540,49.804688
13541,49.743652
13542,49.926758
13543,50.01831
13544,49.957275
13545,49.865723
13546,49.804688
13547,49.957275
13548,49.865723
13549,49.865723
13550,49.835205
13551,49.865723
13552,49.987793
13553,49.987793
13554,50.01831
13555,49.926758
13556,49.957275
13557,49.89624
13558,50.04883
13559,50.14038
13560,49.6521
13561,49.804688
13562,49.77417
13563,49.804688
13564,49.926758
13565,50.201416
13566,49.804688
13567,49.865723
13568,49.77417
13569,49.987793
13570,49.743652
13571,50.04883
13572,49.926758
13573,49.835205
13574,49.835205
13575,49.865723
13576,49.804688
13577,49.89624
13578,49.804688
13579,49.865723
13580,49.957275
13581,50.1709
13582,49.743652
13583,49.987793
13584,49.804688
13585,49.89624
13586,49.621582
13587,49.835205
13588,49.987793
13589,49.89624
13590,49.89624
13591,49.835205
13592,49.804688
13593,49.835205
13594,49.835205
13595,50.01831
13596,49.926758
13597,49.957275
13598,49.804688
13599,49.77417
13600,49.89624
13601,49.835205
13602,49.835205
13603,50.01831
13604,49.835205
13605,49.865723
13606,49.865723
13607,49.926758
13608,49.865723
13609,49.77417
13610,49.835205
13611,49.835205
13612,50.323486
13613,49.804688
13614,49.865723
13615,50.04883
13616,50.01831
13617,49.865723
13618,49.865723
13619,50.231934
13620,49.77417
13621,49.835205
13622,49.89624
13623,49.865723
13624,49.957275
13625,49.804688
13626,49.865723
13627,49.926758
13628,49.835205
13629,49.835205
13630,50.01831
13631,50.29297
13632,49.987793
13633,49.957275
13634,49.865723
13635,49.957275
13636,49.89624
13637,49.89624
13638,49.89624
13639,49.89624
13640,50.1709
13641,49.865723
13642,50.01831
13643,49.865723
13644,49.865723
13645,50.01831
13646,49.804688
13647,49.865723
13648,49.835205
13649,49.804688
13650,50.26245
13651,50.109863
13652,49.89624
13653,49.804688
13654,49.835205
13655,49.865723
13656,49.835205
13657,49.89624
13658,49.835205
13659,49.89624
13660,50.04883
13661,50.26245
13662,49.926758
13663,49.865723
13664,49.865723
13665,49.926758
13666,49.926758
13667,49.89624
13668,49.865723
13669,50.01831
13670,49.835205
13671,49.865723
13672,49.804688
13673,49.865723
13674,49.865723
13675,49.987793
13676,50.04883
13677,49.957275
13678,49.804688
13679,49.835205
13680,49.89624
13681,49.89624
13682,50.04883
13683,49.835205
13684,49.865723
13685,49.865723
13686,49.89624
13687,49.682617
13688,50.109863
13689,49.89624
13690,49.835205
13691,49.804688
13692,49.865723
13693,50.01831
13694,50.01831
13695,49.713135
13696,49.743652
13697,49.957275
13698,49.865723
13699,49.987793
13700,49.835205
13701,49.835205
13702,49.865723
13703,49.865723
13704,49.89624
13705,49.835205
13706,49.835205
13707,49.926758
13708,49.89624
13709,49.835205
13710,49.835205
13711,49.804688
13712,50.26245
13713,49.926758
13714,49.957275
13715,50.04883
13716,50.04883
13717,49.926758
13718,50.1709
13719,49.987793
13720,49.987793
13721,50.01831
13722,49.804688
13723,49.835205
13724,50.14038
13725,50.04883
13726,49.804688
13727,49.77417
13728,49.804688
13729,49.865723
13730,49.987793
13731,50.323486
13732,50.01831
13733,49.957275
13734,49.926758
13735,49.89624
13736,49.865723
13737,49.89624
13738,49.865723
13739,49.987793
13740,49.926758
13741,50.109863
13742,50.04883
13743,49.835205
13744,49.865723
13745,50.01831
13746,50.04883
13747,49.713135
13748,50.04883
13749,49.89624
13750,49.865723
13751,49.865723
13752,49.865723
13753,49.804688
13754,49.835205
13755,49.682617
13756,49.957275
13757,49.804688
13758,49.987793
13759,49.835205
13760,49.865723
13761,49.835205
13762,49.926758
13763,49.957275
13764,50.01831
13765,49.957275
13766,49.89624
13767,49.89624
13768,49.957275
13769,49.835205
13770,49.77417
13771,49.713135
13772,49.987793
13773,49.713135
13774,50.109863
13775,49.865723
13776,49.89624
13777,50.26245
13778,49.987793
13779,49.743652
13780,49.865723
13781,49.804688
13782,49.835205
13783,49.835205
13784,50.231934
13785,49.804688
13786,49.89624
13787,49.89624
13788,49.865723
13789,49.865723
13790,49.926758
13791,49.77417
13792,49.835205
13793,50.01831
13794,49.865723
13795,49.865723
13796,49.89624
13797,49.835205
13798,49.89624
13799,49.926758
13800,49.957275
13801,49.621582
13802,50.01831
13803,49.804688
13804,49.865723
13805,50.109863
13806,49.865723
13807,49.835205
13808,49.835205
13809,49.926758
13810,49.957275
13811,49.926758
13812,49.865723
13813,49.835205
13814,49.804688
13815,49.835205
13816,49.865723
13817,49.865723
13818,49.835205
13819,49.865723
13820,49.926758
13821,49.835205
13822,50.01831
13823,49.835205
13824,49.804688
13825,49.957275
13826,49.987793
13827,50.14038
13828,49.957275
13829,49.865723
13830,49.865723
13831,49.804688
13832,-0.091552734
13833,0.15258789
13834,-0.061035156
13835,0.030517578
13836,0.21362305
13837,0.15258789
13838,-0.030517578
13839,-0.030517578
13840,0.061035156
13841,-0.12207031
13842,-0.030517578
13843,0.12207031
13844,0.12207031
13845,-0.091552734
13846,0.091552734
13847,0.24414062
13848,0.45776367
13849,0.12207031
13850,0.091552734
13851,0.091552734
13852,-0.061035156
13853,-0.030517578
13854,-0.091552734
13855,-0.030517578
13856,-0.091552734
13857,-0.030517578
13858,-0.030517578
13859,-0.030517578
13860,0.030517578
13861,0.091552734
13862,0.39672852
13863,0.030517578
13864,-0.030517578
13865,-0.030517578
13866,-0.2746582
13867,-0.091552734
13868,0.21362305
13869,0.061035156
13870,0.030517578
13871,0.030517578
13872,0.030517578
13873,-0.030517578
13874,-0.091552734
13875,0.21362305
13876,0.21362305
13877,-0.18310547
13878,-0.030517578
13879,0.061035156
13880,-0.030517578
13881,0.061035156
13882,0.21362305
13883,0.061035156
13884,0.061035156
13885,0.061035156
13886,0.061035156
13887,0.15258789
13888,0.18310547
13889,0.030517578
13890,-0.030517578
13891,-0.061035156
13892,-0.18310547
13893,0.15258789
13894,-0.12207031
13895,0.39672852
13896,0.4272461
13897,-0.18310547
13898,0.061035156
13899,0.030517578
13900,0.061035156
13901,0.030517578
13902,0.091552734
13903,0.21362305
13904,0.030517578
13905,0.030517578
13906,0.030517578
13907,0.091552734
13908,0.061035156
13909,-0.061035156
13910,0.030517578
13911,0.061035156
13912,0.091552734
13913,-0.12207031
13914,0.30517578
13915,0.091552734
13916,0.030517578
13917,0.061035156
13918,-0.030517578
13919,0.030517578
13920,-0.061035156
13921,-0.061035156
13922,0.030517578
13923,-0.061035156
13924,0.18310547
13925,0.4272461
13926,-0.061035156
13927,0.21362305
13928,0.061035156
13929,0.030517578
13930,-0.030517578
13931,0.36621094
13932,0.091552734
13933,0.061035156
13934,0.030517578
13935,0.18310547
13936,0.18310547
13937,0.39672852
13938,-0.18310547
13939,0.18310547
13940,0.21362305
13941,0.030517578
13942,-0.12207031
13943,-0.030517578
13944,0.061035156
13945,0.030517578
13946,0.030517578
13947,0.030517578
13948,0.061035156
13949,0.39672852
13950,0.030517578
13951,0.030517578
13952,0.12207031
13953,0.2746582
13954,0.18310547
13955,0.061035156
13956,0.030517578
13957,-0.030517578
13958,0.030517578
13959,0.030517578
13960,0.030517578
13961,0.061035156
13962,0.091552734
13963,-0.030517578
13964,0.091552734
13965,0.18310547
13966,0.061035156
13967,0.2746582
13968,0.061035156
13969,0.030517578
13970,0.18310547
13971,0.15258789
13972,0.12207031
13973,0.030517578
13974,0.15258789
13975,0.18310547
13976,0.33569336
13977,0.15258789
13978,0.091552734
13979,0.21362305
13980,0.061035156
13981,0.45776367
13982,0.36621094
13983,0.091552734
13984,0.12207031
13985,0.061035156
13986,0.091552734
13987,0.030517578
13988,-0.061035156
13989,0.12207031
13990,0.12207031
13991,0.030517578
13992,0.061035156
13993,0.18310547
13994,-0.030517578
13995,-0.030517578
13996,0.061035156
13997,-0.030517578
13998,0.030517578
13999,-0.061035156
14000,0.030517578
14001,0.030517578
14002,-0.030517578
14003,-0.061035156
14004,0.030517578
14005,0.091552734
14006,-0.061035156
14007,0.39672852
14008,0.061035156
14009,0.030517578
14010,0.12207031
14011,0.091552734
14012,0.12207031
14013,0.091552734
14014,0.030517578
14015,-0.061035156
14016,0.24414062
14017,0.5187988
14018,-0.24414062
14019,-0.091552734
14020,-0.18310547
14021,0.33569336
14022,0.18310547
14023,0.091552734
14024,-0.061035156
14025,0.061035156
14026,0.030517578
14027,-0.061035156
14028,0.030517578
14029,0.39672852
14030,0.15258789
14031,0.030517578
14032,-0.061035156
14033,0.061035156
14034,0.21362305
14035,0.030517578
14036,-0.061035156
14037,-0.030517578
14038,0.061035156
14039,0.061035156
14040,0.061035156
14041,0.030517578
14042,0.030517578
14043,0.030517578
14044,0.061035156
14045,0.21362305
14046,0.061035156
14047,0.061035156
14048,0.091552734
14049,-0.061035156
14050,0.030517578
14051,0.33569336
14052,-0.030517578
14053,-0.030517578
14054,0.030517578
14055,0.030517578
14056,0.15258789
14057,0.39672852
14058,0.12207031
14059,0.091552734
14060,0.030517578
14061,0.4272461
14062,0.36621094
14063,0.061035156
14064,0.15258789
14065,0.030517578
14066,0.030517578
14067,0.091552734
14068,0.15258789
14069,0.24414062
14070,0.061035156
14071,-0.030517578
14072,0.21362305
14073,0.39672852
14074,0.061035156
14075,0.061035156
14076,-0.030517578
14077,-0.061035156
14078,-0.030517578
14079,-0.030517578
14080,-0.030517578
14081,-0.061035156
14082,-0.030517578
14083,0.030517578
14084,0.030517578
14085,0.2746582
14086,0.091552734
14087,-0.21362305
14088,0.15258789
14089,-0.030517578
14090,-0.15258789
14091,0.36621094
14092,0.091552734
14093,0.030517578
14094,-0.030517578
14095,0.21362305
14096,-0.030517578
14097,-0.030517578
14098,-0.091552734
14099,-0.061035156
14100,-0.091552734
14101,0.18310547
14102,0.18310547
14103,-0.061035156
14104,-0.030517578
14105,0.030517578
14106,0.061035156
14107,0.030517578
14108,0.030517578
14109,0.091552734
14110,0.091552734
14111,-0.030517578
14112,-0.030517578
14113,0.061035156
14114,0.33569336
14115,0.091552734
14116,0.030517578
14117,-0.091552734
14118,0.030517578
14119,-0.061035156
14120,-0.030517578
14121,-0.030517578
14122,-0.030517578
14123,0.12207031
14124,0.12207031
14125,0.2746582
14126,0.4272461
14127,0.39672852
14128,0.061035156
14129,-0.061035156
14130,0.030517578
14131,0.30517578
14132,-0.030517578
14133,-0.030517578
14134,-0.030517578
14135,-0.061035156
14136,0.24414062
14137,0.48828125
14138,0.030517578
14139,0.15258789
14140,0.061035156
14141,0.33569336
14142,0.45776367
14143,0.18310547
14144,0.091552734
14145,0.061035156
14146,0.030517578
14147,0.061035156
14148,-0.091552734
14149,0.2746582
14150,0.030517578
14151,-0.030517578
14152,0.061035156
14153,0.061035156
14154,0.030517578
14155,0.061035156
14156,-0.061035156
14157,0.030517578
14158,0.061035156
14159,0.061035156
14160,0.030517578
14161,0.061035156
14162,0.091552734
14163,-0.030517578
14164,0.061035156
14165,0.091552734
14166,0.18310547
14167,0.091552734
14168,0.061035156
14169,-0.030517578
14170,0.15258789
14171,0.091552734
14172,-0.030517578
14173,-0.030517578
14174,0.33569336
14175,0.21362305
14176,0.15258789
14177,0.091552734
14178,0.061035156
14179,0.061035156
14180,0.061035156
14181,0.12207031
14182,0.091552734
14183,0.2746582
14184,0.33569336
14185,0.24414062
14186,0.030517578
14187,-0.061035156
14188,0.33569336
14189,0.12207031
14190,-0.030517578
14191,0.030517578
14192,0.21362305
14193,0.091552734
14194,0.030517578
14195,0.091552734
14196,0.18310547
14197,0.39672852
14198,0.091552734
14199,0.2746582
14200,0.2746582
14201,0.030517578
14202,-0.21362305
14203,0.061035156
14204,-0.091552734
14205,-0.061035156
14206,-0.061035156
14207,-0.061035156
14208,-0.030517578
14209,0.030517578
14210,0.030517578
14211,-0.030517578
14212,0.030517578
14213,0.091552734
14214,0.091552734
14215,-0.030517578
14216,0.030517578
14217,0.061035156
14218,0.030517578
14219,-0.030517578
14220,-0.061035156
14221,0.030517578
14222,0.061035156
14223,0.091552734
14224,0.061035156
14225,0.12207031
14226,0.21362305
14227,0.21362305
14228,0.061035156
14229,0.030517578
14230,0.30517578
14231,0.061035156
14232,0.030517578
14233,0.18310547
14234,0.2746582
14235,0.15258789
14236,0.12207031
14237,0.061035156
14238,0.030517578
14239,0.030517578
14240,0.061035156
14241,0.030517578
14242,0.061035156
14243,0.061035156
14244,0.030517578
14245,0.30517578
14246,0.091552734
14247,0.21362305
14248,0.15258789
14249,0.030517578
14250,-0.15258789
14251,0.30517578
14252,0.091552734
14253,-0.061035156
14254,-0.030517578
14255,-0.15258789
14256,0.091552734
14257,0.061035156
14258,0.4272461
14259,0.15258789
14260,0.39672852
14261,-0.15258789
14262,-0.12207031
14263,0.061035156
14264,-0.061035156
14265,0.030517578
14266,0.061035156
14267,0.091552734
14268,0.030517578
14269,-0.15258789
14270,0.12207031
14271,-0.061035156
14272,0.18310547
14273,0.4272461
14274,0.12207031
14275,-0.030517578
14276,0.030517578
14277,0.061035156
14278,0.061035156
14279,0.061035156
14280,0.030517578
14281,-0.030517578
14282,-0.030517578
14283,-0.030517578
14284,0.091552734
14285,0.061035156
14286,0.091552734
14287,0.091552734
14288,-0.061035156
14289,0.030517578
14290,0.45776367
14291,0.12207031
14292,0.061035156
14293,-0.030517578
14294,0.030517578
14295,0.21362305
14296,0.2746582
14297,0.18310547
14298,0.061035156
14299,0.091552734
14300,0.091552734
14301,0.2746582
14302,0.2746582
14303,0.30517578
14304,0.15258789
14305,0.15258789
14306,0.030517578
14307,-0.030517578
14308,-0.24414062
14309,0.12207031
14310,-0.030517578
14311,0.12207031
14312,0.18310547
14313,0.12207031
14314,-0.030517578
14315,-0.030517578
14316,0.15258789
14317,0.061035156
14318,-0.12207031
14319,0.45776367
14320,0.4272461
14321,-0.15258789
14322,-0.091552734
14323,0.061035156
14324,0.061035156
14325,0.091552734
14326,0.030517578
14327,-0.030517578
14328,0.061035156
14329,-0.21362305
14330,0.061035156
14331,0.030517578
14332,0.061035156
14333,0.12207031
14334,0.061035156
14335,0.21362305
14336,0.091552734
14337,0.061035156
14338,0.030517578
14339,0.061035156
14340,0.12207031
14341,0.15258789
14342,0.18310547
14343,0.091552734
14344,0.030517578
14345,0.061035156
14346,0.030517578
14347,0.030517578
14348,-0.12207031
14349,0.061035156
14350,0.061035156
14351,0.12207031
14352,0.15258789
14353,0.091552734
14354,0.030517578
14355,-0.030517578
14356,0.18310547
14357,0.24414062
14358,0.030517578
14359,0.18310547
14360,0.091552734
14361,0.24414062
14362,0.21362305
14363,0.4272461
14364,-0.061035156
14365,-0.030517578
14366,-0.061035156
14367,-0.091552734
14368,-0.12207031
14369,0.091552734
14370,0.030517578
14371,-0.061035156
14372,0.091552734
14373,0.12207031
14374,0.091552734
14375,-0.030517578
14376,-0.061035156
14377,0.030517578
14378,0.12207031
14379,0.2746582
14380,0.15258789
14381,0.061035156
14382,0.061035156
14383,-0.030517578
14384,0.061035156
14385,0.061035156
14386,0.18310547
14387,0.091552734
14388,-0.061035156
14389,0.18310547
14390,0.12207031
14391,0.061035156
14392,0.030517578
14393,0.030517578
14394,0.15258789
14395,0.061035156
14396,0.061035156
14397,-0.030517578
14398,-0.061035156
14399,0.030517578
14400,-0.030517578
14401,0.030517578
14402,0.091552734
14403,0.030517578
14404,0.030517578
14405,0.12207031
14406,0.18310547
14407,-0.030517578
14408,0.030517578
14409,0.18310547
14410,0.30517578
14411,0.091552734
14412,0.030517578
14413,-0.18310547
14414,0.36621094
14415,0.24414062
14416,0.061035156
14417,0.061035156
14418,0.061035156
14419,0.12207031
14420,0.12207031
14421,0.061035156
14422,0.061035156
14423,0.30517578
14424,0.33569336
14425,0.21362305
14426,-0.030517578
14427,0.24414062
14428,0.30517578
14429,0.030517578
14430,0.061035156
14431,0.45776367
14432,0.061035156
14433,0.061035156
14434,0.030517578
14435,0.030517578
14436,0.18310547
14437,-0.21362305
14438,0.091552734
14439,0.2746582
14440,0.30517578
14441,0.061035156
14442,-0.18310547
14443,0.15258789
14444,-0.030517578
14445,-0.030517578
14446,0.061035156
14447,-0.061035156
14448,0.15258789
14449,0.21362305
14450,0.030517578
14451,0.091552734
14452,0.4272461
14453,0.18310547
14454,0.030517578
14455,0.030517578
14456,0.030517578
14457,0.061035156
14458,0.15258789
14459,-0.030517578
14460,-0.091552734
14461,0.24414062
14462,0.091552734
14463,0.061035156
14464,0.091552734
14465,0.12207031
14466,0.15258789
14467,0.030517578
14468,-0.030517578
14469,0.12207031
14470,0.091552734
14471,-0.030517578
14472,0.15258789
14473,0.39672852
14474,0.12207031
14475,0.061035156
14476,0.030517578
14477,0.030517578
14478,-0.061035156
14479,0.15258789
14480,0.21362305
14481,0.061035156
14482,0.061035156
14483,0.091552734
14484,0.091552734
14485,0.18310547
14486,0.24414062
14487,0.12207031
14488,-0.061035156
14489,0.21362305
14490,0.21362305
14491,0.061035156
14492,-0.030517578
14493,0.21362305
14494,0.091552734
14495,0.36621094
14496,0.091552734
14497,0.15258789
14498,0.091552734
14499,0.18310547
14500,0.12207031
14501,0.12207031
14502,0.030517578
14503,0.33569336
14504,0.030517578
14505,0.030517578
14506,-0.030517578
14507,-0.061035156
14508,0.15258789
14509,0.18310547
14510,0.030517578
14511,0.15258789
14512,0.24414062
14513,0.091552734
14514,0.030517578
14515,-0.030517578
14516,-0.030517578
14517,0.21362305
14518,0.21362305
14519,-0.061035156
14520,0.061035156
14521,0.15258789
14522,0.15258789
14523,0.061035156
14524,-0.061035156
14525,0.091552734
14526,0.12207031
14527,-0.030517578
14528,-0.061035156
14529,0.061035156
14530,0.12207031
14531,0.091552734
14532,0.061035156
14533,0.030517578
14534,-0.091552734
14535,0.061035156
14536,0.12207031
14537,0.12207031
14538,0.15258789
14539,0.091552734
14540,0.061035156
14541,0.18310547
14542,0.21362305
14543,0.12207031
14544,0.091552734
14545,0.21362305
14546,0.061035156
14547,-0.15258789
14548,0.091552734
14549,0.091552734
14550,0.061035156
14551,0.2746582
14552,-0.030517578
14553,-0.030517578
14554,0.030517578
14555,-0.15258789
14556,-0.061035156
14557,0.36621094
14558,0.30517578
14559,0.15258789
14560,0.18310547
14561,0.061035156
14562,0.091552734
14563,0.33569336
14564,-0.030517578
14565,-0.030517578
14566,0.061035156
14567,0.061035156
14568,0.091552734
14569,0.030517578
14570,0.061035156
14571,0.12207031
14572,0.36621094
14573,0.12207031
14574,0.091552734
14575,-0.030517578
14576,-0.030517578
14577,0.091552734
14578,0.030517578
14579,0.12207031
14580,-0.030517578
14581,-0.030517578
14582,-0.061035156
14583,-0.061035156
14584,-0.030517578
14585,0.091552734
14586,0.061035156
14587,0.030517578
14588,0.061035156
14589,0.061035156
14590,0.091552734
14591,0.061035156
14592,0.030517578
14593,-0.030517578
14594,0.36621094
14595,0.24414062
14596,0.091552734
14597,-0.061035156
14598,-0.061035156
14599,-0.061035156
14600,-0.061035156
14601,-0.030517578
14602,0.061035156
14603,0.061035156
14604,0.12207031
14605,0.30517578
14606,-0.030517578
14607,0.2746582
14608,0.091552734
14609,-0.030517578
14610,0.12207031
14611,0.15258789
14612,0.18310547
14613,0.061035156
14614,0.061035156
14615,0.030517578
14616,0.12207031
14617,0.091552734
14618,0.15258789
14619,0.21362305
14620,0.18310547
14621,0.061035156
14622,0.21362305
14623,-0.030517578
14624,0.030517578
14625,0.12207031
14626,0.091552734
14627,0.030517578
14628,-0.030517578
14629,0.36621094
14630,0.091552734
14631,-0.030517578
14632,0.15258789
14633,0.4272461
14634,0.18310547
14635,0.091552734
14636,0.061035156
14637,-0.030517578
14638,-0.030517578
14639,0.030517578
14640,-0.030517578
14641,0.030517578
14642,-0.030517578
14643,-0.030517578
14644,0.091552734
14645,0.2746582
14646,-0.091552734
14647,0.091552734
14648,0.12207031
14649,0.030517578
14650,0.18310547
14651,0.091552734
14652,-0.030517578
14653,0.030517578
14654,0.030517578
14655,0.2746582
14656,0.061035156
14657,0.30517578
14658,-0.18310547
14659,-0.15258789
14660,0.36621094
14661,-0.091552734
14662,-0.091552734
14663,0.21362305
14664,-0.091552734
14665,0.030517578
14666,0.061035156
14667,-0.030517578
14668,0.061035156
14669,0.030517578
14670,0.091552734
14671,0.030517578
14672,0.030517578
14673,0.091552734
14674,0.15258789
14675,0.030517578
14676,-0.030517578
14677,0.061035156
14678,0.030517578
14679,-0.061035156
14680,0.061035156
14681,-0.061035156
14682,0.030517578
14683,-0.061035156
14684,0.091552734
14685,0.061035156
14686,0.39672852
14687,0.15258789
14688,0.030517578
14689,0.061035156
14690,0.45776367
14691,0.12207031
14692,-0.030517578
14693,0.061035156
14694,-0.061035156
14695,0.21362305
14696,0.091552734
14697,0.33569336
14698,0.061035156
14699,0.061035156
14700,0.30517578
14701,-0.18310547
14702,0.061035156
14703,0.30517578
14704,0.061035156
14705,0.061035156
14706,0.061035156
14707,-0.030517578
14708,0.061035156
14709,0.061035156
14710,0.030517578
14711,0.061035156
14712,0.030517578
14713,0.12207031
14714,0.15258789
14715,0.030517578
14716,-0.030517578
14717,0.061035156
14718,0.061035156
14719,0.24414062
14720,0.21362305
14721,0.030517578
14722,0.12207031
14723,-0.030517578
14724,0.061035156
14725,0.15258789
14726,0.24414062
14727,0.15258789
14728,-0.030517578
14729,0.18310547
14730,0.4272461
14731,0.091552734
14732,-0.030517578
14733,-0.091552734
14734,-0.030517578
14735,0.091552734
14736,-0.18310547
14737,0.30517578
14738,0.091552734
14739,0.21362305
14740,0.36621094
14741,0.36621094
14742,0.12207031
14743,0.12207031
14744,0.030517578
14745,0.030517578
14746,-0.030517578
14747,-0.030517578
14748,0.15258789
14749,0.21362305
14750,0.030517578
14751,0.061035156
14752,-0.061035156
14753,0.12207031
14754,0.061035156
14755,0.091552734
14756,0.030517578
14757,0.030517578
14758,-0.030517578
14759,0.15258789
14760,0.12207031
14761,0.12207031
14762,0.061035156
14763,0.061035156
14764,0.030517578
14765,0.061035156
14766,0.061035156
14767,-0.030517578
14768,-0.030517578
14769,0.24414062
14770,0.12207031
14771,0.061035156
14772,0.061035156
14773,0.21362305
14774,0.4272461
14775,0.18310547
14776,0.12207031
14777,0.12207031
14778,0.061035156
14779,0.030517578
14780,0.091552734
14781,0.18310547
14782,0.21362305
14783,0.18310547
14784,0.091552734
14785,0.15258789
14786,0.030517578
14787,0.24414062
14788,0.21362305
14789,0.061035156
14790,-0.030517578
14791,0.4272461
14792,0.061035156
14793,0.061035156
14794,-0.061035156
14795,0.091552734
14796,0.030517578
14797,0.18310547
14798,0.33569336
14799,0.24414062
14800,0.36621094
14801,0.061035156
14802,0.091552734
14803,0.18310547
14804,0.061035156
14805,0.061035156
14806,0.030517578
14807,0.091552734
14808,0.2746582
14809,0.30517578
14810,0.061035156
14811,-0.061035156
14812,0.18310547
14813,-0.21362305
14814,0.18310547
14815,0.030517578
14816,0.030517578
14817,-0.030517578
14818,0.030517578
14819,-0.091552734
14820,-0.061035156
14821,0.061035156
14822,0.12207031
14823,0.091552734
14824,0.18310547
14825,0.18310547
14826,0.030517578
14827,0.45776367
14828,0.061035156
14829,0.030517578
14830,0.24414062
14831,0.12207031
14832,0.15258789
14833,-0.030517578
14834,-99.731445
14835,-99.731445
14836,-99.67041
14837,-99.76196
14838,-99.67041
14839,-99.731445
14840,-99.42627
14841,-99.67041
14842,-99.70093
14843,-99.3042
14844,-99.51782
14845,-99.70093
14846,-99.79248
14847,-99.67041
14848,-99.67041
14849,-99.853516
14850,-99.63989
14851,-99.57886
14852,-99.609375
14853,-99.67041
14854,-99.67041
14855,-99.42627
14856,-99.70093
14857,-99.243164
14858,-99.70093
14859,-99.3042
14860,-99.67041
14861,-99.609375
14862,-99.70093
14863,-99.88403
14864,-99.67041
14865,-99.42627
14866,-99.731445
14867,-99.63989
14868,-99.823
14869,-99.487305
14870,-99.67041
14871,-99.70093
14872,-99.57886
14873,-99.487305
14874,-99.76196
14875,-99.70093
14876,-99.67041
14877,-99.487305
14878,-99.609375
14879,-99.67041
14880,-99.63989
14881,-99.731445
14882,-99.63989
14883,-99.51782
14884,-99.70093
14885,-99.57886
14886,-99.487305
14887,-99.57886
14888,-99.731445
14889,-99.70093
14890,-99.70093
14891,-99.67041
14892,-99.70093
14893,-99.67041
14894,-99.63989
14895,-99.63989
14896,-99.76196
14897,-99.67041
14898,-99.67041
14899,-99.42627
14900,-99.79248
14901,-99.63989
14902,-99.51782
14903,-99.70093
14904,-99.51782
14905,-99.63989
14906,-99.63989
14907,-99.487305
14908,-99.57886
14909,-99.487305
14910,-99.609375
14911,-99.63989
14912,-99.63989
14913,-99.63989
14914,-99.63989
14915,-99.609375
14916,-99.63989
14917,-99.731445
14918,-99.57886
14919,-99.91455
14920,-99.731445
14921,-99.731445
14922,-99.67041
14923,-99.63989
14924,-99.63989
14925,-99.731445
14926,-99.67041
14927,-99.63989
14928,-99.70093
14929,-99.67041
14930,-99.67041
14931,-99.70093
14932,-99.63989
14933,-99.70093
14934,-99.79248
14935,-99.51782
14936,-99.42627
14937,-99.63989
14938,-99.63989
14939,-99.67041
14940,-99.57886
14941,-99.853516
14942,-99.57886
14943,-99.70093
14944,-99.63989
14945,-99.67041
14946,-99.70093
14947,-99.67041
14948,-99.67041
14949,-99.91455
14950,-99.487305
14951,-99.609375
14952,-99.51782
14953,-99.609375
14954,-99.67041
14955,-99.63989
14956,-99.67041
14957,-99.63989
14958,-99.63989
14959,-99.45679
14960,-99.51782
14961,-99.487305
14962,-99.609375
14963,-99.63989
14964,-99.51782
14965,-99.63989
14966,-99.67041
14967,-99.67041
14968,-99.67041
14969,-99.609375
14970,-99.243164
14971,-99.609375
14972,-99.609375
14973,-99.487305
14974,-99.51782
14975,-99.63989
14976,-99.609375
14977,-99.33472
14978,-99.57886
14979,-99.51782
14980,-99.70093
14981,-99.609375
14982,-99.57886
14983,-99.51782
14984,-99.67041
14985,-99.63989
14986,-99.609375
14987,-99.39575
14988,-99.51782
14989,-99.57886
14990,-99.63989
14991,-99.67041
14992,-99.45679
14993,-99.487305
14994,-99.70093
14995,-99.70093
14996,-99.51782
14997,-99.39575
14998,-99.63989
14999,-99.70093
15000,-99.63989
15001,-99.487305
15002,-99.853516
15003,-99.70093
15004,-99.609375
15005,-99.67041
15006,-99.67041
15007,-99.67041
15008,-99.3042
15009,-99.33472
15010,-99.51782
15011,-99.609375
15012,-99.57886
15013,-99.67041
15014,-99.63989
15015,-99.67041
15016,-99.63989
15017,-99.51782
15018,-99.57886
15019,-99.33472
15020,-99.57886
15021,-99.63989
15022,-99.57886
15023,-99.609375
15024,-99.57886
15025,-99.67041
15026,-99.42627
15027,-99.57886
15028,-99.63989
15029,-99.76196
15030,-99.70093
15031,-99.63989
15032,-99.70093
15033,-99.243164
15034,-99.63989
15035,-99.27368
15036,-99.731445
15037,-99.731445
15038,-99.487305
15039,-99.63989
15040,-99.67041
15041,-99.63989
15042,-99.243164
15043,-99.731445
15044,-99.731445
15045,-99.39575
15046,-99.27368
15047,-99.70093
15048,-99.42627
15049,-99.487305
15050,-99.609375
15051,-99.70093
15052,-99.70093
15053,-99.76196
15054,-99.67041
15055,-99.63989
15056,-99.67041
15057,-99.70093
15058,-99.609375
15059,-99.365234
15060,-99.70093
15061,-99.57886
15062,-99.70093
15063,-99.63989
15064,-99.3042
15065,-99.76196
15066,-99.63989
15067,-99.70093
15068,-99.70093
15069,-99.79248
15070,-99.731445
15071,-99.27368
15072,-99.57886
15073,-99.487305
15074,-99.63989
15075,-99.63989
15076,-99.487305
15077,-99.57886
15078,-99.33472
15079,-99.609375
15080,-99.487305
15081,-99.79248
15082,-99.63989
15083,-99.67041
15084,-99.88403
15085,-99.70093
15086,-99.609375
15087,-99.63989
15088,-99.70093
15089,-99.731445
15090,-99.70093
15091,-99.51782
15092,-99.57886
15093,-99.70093
15094,-99.67041
15095,-99.487305
15096,-99.79248
15097,-99.70093
15098,-99.67041
15099,-99.67041
15100,-99.609375
15101,-99.33472
15102,-99.365234
15103,-99.67041
15104,-99.57886
15105,-99.27368
15106,-99.70093
15107,-99.45679
15108,-99.27368
15109,-99.63989
15110,-99.67041
15111,-99.70093
15112,-99.67041
15113,-99.731445
15114,-99.67041
15115,-99.731445
15116,-99.731445
15117,-99.70093
15118,-99.67041
15119,-99.57886
15120,-99.67041
15121,-99.487305
15122,-99.67041
15123,-99.70093
15124,-99.67041
15125,-99.57886
15126,-99.63989
15127,-99.609375
15128,-99.487305
15129,-99.45679
15130,-99.94507
15131,-99.42627
15132,-99.487305
15133,-99.63989
15134,-99.487305
15135,-99.609375
15136,-99.67041
15137,-99.27368
15138,-99.609375
15139,-99.731445
15140,-99.70093
15141,-99.67041
15142,-99.70093
15143,-99.70093
15144,-99.731445
15145,-99.63989
15146,-99.487305
15147,-99.76196
15148,-99.67041
15149,-99.67041
15150,-99.63989
15151,-99.609375
15152,-99.57886
15153,-99.63989
15154,-99.67041
15155,-99.63989
15156,-99.63989
15157,-99.67041
15158,-99.609375
15159,-99.57886
15160,-99.63989
15161,-99.487305
15162,-99.63989
15163,-99.63989
15164,-99.365234
15165,-99.76196
15166,-99.70093
15167,-99.67041
15168,-99.57886
15169,-99.609375
15170,-99.33472
15171,-99.487305
15172,-99.39575
15173,-99.70093
15174,-99.57886
15175,-99.57886
15176,-99.79248
15177,-99.487305
15178,-99.51782
15179,-99.70093
15180,-99.67041
15181,-99.57886
15182,-99.45679
15183,-99.67041
15184,-99.63989
15185,-99.42627
15186,-99.731445
15187,-99.823
15188,-99.51782
15189,-99.63989
15190,-99.67041
15191,-99.67041
15192,-99.70093
15193,-99.67041
15194,-99.63989
15195,-99.67041
15196,-99.70093
15197,-99.63989
15198,-99.70093
15199,-99.487305
15200,-99.63989
15201,-99.70093
15202,-99.70093
15203,-99.67041
15204,-99.51782
15205,-99.63989
15206,-99.67041
15207,-99.609375
15208,-99.609375
15209,-99.731445
15210,-99.487305
15211,-99.21265
15212,-99.3042
15213,-99.33472
15214,-99.3042
15215,-99.57886
15216,-99.63989
15217,-99.76196
15218,-99.70093
15219,-99.76196
15220,-99.51782
15221,-99.487305
15222,-99.70093
15223,-99.67041
15224,-99.609375
15225,-99.609375
15226,-99.76196
15227,-99.67041
15228,-99.823
15229,-99.487305
15230,-99.51782
15231,-99.609375
15232,-99.609375
15233,-99.63989
15234,-99.63989
15235,-99.63989
15236,-99.70093
15237,-99.70093
15238,-99.67041
15239,-99.609375
15240,-99.45679
15241,-99.21265
15242,-99.487305
15243,-99.63989
15244,-99.63989
15245,-99.57886
15246,-99.67041
15247,-99.88403
15248,-99.70093
15249,-99.67041
15250,-99.51782
15251,-99.63989
15252,-99.57886
15253,-99.57886
15254,-99.609375
15255,-99.67041
15256,-99.67041
15257,-99.487305
15258,-99.39575
15259,-99.823
15260,-99.487305
15261,-99.63989
15262,-99.63989
15263,-99.21265
15264,-99.67041
15265,-99.57886
15266,-99.51782
15267,-99.57886
15268,-99.67041
15269,-99.67041
15270,-99.63989
15271,-99.853516
15272,-99.70093
15273,-99.51782
15274,-99.487305
15275,-99.51782
15276,-99.42627
15277,-99.487305
15278,-99.63989
15279,-99.67041
15280,-99.63989
15281,-99.487305
15282,-99.63989
15283,-99.731445
15284,-99.63989
15285,-99.57886
15286,-99.487305
15287,-99.39575
15288,-99.487305
15289,-99.51782
15290,-99.63989
15291,-99.67041
15292,-99.63989
15293,-99.67041
15294,-99.70093
15295,-99.70093
15296,-99.63989
15297,-99.67041
15298,-99.609375
15299,-99.63989
15300,-99.487305
15301,-99.67041
15302,-99.70093
15303,-99.70093
15304,-99.57886
15305,-99.70093
15306,-99.67041
15307,-99.70093
15308,-99.67041
15309,-99.609375
15310,-99.79248
15311,-99.39575
15312,-99.57886
15313,-99.45679
15314,-99.487305
15315,-99.57886
15316,-99.42627
15317,-99.3042
15318,-99.63989
15319,-99.45679
15320,-99.67041
15321,-99.67041
15322,-99.57886
15323,-99.27368
15324,-99.609375
15325,-99.609375
15326,-99.67041
15327,-99.63989
15328,-99.63989
15329,-99.70093
15330,-99.731445
15331,-99.67041
15332,-99.63989
15333,-99.57886
15334,-99.609375
15335,-99.70093
15336,-99.63989
15337,-99.731445
15338,-99.67041
15339,-99.70093
15340,-99.45679
15341,-99.243164
15342,-99.63989
15343,-99.731445
15344,-99.609375
15345,-99.487305
15346,-99.609375
15347,-99.365234
15348,-99.33472
15349,-99.67041
15350,-99.67041
15351,-99.70093
15352,-99.76196
15353,-99.731445
15354,-99.63989
15355,-99.70093
15356,-99.63989
15357,-99.70093
15358,-99.63989
15359,-99.51782
15360,-99.67041
15361,-99.63989
15362,-99.70093
15363,-99.70093
15364,-99.609375
15365,-99.51782
15366,-99.70093
15367,-99.731445
15368,-99.823
15369,-99.67041
15370,-99.365234
15371,-99.39575
15372,-99.51782
15373,-99.45679
15374,-99.487305
15375,-99.609375
15376,-99.487305
15377,-99.79248
15378,-99.609375
15379,-99.70093
15380,-99.63989
15381,-99.63989
15382,-99.243164
15383,-99.45679
15384,-99.731445
15385,-99.487305
15386,-99.51782
15387,-99.33472
15388,-99.63989
15389,-99.63989
15390,-99.731445
15391,-99.67041
15392,-99.57886
15393,-99.39575
15394,-99.70093
15395,-99.76196
15396,-99.45679
15397,-99.731445
15398,-99.67041
15399,-99.67041
15400,-99.67041
15401,-99.57886
15402,-99.731445
15403,-99.609375
15404,-99.63989
15405,-99.487305
15406,-99.88403
15407,-99.609375
15408,-99.609375
15409,-99.51782
15410,-99.67041
15411,-99.731445
15412,-99.70093
15413,-99.70093
15414,-99.70093
15415,-99.70093
15416,-99.67041
15417,-99.67041
15418,-99.63989
15419,-99.27368
15420,-99.63989
15421,-99.731445
15422,-99.67041
15423,-99.487305
15424,-99.57886
15425,-99.731445
15426,-99.609375
15427,-99.63989
15428,-99.67041
15429,-99.63989
15430,-99.63989
15431,-99.42627
15432,-99.3042
15433,-99.3042
15434,-99.67041
15435,-99.609375
15436,-99.45679
15437,-99.609375
15438,-99.487305
15439,-99.609375
15440,-99.70093
15441,-99.70093
15442,-99.57886
15443,-99.57886
15444,-99.79248
15445,-99.67041
15446,-99.67041
15447,-99.67041
15448,-99.609375
15449,-99.67041
15450,-99.63989
15451,-99.79248
15452,-99.88403
15453,-99.33472
15454,-99.45679
15455,-99.853516
15456,-99.63989
15457,-99.67041
15458,-99.731445
15459,-99.67041
15460,-99.487305
15461,-99.63989
15462,-99.39575
15463,-99.67041
15464,-99.45679
15465,-99.45679
15466,-99.67041
15467,-99.70093
15468,-99.76196
15469,-99.57886
15470,-99.33472
15471,-99.45679
15472,-99.487305
15473,-99.51782
15474,-99.45679
15475,-99.63989
15476,-99.42627
15477,-99.42627
15478,-99.88403
15479,-99.76196
15480,-99.609375
15481,-99.67041
15482,-99.487305
15483,-99.243164
15484,-99.609375
15485,-99.67041
15486,-99.487305
15487,-99.63989
15488,-99.67041
15489,-99.63989
15490,-99.67041
15491,-99.63989
15492,-99.57886
15493,-99.67041
15494,-99.42627
15495,-99.823
15496,-99.51782
15497,-99.823
15498,-99.63989
15499,-99.70093
15500,-99.609375
15501,-99.487305
15502,-99.45679
15503,-99.76196
15504,-99.67041
15505,-99.609375
15506,-99.33472
15507,-99.67041
15508,-99.609375
15509,-99.70093
15510,-99.63989
15511,-99.63989
15512,-99.67041
15513,-99.70093
15514,-99.45679
15515,-99.487305
15516,-99.609375
15517,-99.609375
15518,-99.70093
15519,-99.67041
15520,-99.67041
15521,-99.42627
15522,-99.70093
15523,-99.70093
15524,-99.63989
15525,-99.70093
15526,-99.609375
15527,-99.45679
15528,-99.39575
15529,-99.487305
15530,-99.57886
15531,-99.57886
15532,-99.609375
15533,-99.67041
15534,-99.67041
15535,-99.67041
15536,-99.609375
15537,-99.70093
15538,-99.63989
15539,-99.63989
15540,-99.243164
15541,-99.67041
15542,-99.63989
15543,-99.609375
15544,-99.88403
15545,-99.609375
15546,-99.70093
15547,-99.70093
15548,-99.51782
15549,-99.33472
15550,-99.45679
15551,-99.67041
15552,-99.63989
15553,-99.609375
15554,-99.63989
15555,-99.63989
15556,-99.67041
15557,-99.63989
15558,-99.57886
15559,-99.609375
15560,-99.51782
15561,-99.609375
15562,-99.67041
15563,-99.487305
15564,-99.45679
15565,-99.70093
15566,-99.731445
15567,-99.731445
15568,-99.63989
15569,-99.3042
15570,-99.365234
15571,-99.609375
15572,-99.609375
15573,-99.67041
15574,-99.63989
15575,-99.67041
15576,-99.57886
15577,-99.609375
15578,-99.365234
15579,-99.3042
15580,-99.39575
15581,-99.70093
15582,-99.67041
15583,-99.45679
15584,-99.609375
15585,-99.63989
15586,-99.70093
15587,-99.70093
15588,-99.39575
15589,-99.609375
15590,-99.609375
15591,-99.63989
15592,-99.70093
15593,-99.63989
15594,-99.67041
15595,-99.70093
15596,-99.67041
15597,-99.67041
15598,-99.63989
15599,-99.63989
15600,-99.42627
15601,-99.731445
15602,-99.70093
15603,-99.76196
15604,-99.70093
15605,-99.76196
15606,-99.51782
15607,-99.70093
15608,-99.57886
15609,-99.487305
15610,-99.609375
15611,-99.67041
15612,-99.70093
15613,-99.731445
15614,-99.70093
15615,-99.70093
15616,-99.731445
15617,-99.67041
15618,-99.70093
15619,-99.609375
15620,-99.33472
15621,-99.76196
15622,-99.63989
15623,-99.67041
15624,-99.33472
15625,-99.45679
15626,-99.70093
15627,-99.70093
15628,-99.76196
15629,-99.487305
15630,-99.63989
15631,-99.70093
15632,-99.67041
15633,-99.731445
15634,-99.67041
15635,-99.70093
15636,-99.70093
15637,-99.67041
15638,-99.67041
15639,-99.39575
15640,-99.823
15641,-99.76196
15642,-99.63989
15643,-99.57886
15644,-99.27368
15645,-99.63989
15646,-99.609375
15647,-99.731445
15648,-99.63989
15649,-99.365234
15650,-99.365234
15651,-99.731445
15652,-99.609375
15653,-99.67041
15654,-99.63989
15655,-99.63989
15656,-99.63989
15657,-99.63989
15658,-99.39575
15659,-99.243164
15660,-99.63989
15661,-99.67041
15662,-99.63989
15663,-99.51782
15664,-99.57886
15665,-99.70093
15666,-99.70093
15667,-99.67041
15668,-99.79248
15669,-99.57886
15670,-99.42627
15671,-99.51782
15672,-99.57886
15673,-99.63989
15674,-99.51782
15675,-99.609375
15676,-99.51782
15677,-99.51782
15678,-99.67041
15679,-99.731445
15680,-99.823
15681,-99.70093
15682,-99.63989
15683,-99.609375
15684,-99.609375
15685,-99.731445
15686,-99.609375
15687,-99.70093
15688,-99.731445
15689,-99.63989
15690,-99.79248
15691,-99.57886
15692,-99.609375
15693,-99.57886
15694,-99.57886
15695,-99.67041
15696,-99.57886
15697,-99.57886
15698,-99.365234
15699,-99.609375
15700,-99.70093
15701,-99.67041
15702,-99.487305
15703,-99.39575
15704,-99.39575
15705,-99.67041
15706,-99.67041
15707,-99.67041
15708,-99.76196
15709,-99.57886
15710,-99.487305
15711,-99.609375
15712,-99.45679
15713,-99.51782
15714,-99.42627
15715,-99.51782
15716,-99.57886
15717,-99.45679
15718,-99.67041
15719,-99.51782
15720,-99.853516
15721,-99.63989
15722,-99.609375
15723,-99.39575
15724,-99.51782
15725,-99.70093
15726,-99.63989
15727,-99.67041
15728,-99.70093
15729,-99.63989
15730,-99.243164
15731,-99.487305
15732,-99.45679
15733,-99.57886
15734,-99.51782
15735,-99.51782
15736,-99.487305
15737,-99.487305
15738,-99.243164
15739,-99.51782
15740,-99.70093
15741,-99.731445
15742,-99.57886
15743,-99.365234
15744,-99.57886
15745,-99.731445
15746,-99.63989
15747,-99.67041
15748,-99.67041
15749,-99.731445
15750,-99.487305
15751,-99.27368
15752,-99.33472
15753,-99.57886
15754,-99.39575
15755,-99.45679
15756,-99.57886
15757,-99.70093
15758,-99.487305
15759,-99.67041
15760,-99.67041
15761,-99.63989
15762,-99.609375
15763,-99.823
15764,-99.731445
15765,-99.609375
15766,-99.67041
15767,-99.70093
15768,-99.67041
15769,-99.67041
15770,-99.823
15771,-99.487305
15772,-99.51782
15773,-99.487305
15774,-99.609375
15775,-99.365234
15776,-99.487305
15777,-99.731445
15778,-99.63989
15779,-99.731445
15780,-99.63989
15781,-99.487305
15782,-99.42627
15783,-99.67041
15784,-99.609375
15785,-99.487305
15786,-99.609375
15787,-99.609375
15788,-99.609375
15789,-99.731445
15790,-99.731445
15791,-99.67041
15792,-99.70093
15793,-99.609375
15794,-99.731445
15795,-99.76196
15796,-99.63989
15797,-99.731445
15798,-99.609375
15799,-99.70093
15800,-99.67041
15801,-99.51782
15802,-99.609375
15803,-99.487305
15804,-99.67041
15805,-99.63989
15806,-99.487305
15807,-99.57886
15808,-99.70093
15809,-99.70093
15810,-99.487305
15811,-99.76196
15812,-99.853516
15813,-99.487305
15814,-99.853516
15815,-99.33472
15816,-99.79248
15817,-99.70093
15818,-99.67041
15819,-99.70093
15820,-99.70093
15821,-99.67041
15822,-99.63989
15823,-99.57886
15824,-99.67041
15825,-99.67041
15826,-99.67041
15827,-99.67041
15828,-99.67041
15829,-99.731445
15830,-99.57886
15831,-99.76196
15832,-99.57886
15833,-99.63989
15834,-99.42627
15835,-99.39575
15836,-99.57886
15837,-99.27368
15838,-99.51782
15839,-99.39575
15840,-99.70093
15841,-99.63989
15842,-99.609375
15843,-99.365234
15844,-99.731445
15845,-99.63989
15846,-99.63989
15847,-99.67041
15848,-99.70093
15849,-99.70093
15850,-99.67041
15851,-99.51782
15852,-99.243164
15853,-99.487305
15854,-99.365234
15855,-99.365234
15856,-99.57886
15857,-99.3042
15858,-99.70093
15859,-99.67041
15860,-99.67041
15861,-99.609375
15862,-99.45679
15863,-99.51782
15864,-99.67041
15865,-99.63989
15866,-99.609375
15867,-99.67041
15868,-99.67041
15869,-99.487305
15870,-99.45679
15871,-99.76196
15872,-99.63989
15873,-99.42627
15874,-99.27368
15875,-99.609375
15876,-99.853516
15877,-99.609375
15878,-99.79248
15879,-99.731445
15880,-99.57886
15881,-99.51782
15882,-99.15161
15883,-99.63989
15884,-99.63989
15885,-99.39575
15886,-99.63989
15887,-99.609375
15888,-99.21265
15889,-99.609375
15890,-99.57886
15891,-99.63989
15892,-99.63989
15893,-99.63989
15894,-99.63989
15895,-99.63989
15896,-99.67041
15897,-99.42627
15898,-99.33472
15899,-99.51782
15900,-99.63989
15901,-99.731445
15902,-99.609375
15903,-99.63989
15904,-99.731445
15905,-99.609375
15906,-99.51782
15907,-99.731445
15908,-99.70093
15909,-99.70093
15910,-99.51782
15911,-99.70093
15912,-99.67041
15913,-99.27368
15914,-99.42627
15915,-99.27368
15916,-99.70093
15917,-99.70093
15918,-99.42627
15919,-99.70093
15920,-99.67041
15921,-99.51782
15922,-99.609375
15923,-99.76196
15924,-99.70093
15925,-99.63989
15926,-99.63989
15927,-99.487305
15928,-99.63989
15929,-99.70093
15930,-99.70093
15931,-99.70093
15932,-99.67041
15933,-99.63989
15934,-99.57886
15935,-99.63989
15936,-99.67041
15937,-99.63989
15938,-99.70093
15939,-99.487305
15940,-99.609375
15941,-99.487305
15942,-99.609375
15943,-99.609375
15944,-99.63989
15945,-99.823
15946,-99.67041
15947,-99.70093
15948,-99.67041
15949,-99.67041
15950,-99.63989
15951,-99.609375
15952,-99.63989
15953,-99.609375
15954,-99.609375
15955,-99.731445
15956,-99.731445
15957,-99.63989
15958,-99.57886
15959,-99.39575
15960,-99.609375
15961,-99.70093
15962,-99.67041
15963,-99.609375
15964,-99.45679
15965,-99.609375
15966,-99.67041
15967,-99.67041
15968,-99.39575
15969,-99.609375
15970,-99.63989
15971,-99.51782
15972,-99.609375
15973,-99.609375
15974,-99.609375
15975,-99.63989
15976,-99.57886
15977,-99.63989
15978,-99.487305
15979,-99.487305
15980,-99.79248
15981,-99.70093
15982,-99.67041
15983,-99.609375
15984,-99.63989
15985,-99.70093
15986,-99.70093
15987,-99.63989
15988,-99.39575
15989,-99.33472
15990,-99.39575
15991,-99.609375
15992,-99.67041
15993,-99.57886
15994,-99.609375
15995,-99.63989
15996,-99.70093
15997,-99.57886
15998,-99.51782
15999,-99.853516
16000,-99.487305
16001,-99.70093
16002,-99.67041
16003,-99.51782
16004,-99.42627
16005,-99.67041
16006,-99.67041
16007,-99.76196
16008,-99.76196
16009,-99.76196
16010,-99.609375
16011,-99.67041
16012,-99.70093
16013,-99.609375
16014,-99.63989
16015,-99.609375
16016,-99.609375
16017,-99.487305
16018,-99.63989
16019,-99.67041
16020,-99.731445
16021,-99.609375
16022,-99.67041
16023,-99.51782
16024,-99.57886
16025,-99.70093
16026,-99.67041
16027,-99.63989
16028,-99.67041
16029,-99.823
16030,-99.51782
16031,-99.51782
16032,-99.57886
16033,-99.609375
16034,-99.63989
16035,-99.63989
16036,-99.57886
16037,-99.609375
16038,-99.609375
16039,-99.45679
16040,-99.853516
16041,-99.70093
16042,-99.67041
16043,-99.63989
16044,-99.67041
16045,-99.51782
16046,-99.57886
16047,-99.67041
16048,-99.67041
16049,-99.67041
16050,-99.67041
16051,-99.63989
16052,-99.67041
16053,-99.51782
16054,-99.79248
16055,-99.45679
16056,-99.57886
16057,-99.70093
16058,-99.63989
16059,-99.63989
16060,-99.70093
16061,-99.70093
16062,-99.823
16063,-99.63989
16064,-99.57886
16065,-99.243164
16066,-99.63989
16067,-99.609375
16068,-99.57886
16069,-99.57886
16070,-99.67041
16071,-99.63989
16072,-99.67041
16073,-99.63989
16074,-99.70093
16075,-99.67041
16076,-99.57886
16077,-99.487305
16078,-99.45679
16079,-99.67041
16080,-99.67041
16081,-99.63989
16082,-99.51782
16083,-99.609375
16084,-99.731445
16085,-99.67041
16086,-99.63989
16087,-99.63989
16088,-99.70093
16089,-99.70093
16090,-99.70093
16091,-99.57886
16092,-99.57886
16093,-99.487305
16094,-99.42627
16095,-99.70093
16096,-99.70093
16097,-99.63989
16098,-99.63989
16099,-99.67041
16100,-99.57886
16101,-99.33472
16102,-99.487305
16103,-99.63989
16104,-99.487305
16105,-99.79248
16106,-99.3042
16107,-99.487305
16108,-99.51782
16109,-99.609375
16110,-99.70093
16111,-99.67041
16112,-99.63989
16113,-99.63989
16114,-99.67041
16115,-99.731445
16116,-99.67041
16117,-99.63989
16118,-99.67041
16119,-99.57886
16120,-99.39575
16121,-99.487305
16122,-99.70093
16123,-99.63989
16124,-99.91455
16125,-99.609375
16126,-99.70093
16127,-99.70093
16128,-99.76196
16129,-99.57886
16130,-99.57886
16131,-99.51782
16132,-99.609375
16133,-99.63989
16134,-99.63989
16135,-99.57886
16136,-99.51782
16137,-99.609375
16138,-99.88403
16139,-99.609375
16140,-99.67041
16141,-99.67041
16142,-99.63989
16143,-99.79248
16144,-99.63989
16145,-99.63989
16146,-99.609375
16147,-99.67041
16148,-99.63989
16149,-99.51782
16150,-99.70093
16151,-99.51782
16152,-99.51782
16153,-99.609375
16154,-99.57886
16155,-99.57886
16156,-99.51782
16157,-99.609375
16158,-99.3042
16159,-99.487305
16160,-99.609375
16161,-99.67041
16162,-99.57886
16163,-99.33472
16164,-99.487305
16165,-99.67041
16166,-99.67041
16167,-99.731445
16168,-99.731445
16169,-99.51782
16170,-99.94507
16171,-99.33472
16172,-99.51782
16173,-99.42627
16174,-99.51782
16175,-99.3042
16176,-99.3042
16177,-99.70093
16178,-99.731445
16179,-99.67041
16180,-99.609375
16181,-99.57886
16182,-99.57886
16183,-99.609375
16184,-99.63989
16185,-99.51782
16186,-99.51782
16187,-99.63989
16188,-99.67041
16189,-99.70093
16190,-99.88403
16191,-99.487305
16192,-99.365234
16193,-99.853516
16194,-99.57886
16195,-99.91455
16196,-99.67041
16197,-99.63989
16198,-99.67041
16199,-99.76196
16200,-99.70093
16201,-99.57886
16202,-99.70093
16203,-99.67041
16204,-99.67041
16205,-99.63989
16206,-99.3042
16207,-99.45679
16208,-99.51782
16209,-99.67041
16210,-99.67041
16211,-99.67041
16212,-99.731445
16213,-99.70093
16214,-99.67041
16215,-99.731445
16216,-99.67041
16217,-99.67041
16218,-99.63989
16219,-99.42627
16220,-99.823
16221,-99.79248
16222,-99.67041
16223,-99.67041
16224,-99.243164
16225,-99.67041
16226,-99.731445
16227,-99.63989
16228,-99.42627
16229,-99.39575
16230,-99.57886
16231,-99.51782
16232,-99.57886
16233,-99.63989
16234,-99.70093
16235,-99.609375
16236,-99.63989
16237,-99.609375
16238,-99.487305
16239,-99.76196
16240,-99.42627
16241,-99.70093
16242,-99.609375
16243,-99.487305
16244,-99.76196
16245,-99.67041
16246,-99.67041
16247,-99.63989
16248,-99.67041
16249,-99.39575
16250,-99.609375
16251,-99.42627
16252,-99.3042
16253,-99.27368
16254,-99.79248
16255,-99.67041
16256,-99.67041
16257,-99.63989
16258,-99.63989
16259,-99.57886
16260,-99.609375
16261,-99.67041
16262,-99.63989
16263,-99.27368
16264,-99.67041
16265,-99.63989
16266,-99.57886
16267,-99.609375
16268,-99.67041
16269,-99.63989
16270,-99.67041
16271,-99.731445
16272,-99.45679
16273,-99.45679
16274,-99.609375
16275,-99.70093
16276,-99.70093
16277,-99.67041
16278,-99.51782
16279,-99.3042
16280,-99.487305
16281,-99.70093
16282,-99.67041
16283,-99.33472
16284,-99.70093
16285,-99.63989
16286,-99.67041
16287,-99.70093
16288,-99.76196
16289,-99.731445
16290,-99.45679
16291,-99.45679
16292,-99.731445
16293,-99.365234
16294,-99.70093
16295,-99.487305
16296,-99.39575
16297,-99.67041
16298,-99.731445
16299,-99.70093
16300,-99.57886
16301,-99.67041
16302,-99.45679
16303,-99.63989
16304,-99.487305
16305,-99.609375
16306,-99.51782
16307,-99.51782
16308,-99.33472
16309,-99.67041
16310,-99.57886
16311,-99.609375
16312,-99.67041
16313,-99.63989
16314,-99.67041
16315,-99.63989
16316,-99.609375
16317,-99.609375
16318,-99.63989
16319,-99.63989
16320,-99.70093
16321,-99.63989
16322,-99.487305
16323,-99.731445
16324,-99.63989
16325,-99.67041
16326,-99.67041
16327,-99.67041
16328,-99.70093
16329,-99.70093
16330,-99.67041
16331,-99.731445
16332,-99.63989
16333,-99.79248
16334,-99.70093
16335,-99.51782
16336,-99.57886
16337,-99.70093
16338,-99.70093
16339,-99.70093
16340,-99.57886
16341,-99.70093
16342,-99.731445
16343,-99.63989
16344,-99.33472
16345,-99.487305
16346,-99.67041
16347,-99.70093
16348,-99.63989
16349,-99.45679
16350,-99.63989
16351,-99.63989
16352,-99.70093
16353,-99.731445
16354,-99.67041
16355,-99.731445
16356,-99.70093
16357,-99.57886
16358,-99.57886
16359,-99.365234
16360,-99.63989
16361,-99.67041
16362,-99.70093
16363,-99.70093
16364,-99.57886
16365,-99.731445
16366,-99.731445
16367,-99.70093
16368,-99.70093
16369,-99.42627
16370,-99.45679
16371,-99.45679
16372,-99.51782
16373,-99.487305
16374,-99.39575
16375,-99.3042
16376,-99.67041
16377,-99.63989
16378,-99.70093
16379,-99.609375
16380,-99.63989
16381,-99.487305
16382,-99.70093
16383,-99.57886
16384,-99.21265
16385,-99.63989
16386,-99.63989
16387,-99.487305
16388,-99.243164
16389,-99.33472
16390,-99.67041
16391,-99.67041
16392,-99.609375
16393,-99.67041
16394,-99.63989
16395,-99.57886
16396,-99.57886
16397,-99.39575
16398,-99.63989
16399,-99.609375
16400,-99.63989
16401,-99.63989
16402,-99.67041
16403,-99.76196
16404,-99.70093
16405,-99.57886
16406,-99.63989
16407,-99.57886
16408,-99.609375
16409,-99.70093
16410,-99.67041
16411,-99.67041
16412,-99.67041
16413,-99.70093
16414,-99.63989
16415,-99.731445
16416,-99.67041
16417,-99.67041
16418,-99.57886
16419,-99.63989
16420,-99.70093
16421,-99.731445
16422,-99.67041
16423,-99.42627
16424,-99.79248
16425,-99.731445
16426,-99.63989
16427,-99.731445
16428,-99.76196
16429,-99.51782
16430,-99.487305
16431,-99.609375
16432,-99.67041
16433,-99.609375
16434,-99.70093
16435,-99.63989
16436,-99.63989
16437,-99.57886
16438,-99.51782
16439,-99.57886
16440,-99.42627
16441,-99.57886
16442,-99.609375
16443,-99.42627
16444,-99.67041
16445,-99.63989
16446,-99.70093
16447,-99.63989
16448,-99.487305
16449,-99.70093
16450,-99.853516
16451,-99.63989
16452,-99.39575
16453,-99.45679
16454,-99.63989
16455,-99.94507
16456,-99.63989
16457,-99.67041
16458,-99.67041
16459,-99.609375
16460,-99.57886
16461,-99.487305
16462,-99.70093
16463,-99.609375
16464,-99.57886
16465,-99.70093
16466,-99.67041
16467,-99.67041
16468,-99.487305
16469,-99.51782
16470,-99.51782
16471,-99.63989
16472,-99.609375
16473,-99.63989
16474,-99.57886
16475,-99.51782
16476,-99.609375
16477,-99.45679
16478,-99.731445
16479,-99.51782
16480,-99.70093
16481,-99.70093
16482,-99.45679
16483,-99.51782
16484,-99.70093
16485,-99.67041
16486,-99.67041
16487,-99.63989
16488,-99.67041
16489,-99.67041
16490,-99.45679
16491,-99.487305
16492,-99.609375
16493,-99.27368
16494,-99.609375
16495,-99.487305
16496,-99.39575
16497,-99.63989
16498,-99.67041
16499,-99.70093
16500,-99.51782
16501,-99.76196
16502,-99.57886
16503,-99.67041
16504,-99.51782
16505,-99.42627
16506,-99.3042
16507,-99.57886
16508,-99.609375
16509,-99.67041
16510,-99.70093
16511,-99.731445
16512,-99.609375
16513,-99.63989
16514,-99.76196
16515,-99.70093
16516,-99.57886
16517,-99.70093
16518,-99.63989
16519,-99.63989
16520,-99.51782
16521,-99.487305
16522,-99.63989
16523,-99.67041
16524,-99.27368
16525,-99.76196
16526,-99.45679
16527,-99.76196
16528,-99.365234
16529,-99.51782
16530,-99.487305
16531,-99.63989
16532,-99.609375
16533,-99.63989
16534,-99.609375
16535,-99.51782
16536,-99.57886
16537,-99.57886
16538,-99.609375
16539,-99.63989
16540,-99.67041
16541,-99.51782
16542,-99.39575
16543,-99.70093
16544,-99.609375
16545,-99.51782
16546,-99.63989
16547,-99.609375
16548,-99.63989
16549,-99.67041
16550,-99.70093
16551,-99.51782
16552,-99.365234
16553,-99.67041
16554,-99.731445
16555,-99.63989
16556,-99.76196
16557,-99.67041
16558,-99.63989
16559,-99.67041
16560,-99.609375
16561,-99.57886
16562,-99.609375
16563,-99.731445
16564,-99.51782
16565,-99.823
16566,-99.79248
16567,-99.39575
16568,-99.42627
16569,-99.63989
16570,-99.67041
16571,-99.63989
16572,-99.63989
16573,-99.70093
16574,-99.67041
16575,-99.63989
16576,-99.57886
16577,-99.609375
16578,-99.823
16579,-99.57886
16580,-99.70093
16581,-99.57886
16582,-99.3042
16583,-99.609375
16584,-99.63989
16585,-99.39575
16586,-99.3042
16587,-99.51782
16588,-99.609375
16589,-99.63989
16590,-99.70093
16591,-99.63989
16592,-99.67041
16593,-99.67041
16594,-99.609375
16595,-99.88403
16596,-99.63989
16597,-99.70093
16598,-99.63989
16599,-99.67041
16600,-99.51782
16601,-99.57886
16602,-99.63989
16603,-99.609375
16604,-99.88403
16605,-99.45679
16606,-99.67041
16607,-99.487305
16608,-99.63989
16609,-99.51782
16610,-99.70093
16611,-99.57886
16612,-99.67041
16613,-99.487305
16614,-99.609375
16615,-99.27368
16616,-99.51782
16617,-99.487305
16618,-99.70093
16619,-99.63989
16620,-99.609375
16621,-99.51782
16622,-99.67041
16623,-99.57886
16624,-99.45679
16625,-99.70093
16626,-99.70093
16627,-99.609375
16628,-99.67041
16629,-99.609375
16630,-99.45679
16631,-99.63989
16632,-99.63989
16633,-99.67041
16634,-99.609375
16635,-99.70093
16636,-99.63989
16637,-99.609375
16638,-99.67041
16639,-99.67041
16640,-99.67041
16641,-99.70093
16642,-99.57886
16643,-99.3042
16644,-99.67041
16645,-99.70093
16646,-99.67041
16647,-99.731445
16648,-99.67041
16649,-99.67041
16650,-99.70093
16651,-99.67041
16652,-99.609375
16653,-99.63989
16654,-99.57886
16655,-99.67041
16656,-99.57886
16657,-99.70093
16658,-99.67041
16659,-99.63989
16660,-99.609375
16661,-99.67041
16662,-99.609375
16663,-99.63989
16664,-99.63989
16665,-99.63989
16666,-99.70093
16667,-99.70093
16668,-99.823
16669,-99.63989
16670,-99.487305
16671,-99.609375
16672,-99.67041
16673,-99.609375
16674,-99.67041
16675,-99.609375
16676,-99.609375
16677,-99.487305
16678,-99.609375
16679,-99.51782
16680,-99.70093
16681,-99.609375
16682,-99.57886
16683,-99.609375
16684,-99.67041
16685,-99.57886
16686,-99.609375
16687,-99.67041
16688,-99.70093
16689,-99.70093
16690,-99.67041
16691,-99.609375
16692,-99.42627
16693,-99.487305
16694,-99.67041
16695,-99.63989
16696,-99.609375
16697,-99.67041
16698,-99.63989
16699,-99.609375
16700,-99.33472
16701,-99.51782
16702,-99.70093
16703,-99.57886
16704,-99.79248
16705,-99.67041
16706,-99.67041
16707,-99.57886
16708,-99.57886
16709,-99.487305
16710,-99.609375
16711,-99.63989
16712,-99.70093
16713,-99.63989
16714,-99.63989
16715,-99.67041
16716,-99.67041
16717,-99.609375
16718,-99.51782
16719,-99.365234
16720,-99.63989
16721,-99.70093
16722,-99.63989
16723,-99.94507
16724,-99.76196
16725,-99.70093
16726,-99.70093
16727,-99.70093
16728,-99.67041
16729,-99.853516
16730,-99.67041
16731,-99.67041
16732,-99.70093
16733,-99.731445
16734,-99.42627
16735,-99.487305
16736,-99.67041
16737,-99.63989
16738,-99.609375
16739,-99.57886
16740,-99.3042
16741,-99.79248
16742,-99.609375
16743,-99.609375
16744,-99.45679
16745,-99.731445
16746,-99.67041
16747,-99.51782
16748,-99.39575
16749,-99.45679
16750,-99.487305
16751,-99.609375
16752,-99.609375
16753,-99.609375
16754,-99.67041
16755,-99.57886
16756,-99.57886
16757,-99.487305
16758,-99.365234
16759,-99.823
16760,-99.57886
16761,-99.63989
16762,-99.609375
16763,-99.21265
16764,-99.67041
16765,-99.609375
16766,-99.63989
16767,-99.67041
16768,-99.731445
16769,-99.45679
16770,-99.67041
16771,-99.70093
16772,-99.27368
16773,-99.243164
16774,-99.88403
16775,-99.731445
16776,-99.731445
16777,-99.63989
16778,-99.731445
16779,-99.63989
16780,-99.67041
16781,-99.731445
16782,-99.67041
16783,-99.63989
16784,-99.63989
16785,-99.79248
16786,-99.3042
16787,-99.487305
16788,-99.609375
16789,-99.63989
16790,-99.70093
16791,-99.67041
16792,-99.67041
16793,-99.45679
16794,-99.487305
16795,-99.51782
16796,-99.67041
16797,-99.70093
16798,-99.63989
16799,-99.67041
16800,-99.45679
16801,-99.51782
16802,-99.67041
16803,-99.67041
16804,-99.63989
16805,-99.70093
16806,-99.853516
16807,-99.487305
16808,-99.487305
16809,-99.57886
16810,-99.609375
16811,-99.609375
16812,-99.70093
16813,-99.731445
16814,-99.70093
16815,-99.67041
16816,-99.57886
16817,-99.42627
16818,-99.57886
16819,-99.63989
16820,-99.63989
16821,-99.63989
16822,-99.609375
16823,-99.487305
16824,-99.63989
16825,-99.51782
16826,-99.57886
16827,-99.63989
16828,-99.70093
16829,-99.731445
16830,-99.487305
16831,-99.57886
16832,-99.243164
16833,-99.76196
16834,-99.79248
16835,-99.27368
16836,-99.609375
16837,-99.39575
16838,-99.67041
16839,-99.63989
16840,-99.63989
16841,-99.33472
16842,-99.63989
16843,-99.63989
16844,-99.51782
16845,-99.33472
16846,-99.63989
16847,-99.51782
16848,-99.609375
16849,-99.67041
16850,-99.731445
16851,-99.70093
16852,-99.70093
16853,-99.731445
16854,-99.67041
16855,-99.70093
16856,-99.70093
16857,-99.67041
16858,-99.51782
16859,-99.91455
16860,-99.88403
16861,-99.70093
16862,-99.51782
16863,-99.70093
16864,-99.67041
16865,-99.609375
16866,-99.609375
16867,-99.63989
16868,-99.63989
16869,-99.487305
16870,-99.63989
16871,-99.609375
16872,-99.42627
16873,-99.243164
16874,-99.63989
16875,-99.51782
16876,-99.42627
16877,-99.70093
16878,-99.76196
16879,-99.63989
16880,-99.487305
16881,-99.76196
16882,-99.731445
16883,-99.67041
16884,-99.33472
16885,-99.487305
16886,-99.76196
16887,-99.243164
16888,-99.33472
16889,-99.57886
16890,-99.63989
16891,-99.57886
16892,-99.57886
16893,-99.51782
16894,-99.45679
16895,-99.609375
16896,-99.67041
16897,-99.70093
16898,-99.731445
16899,-99.67041
16900,-99.45679
16901,-99.76196
16902,-99.70093
16903,-99.609375
16904,-99.63989
16905,-99.63989
16906,-99.67041
16907,-99.79248
16908,-99.57886
16909,-99.365234
16910,-99.63989
16911,-99.609375
16912,-99.609375
16913,-99.57886
16914,-99.609375
16915,-99.51782
16916,-99.42627
16917,-99.63989
16918,-99.63989
16919,-99.609375
16920,-99.70093
16921,-99.57886
16922,-99.609375
16923,-99.63989
16924,-99.67041
16925,-99.45679
16926,-99.487305
16927,-99.609375
16928,-99.63989
16929,-99.609375
16930,-99.70093
16931,-99.67041
16932,-99.63989
16933,-99.70093
16934,-99.731445
16935,-99.67041
16936,-99.609375
16937,-99.63989
16938,-99.365234
16939,-99.70093
16940,-99.70093
16941,-99.67041
16942,-99.39575
16943,-99.731445
16944,-99.70093
16945,-99.67041
16946,-99.67041
16947,-99.63989
16948,-99.67041
16949,-99.57886
16950,-99.70093
16951,-99.731445
16952,-99.88403
16953,-99.3042
16954,-99.365234
16955,-99.609375
16956,-99.76196
16957,-99.731445
16958,-99.70093
16959,-99.67041
16960,-99.51782
16961,-99.57886
16962,-99.487305
16963,-99.67041
16964,-99.63989
16965,-99.51782
16966,-99.42627
16967,-99.609375
16968,-99.63989
16969,-99.63989
16970,-99.731445
16971,-99.70093
16972,-99.67041
16973,-99.63989
16974,-99.70093
16975,-99.731445
16976,-99.63989
16977,-99.51782
16978,-99.57886
16979,-99.3042
16980,-99.63989
16981,-99.63989
16982,-99.51782
16983,-99.487305
16984,-99.70093
16985,-99.609375
16986,-99.67041
16987,-99.70093
16988,-99.70093
16989,-99.63989
16990,-99.27368
16991,-99.45679
16992,-99.365234
16993,-99.45679
16994,-99.51782
16995,-99.27368
16996,-99.76196
16997,-99.42627
16998,-99.70093
16999,-99.67041
17000,-99.609375
17001,-99.3042
17002,-99.63989
17003,-99.609375
17004,-99.42627
17005,-99.57886
17006,-99.18213
17007,-99.57886
17008,-99.63989
17009,-99.57886
17010,-99.63989
17011,-99.70093
17012,-99.609375
17013,-99.67041
17014,-99.63989
17015,-99.609375
17016,-99.70093
17017,-99.57886
17018,-99.21265
17019,-99.731445
17020,-99.67041
17021,-99.63989
17022,-99.487305
17023,-99.76196
17024,-99.67041
17025,-99.609375
17026,-99.63989
17027,-99.67041
17028,-99.67041
17029,-99.853516
17030,-99.57886
17031,-99.67041
17032,-99.33472
17033,-99.67041
17034,-99.70093
17035,-99.21265
17036,-99.243164
17037,-99.51782
17038,-99.487305
17039,-99.70093
17040,-99.70093
17041,-99.45679
17042,-99.70093
17043,-99.731445
17044,-99.609375
17045,-99.45679
17046,-99.51782
17047,-99.67041
17048,-99.63989
17049,-99.731445
17050,-99.70093
17051,-99.731445
17052,-99.67041
17053,-99.67041
17054,-99.70093
17055,-99.70093
17056,-99.70093
17057,-99.63989
17058,-99.57886
17059,-99.33472
17060,-99.609375
17061,-99.70093
17062,-99.70093
17063,-99.3042
17064,-99.70093
17065,-99.76196
17066,-99.67041
17067,-99.70093
17068,-99.70093
17069,-99.365234
17070,-99.609375
17071,-99.57886
17072,-99.57886
17073,-99.57886
17074,-99.487305
17075,-99.57886
17076,-99.39575
17077,-99.731445
17078,-99.609375
17079,-99.70093
17080,-99.67041
17081,-99.42627
17082,-99.45679
17083,-99.67041
17084,-99.63989
17085,-99.57886
17086,-99.42627
17087,-99.63989
17088,-99.67041
17089,-99.70093
17090,-99.67041
17091,-99.70093
17092,-99.70093
17093,-99.63989
17094,-99.70093
17095,-99.70093
17096,-99.63989
17097,-99.57886
17098,-99.27368
17099,-99.70093
17100,-99.67041
17101,-99.63989
17102,-99.67041
17103,-99.487305
17104,-99.67041
17105,-99.63989
17106,-99.63989
17107,-99.70093
17108,-99.731445
17109,-99.76196
17110,-99.33472
17111,-99.57886
17112,-99.487305
17113,-99.63989
17114,-99.609375
17115,-99.487305
17116,-99.39575
17117,-99.487305
17118,-99.487305
17119,-99.67041
17120,-99.70093
17121,-99.609375
17122,-99.39575
17123,-99.609375
17124,-99.63989
17125,-99.67041
17126,-99.487305
17127,-99.67041
17128,-99.67041
17129,-99.609375
17130,-99.70093
17131,-99.67041
17132,-99.609375
17133,-99.63989
17134,-99.63989
17135,-99.63989
17136,-99.63989
17137,-99.67041
17138,-99.51782
17139,-99.63989
17140,-99.731445
17141,-99.70093
17142,-99.63989
17143,-99.45679
17144,-99.70093
17145,-99.67041
17146,-99.70093
17147,-99.823
17148,-99.823
17149,-99.57886
17150,-99.487305
17151,-99.609375
17152,-99.63989
17153,-99.63989
17154,-99.63989
17155,-99.609375
17156,-99.487305
17157,-99.63989
17158,-99.731445
17159,-99.57886
17160,-99.67041
17161,-99.63989
17162,-99.57886
17163,-99.823
17164,-99.67041
17165,-99.57886
17166,-99.63989
17167,-99.67041
17168,-99.731445
17169,-99.70093
17170,-99.57886
17171,-99.609375
17172,-99.45679
17173,-99.487305
17174,-99.63989
17175,-99.609375
17176,-99.67041
17177,-99.63989
17178,-99.609375
17179,-99.487305
17180,-99.21265
17181,-99.63989
17182,-99.63989
17183,-99.487305
17184,-99.609375
17185,-99.67041
17186,-99.609375
17187,-99.67041
17188,-99.3042
17189,-99.70093
17190,-99.487305
17191,-99.63989
17192,-99.45679
17193,-99.487305
17194,-99.67041
17195,-99.609375
17196,-99.63989
17197,-99.33472
17198,-99.67041
17199,-99.70093
17200,-99.731445
17201,-99.609375
17202,-99.27368
17203,-99.70093
17204,-99.63989
17205,-99.63989
17206,-99.51782
17207,-99.609375
17208,-99.67041
17209,-99.67041
17210,-99.609375
17211,-99.57886
17212,-99.88403
17213,-99.76196
17214,-99.63989
17215,-99.63989
17216,-99.63989
17217,-99.67041
17218,-99.609375
17219,-99.51782
17220,-99.51782
17221,-99.63989
17222,-99.67041
17223,-99.609375
17224,-99.57886
17225,-99.70093
17226,-99.70093
17227,-99.76196
17228,-99.51782
17229,-99.487305
17230,-99.63989
17231,-99.67041
17232,-99.609375
17233,-99.67041
17234,-99.70093
17235,-99.63989
17236,-99.609375
17237,-99.67041
17238,-99.609375
17239,-99.18213
17240,-99.63989
17241,-99.609375
17242,-99.51782
17243,-99.853516
17244,-99.63989
17245,-99.609375
17246,-99.67041
17247,-99.67041
17248,-99.57886
17249,-99.79248
17250,-99.487305
17251,-99.51782
17252,-99.51782
17253,-99.51782
17254,-99.42627
17255,-99.487305
17256,-99.45679
17257,-99.70093
17258,-99.63989
17259,-99.67041
17260,-99.51782
17261,-99.33472
17262,-99.609375
17263,-99.609375
17264,-99.42627
17265,-99.57886
17266,-99.51782
17267,-99.57886
17268,-99.67041
17269,-99.67041
17270,-99.63989
17271,-99.63989
17272,-99.609375
17273,-99.57886
17274,-99.609375
17275,-99.63989
17276,-99.609375
17277,-99.67041
17278,-99.487305
17279,-99.731445
17280,-99.79248
17281,-99.731445
17282,-99.57886
17283,-99.76196
17284,-99.63989
17285,-99.67041
17286,-99.63989
17287,-99.609375
17288,-99.70093
17289,-99.79248
17290,-99.67041
17291,-99.51782
17292,-99.45679
17293,-99.731445
17294,-99.487305
17295,-99.63989
17296,-99.70093
17297,-99.70093
17298,-99.63989
17299,-99.63989
17300,-99.67041
17301,-99.70093
17302,-99.63989
17303,-99.45679
17304,-99.731445
17305,-99.67041
17306,-99.76196
17307,-99.70093
17308,-99.731445
17309,-99.21265
17310,-99.609375
17311,-99.63989
17312,-99.42627
17313,-99.45679
17314,-99.45679
17315,-99.33472
17316,-99.33472
17317,-99.63989
17318,-99.67041
17319,-99.70093
17320,-99.57886
17321,-99.63989
17322,-99.70093
17323,-99.731445
17324,-99.51782
17325,-99.63989
17326,-99.51782
17327,-99.487305
17328,-99.609375
17329,-99.67041
17330,-99.70093
17331,-99.63989
17332,-99.67041
17333,-99.63989
17334,-99.63989
17335,-99.51782
17336,-99.39575
17337,-99.67041
17338,-99.731445
17339,-99.67041
17340,-99.63989
17341,-99.487305
17342,-99.63989
17343,-99.67041
17344,-99.63989
17345,-99.67041
17346,-99.45679
17347,-99.609375
17348,-99.70093
17349,-99.67041
17350,-99.63989
17351,-99.823
17352,-99.731445
17353,-99.731445
17354,-99.70093
17355,-99.365234
17356,-99.487305
17357,-99.70093
17358,-99.63989
17359,-99.63989
17360,-99.51782
17361,-99.67041
17362,-99.731445
17363,-99.70093
17364,-99.94507
17365,-99.57886
17366,-99.487305
17367,-99.57886
17368,-99.33472
17369,-99.57886
17370,-99.57886
17371,-99.67041
17372,-99.70093
17373,-99.63989
17374,-99.51782
17375,-99.63989
17376,-99.487305
17377,-99.731445
17378,-99.88403
17379,-99.70093
17380,-99.67041
17381,-99.609375
17382,-99.51782
17383,-99.70093
17384,-99.57886
17385,-99.609375
17386,-99.57886
17387,-99.63989
17388,-99.67041
17389,-99.63989
17390,-99.823
17391,-99.57886
17392,-99.70093
17393,-99.487305
17394,-99.51782
17395,-99.731445
17396,-99.609375
17397,-99.79248
17398,-99.67041
17399,-99.63989
17400,-99.51782
17401,-99.57886
17402,-99.45679
17403,-99.63989
17404,-99.51782
17405,-99.33472
17406,-99.57886
17407,-99.63989
17408,-99.67041
17409,-99.70093
17410,-99.70093
17411,-99.57886
17412,-99.609375
17413,-99.57886
17414,-99.823
17415,-99.67041
17416,-99.731445
17417,-99.67041
17418,-99.67041
17419,-99.63989
17420,-99.823
17421,-99.76196
17422,-99.70093
17423,-99.51782
17424,-99.51782
17425,-99.70093
17426,-99.731445
17427,-99.33472
17428,-99.609375
17429,-99.70093
17430,-99.70093
17431,-99.70093
17432,-99.731445
17433,-99.67041
17434,-99.70093
17435,-99.609375
17436,-99.67041
17437,-99.63989
17438,-99.67041
17439,-99.70093
17440,-99.42627
17441,-99.609375
17442,-99.63989
17443,-99.731445
17444,-99.33472
17445,-99.63989
17446,-99.88403
17447,-99.51782
17448,-99.57886
17449,-99.63989
17450,-99.63989
17451,-99.67041
17452,-99.70093
17453,-99.70093
17454,-99.70093
17455,-99.70093
17456,-99.70093
17457,-99.63989
17458,-99.51782
17459,-99.609375
17460,-99.487305
17461,-99.67041
17462,-99.67041
17463,-99.63989
17464,-99.67041
17465,-99.57886
17466,-99.70093
17467,-99.365234
17468,-99.57886
17469,-99.70093
17470,-99.67041
17471,-99.67041
17472,-99.70093
17473,-99.67041
17474,-99.76196
17475,-99.70093
17476,-99.70093
17477,-99.63989
17478,-99.609375
17479,-99.609375
17480,-99.76196
17481,-99.609375
17482,-99.57886
17483,-99.365234
17484,-99.42627
17485,-99.45679
17486,-99.63989
17487,-99.731445
17488,-99.609375
17489,-99.67041
17490,-99.67041
17491,-99.70093
17492,-99.67041
17493,-99.70093
17494,-99.67041
17495,-99.609375
17496,-99.57886
17497,-99.51782
17498,-99.45679
17499,-99.45679
17500,-99.70093
17501,-99.731445
17502,-99.609375
17503,-99.63989
17504,-99.63989
17505,-99.63989
17506,-99.70093
17507,-99.70093
17508,-99.76196
17509,-99.51782
17510,-99.487305
17511,-99.51782
17512,-99.609375
17513,-99.57886
17514,-99.609375
17515,-99.609375
17516,-99.63989
17517,-99.609375
17518,-99.57886
17519,-99.42627
17520,-99.731445
17521,-99.67041
17522,-99.609375
17523,-99.67041
17524,-99.67041
17525,-99.70093
17526,-99.609375
17527,-99.67041
17528,-99.731445
17529,-99.67041
17530,-99.42627
17531,-99.487305
17532,-99.51782
17533,-99.51782
17534,-99.487305
17535,-99.243164
17536,-99.70093
17537,-99.67041
17538,-99.70093
17539,-99.67041
17540,-99.609375
17541,-99.63989
17542,-99.57886
17543,-99.70093
17544,-99.51782
17545,-99.67041
17546,-99.57886
17547,-99.67041
17548,-99.67041
17549,-99.609375
17550,-99.57886
17551,-99.21265
17552,-99.3042
17553,-99.63989
17554,-99.42627
17555,-99.609375
17556,-99.3042
17557,-99.70093
17558,-99.57886
17559,-99.67041
17560,-99.70093
17561,-99.63989
17562,-99.27368
17563,-99.51782
17564,-99.63989
17565,-99.57886
17566,-99.609375
17567,-99.70093
17568,-99.57886
17569,-99.63989
17570,-99.243164
17571,-99.3042
17572,-99.63989
17573,-99.609375
17574,-99.33472
17575,-99.33472
17576,-99.57886
17577,-99.51782
17578,-99.67041
17579,-99.67041
17580,-99.51782
17581,-99.88403
17582,-99.51782
17583,-99.70093
17584,-99.487305
17585,-99.609375
17586,-99.67041
17587,-99.63989
17588,-99.731445
17589,-99.63989
17590,-99.57886
17591,-99.487305
17592,-99.27368
17593,-99.88403
17594,-99.823
17595,-99.51782
17596,-99.79248
17597,-99.731445
17598,-99.67041
17599,-99.70093
17600,-99.731445
17601,-99.51782
17602,-99.63989
17603,-99.76196
17604,-99.731445
17605,-99.609375
17606,-99.63989
17607,-99.63989
17608,-99.67041
17609,-99.45679
17610,-99.63989
17611,-99.609375
17612,-99.731445
17613,-99.76196
17614,-99.63989
17615,-99.731445
17616,-99.45679
17617,-99.70093
17618,-99.731445
17619,-99.609375
17620,-99.57886
17621,-99.487305
17622,-99.70093
17623,-99.57886
17624,-99.51782
17625,-99.243164
17626,-99.63989
17627,-99.51782
17628,-99.67041
17629,-99.67041
17630,-99.731445
17631,-99.63989
17632,-99.45679
17633,-99.76196
17634,-99.57886
17635,-99.609375
17636,-99.63989
17637,-99.70093
17638,-99.67041
17639,-99.57886
17640,-99.3042
17641,-99.609375
17642,-99.609375
17643,-99.51782
17644,-99.823
17645,-99.487305
17646,-99.79248
17647,-99.63989
17648,-99.51782
17649,-99.70093
17650,-99.63989
17651,-99.70093
17652,-99.70093
17653,-99.67041
17654,-99.67041
17655,-99.70093
17656,-99.67041
17657,-99.609375
17658,-99.609375
17659,-99.63989
17660,-99.63989
17661,-99.70093
17662,-99.63989
17663,-99.33472
17664,-99.609375
17665,-99.67041
17666,-99.487305
17667,-99.39575
17668,-99.57886
17669,-99.57886
17670,-99.63989
17671,-99.70093
17672,-99.70093
17673,-99.70093
17674,-99.67041
17675,-99.63989
17676,-99.70093
17677,-99.70093
17678,-99.63989
17679,-99.609375
17680,-99.79248
17681,-99.63989
17682,-99.609375
17683,-99.609375
17684,-99.57886
17685,-99.39575
17686,-99.79248
17687,-99.3042
17688,-99.609375
17689,-99.609375
17690,-99.63989
17691,-99.63989
17692,-99.67041
17693,-99.609375
17694,-99.70093
17695,-99.63989
17696,-99.57886
17697,-99.67041
17698,-99.67041
17699,-99.57886
17700,-99.67041
17701,-99.67041
17702,-99.67041
17703,-99.63989
17704,-99.79248
17705,-99.609375
17706,-99.853516
17707,-99.45679
17708,-99.63989
17709,-99.70093
17710,-99.67041
17711,-99.76196
17712,-99.731445
17713,-99.70093
17714,-99.63989
17715,-99.63989
17716,-99.731445
17717,-99.70093
17718,-99.70093
17719,-99.45679
17720,-99.609375
17721,-99.731445
17722,-99.67041
17723,-99.51782
17724,-99.63989
17725,-99.67041
17726,-99.487305
17727,-99.51782
17728,-99.67041
17729,-99.609375
17730,-99.63989
17731,-99.67041
17732,-99.70093
17733,-99.70093
17734,-99.67041
17735,-99.63989
17736,-99.67041
17737,-99.57886
17738,-99.609375
17739,-99.42627
17740,-99.609375
17741,-99.731445
17742,-99.609375
17743,-99.67041
17744,-99.70093
17745,-99.67041
17746,-99.67041
17747,-99.609375
17748,-99.70093
17749,-99.67041
17750,-99.609375
17751,-99.609375
17752,-99.609375
17753,-99.609375
17754,-99.27368
17755,-99.21265
17756,-99.51782
17757,-99.42627
17758,-99.731445
17759,-99.63989
17760,-99.57886
17761,-99.51782
17762,-99.63989
17763,-99.609375
17764,-99.51782
17765,-99.18213
17766,-99.63989
17767,-99.57886
17768,-99.67041
17769,-99.70093
17770,-99.70093
17771,-99.70093
17772,-99.731445
17773,-99.67041
17774,-99.70093
17775,-99.63989
17776,-99.63989
17777,-99.63989
17778,-99.609375
17779,-99.18213
17780,-99.487305
17781,-99.67041
17782,-99.67041
17783,-99.70093
17784,-99.609375
17785,-99.63989
17786,-99.70093
17787,-99.731445
17788,-99.487305
17789,-99.70093
17790,-99.487305
17791,-99.731445
17792,-99.365234
17793,-99.365234
17794,-99.70093
17795,-99.609375
17796,-99.853516
17797,-99.67041
17798,-99.70093
17799,-99.70093
17800,-99.67041
17801,-99.487305
17802,-99.731445
17803,-99.67041
17804,-99.3042
17805,-99.57886
17806,-99.487305
17807,-99.609375
17808,-99.70093
17809,-99.70093
17810,-99.70093
17811,-99.609375
17812,-99.67041
17813,-99.70093
17814,-99.67041
17815,-99.67041
17816,-99.57886
17817,-99.51782
17818,-99.91455
17819,-99.45679
17820,-99.731445
17821,-99.70093
17822,-99.609375
17823,-99.67041
17824,-99.70093
17825,-99.70093
17826,-99.731445
17827,-99.57886
17828,-99.243164
17829,-99.39575
17830,-99.51782
17831,-99.57886
17832,-99.70093
17833,-99.63989
17834,-99.609375
17835,-99.609375
17836,-99.63989
17837,-99.609375
17838,-99.76196
17839,-99.609375
17840,-99.67041
17841,-99.57886
17842,-99.76196
17843,-99.70093
17844,-99.67041
17845,-99.70093
17846,-99.731445
17847,-99.731445
17848,-99.63989
17849,-99.70093
17850,-99.63989
17851,-99.63989
17852,-99.731445
17853,-99.487305
17854,-99.731445
17855,-99.731445
17856,-99.67041
17857,-99.67041
17858,-99.63989
17859,-99.609375
17860,-99.243164
17861,-99.67041
17862,-99.67041
17863,-99.63989
17864,-99.67041
17865,-99.63989
17866,-99.67041
17867,-99.609375
17868,-99.51782
17869,-99.63989
17870,-99.609375
17871,-99.67041
17872,-99.76196
17873,-99.67041
17874,-99.63989
17875,-99.609375
17876,-99.63989
17877,-99.70093
17878,-99.609375
17879,-99.609375
17880,-99.731445
17881,-99.70093
17882,-99.731445
17883,-99.45679
17884,-99.57886
17885,-99.51782
17886,-99.731445
17887,-99.487305
17888,-99.487305
17889,-99.67041
17890,-99.70093
17891,-99.70093
17892,-99.67041
17893,-99.70093
17894,-99.731445
17895,-99.67041
17896,-99.70093
17897,-99.51782
17898,-99.365234
17899,-99.67041
17900,-99.70093
17901,-99.609375
17902,-99.609375
17903,-99.51782
17904,-99.63989
17905,-99.63989
17906,-99.731445
17907,-99.63989
17908,-99.609375
17909,-99.39575
17910,-99.51782
17911,-99.487305
17912,-99.609375
17913,-99.51782
17914,-99.487305
17915,-99.57886
17916,-99.57886
17917,-99.27368
17918,-99.487305
17919,-99.63989
17920,-99.609375
17921,-99.57886
17922,-99.243164
17923,-99.57886
17924,-99.70093
17925,-99.67041
17926,-99.67041
17927,-99.70093
17928,-99.57886
17929,-99.67041
17930,-99.853516
17931,-99.63989
17932,-99.39575
17933,-99.57886
17934,-99.42627
17935,-99.51782
17936,-99.57886
17937,-99.57886
17938,-99.731445
17939,-99.76196
17940,-99.63989
17941,-99.27368
17942,-99.731445
17943,-99.609375
17944,-99.57886
17945,-99.365234
17946,-99.51782
17947,-99.70093
17948,-99.67041
17949,-99.63989
17950,-99.609375
17951,-99.70093
17952,-99.57886
17953,-99.42627
17954,-99.42627
17955,-99.70093
17956,-99.76196
17957,-99.70093
17958,-99.67041
17959,-99.70093
17960,-99.63989
17961,-99.63989
17962,-99.51782
17963,-99.70093
17964,-99.67041
17965,-99.67041
17966,-99.609375
17967,-99.67041
17968,-99.63989
17969,-99.487305
17970,-99.731445
17971,-99.70093
17972,-99.487305
17973,-99.57886
17974,-99.3042
17975,-99.45679
17976,-99.51782
17977,-99.609375
17978,-99.731445
17979,-99.63989
17980,-99.609375
17981,-99.51782
17982,-99.67041
17983,-99.70093
17984,-99.609375
17985,-99.57886
17986,-99.67041
17987,-99.731445
17988,-99.67041
17989,-99.57886
17990,-99.57886
17991,-99.27368
17992,-99.63989
17993,-99.609375
17994,-99.39575
17995,-99.731445
17996,-99.67041
17997,-99.51782
17998,-99.67041
17999,-99.731445
18000,-99.51782
18001,-99.57886
18002,-99.487305
18003,-99.63989
18004,-99.609375
18005,-99.63989
18006,-99.63989
18007,-99.63989
18008,-99.63989
18009,-99.63989
18010,-99.51782
18011,-99.57886
18012,-99.67041
18013,-99.853516
18014,-99.243164
18015,-99.67041
18016,-99.45679
18017,-99.67041
18018,-99.70093
18019,-99.70093
18020,-99.63989
18021,-99.3042
18022,-99.76196
18023,-99.67041
18024,-99.63989
18025,-99.33472
18026,-99.63989
18027,-99.609375
18028,-99.63989
18029,-99.609375
18030,-99.67041
18031,-99.70093
18032,-99.70093
18033,-99.731445
18034,-99.609375
18035,-99.67041
18036,-99.67041
18037,-99.70093
18038,-99.57886
18039,-99.33472
18040,-99.45679
18041,-99.70093
18042,-99.67041
18043,-99.63989
18044,-99.70093
18045,-99.63989
18046,-99.76196
18047,-99.79248
18048,-99.63989
18049,-99.51782
18050,-99.63989
18051,-99.57886
18052,-99.609375
18053,-99.609375
18054,-99.70093
18055,-99.42627
18056,-99.243164
18057,-99.365234
18058,-99.70093
18059,-99.67041
18060,-99.609375
18061,-99.365234
18062,-99.45679
18063,-99.63989
18064,-99.609375
18065,-99.609375
18066,-99.63989
18067,-99.63989
18068,-99.731445
18069,-99.63989
18070,-99.63989
18071,-99.51782
18072,-99.67041
18073,-99.853516
18074,-99.67041
18075,-99.487305
18076,-99.51782
18077,-99.63989
18078,-99.67041
18079,-99.63989
18080,-99.45679
18081,-99.63989
18082,-99.67041
18083,-99.63989
18084,-99.39575
18085,-99.63989
18086,-99.45679
18087,-99.70093
18088,-99.63989
18089,-99.63989
18090,-99.70093
18091,-99.57886
18092,-99.79248
18093,-99.823
18094,-99.57886
18095,-99.67041
18096,-99.67041
18097,-99.67041
18098,-99.609375
18099,-99.63989
18100,-99.823
18101,-99.63989
18102,-99.67041
18103,-99.51782
18104,-99.487305
18105,-99.487305
18106,-99.76196
18107,-99.45679
18108,-99.67041
18109,-99.51782
18110,-99.609375
18111,-99.67041
18112,-99.63989
18113,-99.67041
18114,-99.63989
18115,-99.57886
18116,-99.609375
18117,-99.57886
18118,-99.67041
18119,-99.67041
18120,-99.731445
18121,-99.609375
18122,-99.243164
18123,-99.70093
18124,-99.67041
18125,-99.57886
18126,-99.609375
18127,-99.70093
18128,-99.63989
18129,-99.70093
18130,-99.731445
18131,-99.39575
18132,-99.88403
18133,-99.63989
18134,-99.57886
18135,-99.45679
18136,-99.57886
18137,-99.67041
18138,-99.63989
18139,-99.51782
18140,-99.39575
18141,-99.70093
18142,-99.70093
18143,-99.609375
18144,-99.823
18145,-99.609375
18146,-99.609375
18147,-99.609375
18148,-99.63989
18149,-99.731445
18150,-99.70093
18151,-99.67041
18152,-99.45679
18153,-99.70093
18154,-99.609375
18155,-99.51782
18156,-99.609375
18157,-99.63989
18158,-99.63989
18159,-99.57886
18160,-99.57886
18161,-99.42627
18162,-99.67041
18163,-99.57886
18164,-99.76196
18165,-99.42627
18166,-99.609375
18167,-99.609375
18168,-99.63989
18169,-99.67041
18170,-99.63989
18171,-99.67041
18172,-99.67041
18173,-99.67041
18174,-99.609375
18175,-99.609375
18176,-99.67041
18177,-99.487305
18178,-99.33472
18179,-99.57886
18180,-99.67041
18181,-99.51782
18182,-99.63989
18183,-99.51782
18184,-99.57886
18185,-99.70093
18186,-99.70093
18187,-99.70093
18188,-99.79248
18189,-99.487305
18190,-99.45679
18191,-99.823
18192,-99.731445
18193,-99.853516
18194,-99.243164
18195,-99.67041
18196,-99.63989
18197,-99.609375
18198,-99.67041
18199,-99.609375
18200,-99.57886
18201,-99.731445
18202,-99.67041
18203,-99.67041
18204,-99.45679
18205,-99.57886
18206,-99.45679
18207,-99.57886
18208,-99.609375
18209,-99.63989
18210,-99.67041
18211,-99.70093
18212,-99.70093
18213,-99.67041
18214,-99.67041
18215,-99.70093
18216,-99.63989
18217,-99.67041
18218,-99.27368
18219,-99.70093
18220,-99.63989
18221,-99.70093
18222,-99.42627
18223,-99.823
18224,-99.67041
18225,-99.63989
18226,-99.67041
18227,-99.609375
18228,-99.45679
18229,-99.609375
18230,-99.487305
18231,-99.57886
18232,-99.609375
18233,-99.57886
18234,-99.609375
18235,-99.609375
18236,-99.487305
18237,-99.67041
18238,-99.731445
18239,-99.365234
18240,-99.63989
18241,-99.57886
18242,-99.33472
18243,-99.609375
18244,-99.63989
18245,-99.67041
18246,-99.70093
18247,-99.70093
18248,-99.45679
18249,-99.70093
18250,-99.853516
18251,-99.3042
18252,-99.3042
18253,-99.487305
18254,-99.3042
18255,-99.51782
18256,-99.487305
18257,-99.67041
18258,-99.63989
18259,-99.51782
18260,-99.3042
18261,-99.70093
18262,-99.57886
18263,-99.39575
18264,-99.76196
18265,-99.731445
18266,-99.487305
18267,-99.57886
18268,-99.731445
18269,-99.70093
18270,-99.67041
18271,-99.67041
18272,-99.487305
18273,-99.51782
18274,-99.487305
18275,-99.67041
18276,-99.67041
18277,-99.67041
18278,-99.67041
18279,-99.70093
18280,-99.88403
18281,-99.51782
18282,-99.70093
18283,-99.487305
18284,-99.76196
18285,-99.76196
18286,-99.57886
18287,-99.63989
18288,-99.67041
18289,-99.70093
18290,-99.731445
18291,-99.70093
18292,-99.70093
18293,-99.67041
18294,-99.70093
18295,-99.63989
18296,-99.67041
18297,-99.51782
18298,-99.51782
18299,-99.609375
18300,-99.70093
18301,-99.67041
18302,-99.51782
18303,-99.609375
18304,-99.731445
18305,-99.67041
18306,-99.70093
18307,-99.823
18308,-99.67041
18309,-99.487305
18310,-99.63989
18311,-99.67041
18312,-99.63989
18313,-99.63989
18314,-99.609375
18315,-99.63989
18316,-99.45679
18317,-99.3042
18318,-99.487305
18319,-99.63989
18320,-99.70093
18321,-99.57886
18322,-99.731445
18323,-99.63989
18324,-99.63989
18325,-99.63989
18326,-99.609375
18327,-99.70093
18328,-99.823
18329,-99.51782
18330,-99.67041
18331,-99.3042
18332,-99.57886
18333,-99.365234
18334,-99.853516
18335,-99.731445
18336,-99.609375
18337,-99.731445
18338,-99.70093
18339,-99.63989
18340,-99.42627
18341,-99.70093
18342,-99.67041
18343,-99.609375
18344,-99.243164
18345,-99.27368
18346,-99.45679
18347,-99.67041
18348,-99.67041
18349,-99.67041
18350,-99.70093
18351,-99.79248
18352,-99.609375
18353,-99.70093
18354,-99.609375
18355,-99.609375
18356,-99.609375
18357,-99.70093
18358,-99.70093
18359,-99.63989
18360,-99.365234
18361,-99.63989
18362,-99.70093
18363,-99.51782
18364,-99.63989
18365,-99.45679
18366,-99.487305
18367,-99.57886
18368,-99.67041
18369,-99.609375
18370,-99.76196
18371,-99.63989
18372,-99.67041
18373,-99.70093
18374,-99.731445
18375,-99.70093
18376,-99.731445
18377,-99.67041
18378,-99.63989
18379,-99.823
18380,-99.731445
18381,-99.79248
18382,-99.63989
18383,-99.63989
18384,-99.63989
18385,-99.63989
18386,-99.67041
18387,-99.63989
18388,-99.42627
18389,-99.57886
18390,-99.63989
18391,-99.70093
18392,-99.70093
18393,-99.70093
18394,-99.67041
18395,-99.67041
18396,-99.67041
18397,-99.609375
18398,-99.57886
18399,-99.33472
18400,-99.45679
18401,-99.70093
18402,-99.609375
18403,-99.609375
18404,-99.76196
18405,-99.67041
18406,-99.487305
18407,-99.76196
18408,-99.27368
18409,-99.365234
18410,-99.42627
18411,-99.51782
18412,-99.63989
18413,-99.487305
18414,-99.42627
18415,-99.27368
18416,-99.67041
18417,-99.731445
18418,-99.67041
18419,-99.51782
18420,-99.63989
18421,-99.70093
18422,-99.63989
18423,-99.57886
18424,-99.63989
18425,-99.67041
18426,-99.70093
18427,-99.70093
18428,-99.33472
18429,-99.609375
18430,-99.45679
18431,-99.63989
18432,-99.487305
18433,-99.51782
18434,-99.45679
18435,-99.609375
18436,-99.21265
18437,-99.487305
18438,-99.67041
18439,-99.67041
18440,-99.487305
18441,-99.51782
18442,-99.67041
18443,-99.609375
18444,-99.33472
18445,-99.243164
18446,-99.57886
18447,-99.67041
18448,-99.63989
18449,-99.609375
18450,-99.609375
18451,-99.63989
18452,-99.70093
18453,-99.67041
18454,-99.57886
18455,-99.42627
18456,-99.88403
18457,-99.51782
18458,-99.67041
18459,-99.70093
18460,-99.609375
18461,-99.609375
18462,-99.731445
18463,-99.67041
18464,-99.365234
18465,-99.243164
18466,-99.57886
18467,-99.57886
18468,-99.63989
18469,-99.67041
18470,-99.731445
18471,-99.67041
18472,-99.70093
18473,-99.67041
18474,-99.70093
18475,-99.67041
18476,-99.70093
18477,-99.57886
18478,-99.609375
18479,-99.76196
18480,-99.70093
18481,-99.70093
18482,-99.609375
18483,-99.45679
18484,-99.70093
18485,-99.67041
18486,-99.63989
18487,-99.63989
18488,-99.63989
18489,-99.33472
18490,-99.365234
18491,-99.63989
18492,-99.63989
18493,-99.51782
18494,-99.51782
18495,-99.63989
18496,-99.67041
18497,-99.67041
18498,-99.63989
18499,-99.487305
18500,-99.853516
18501,-99.487305
18502,-99.67041
18503,-99.57886
18504,-99.57886
18505,-99.63989
18506,-99.57886
18507,-99.51782
18508,-99.63989
18509,-99.70093
18510,-99.70093
18511,-99.67041
18512,-99.67041
18513,-99.70093
18514,-99.67041
18515,-99.67041
18516,-99.63989
18517,-99.609375
18518,-99.39575
18519,-99.487305
18520,-99.63989
18521,-99.63989
18522,-99.42627
18523,-99.731445
18524,-99.63989
18525,-99.67041
18526,-99.63989
18527,-99.42627
18528,-99.67041
18529,-99.45679
18530,-99.609375
18531,-99.45679
18532,-99.487305
18533,-99.51782
18534,-99.45679
18535,-99.33472
18536,-99.487305
18537,-99.487305
18538,-99.63989
18539,-99.70093
18540,-99.365234
18541,-99.45679
18542,-99.70093
18543,-99.67041
18544,-99.3042
18545,-99.67041
18546,-99.42627
18547,-99.63989
18548,-99.63989
18549,-99.67041
18550,-99.63989
18551,-99.70093
18552,-99.67041
18553,-99.67041
18554,-99.67041
18555,-99.731445
18556,-99.731445
18557,-99.609375
18558,-99.609375
18559,-99.57886
18560,-99.731445
18561,-99.70093
18562,-99.487305
18563,-99.731445
18564,-99.63989
18565,-99.70093
18566,-99.63989
18567,-99.731445
18568,-99.487305
18569,-99.70093
18570,-99.70093
18571,-99.91455
18572,-99.51782
18573,-99.79248
18574,-99.70093
18575,-99.609375
18576,-99.70093
18577,-99.67041
18578,-99.51782
18579,-99.27368
18580,-99.70093
18581,-99.67041
18582,-99.487305
18583,-99.487305
18584,-99.70093
18585,-99.70093
18586,-99.487305
18587,-99.39575
18588,-99.45679
18589,-99.67041
18590,-99.609375
18591,-99.63989
18592,-99.57886
18593,-99.67041
18594,-99.67041
18595,-99.63989
18596,-99.487305
18597,-99.609375
18598,-99.487305
18599,-99.67041
18600,-99.63989
18601,-99.51782
18602,-99.70093
18603,-99.70093
18604,-99.63989
18605,-99.609375
18606,-99.67041
18607,-99.70093
18608,-99.487305
18609,-99.731445
18610,-99.88403
18611,-99.27368
18612,-99.51782
18613,-99.21265
18614,-99.487305
18615,-99.70093
18616,-99.67041
18617,-99.70093
18618,-99.42627
18619,-99.63989
18620,-99.79248
18621,-99.63989
18622,-99.27368
18623,-99.70093
18624,-99.67041
18625,-99.70093
18626,-99.67041
18627,-99.57886
18628,-99.51782
18629,-99.67041
18630,-99.63989
18631,-99.57886
18632,-99.51782
18633,-99.609375
18634,-99.39575
18635,-99.27368
18636,-99.609375
18637,-99.42627
18638,-99.70093
18639,-99.731445
18640,-99.57886
18641,-99.3042
18642,-99.70093
18643,-99.609375
18644,-99.487305
18645,-99.487305
18646,-99.57886
18647,-99.609375
18648,-99.67041
18649,-99.67041
18650,-99.63989
18651,-99.51782
18652,-99.609375
18653,-99.487305
18654,-99.731445
18655,-99.70093
18656,-99.67041
18657,-99.70093
18658,-99.45679
18659,-99.487305
18660,-99.487305
18661,-99.609375
18662,-99.57886
18663,-99.70093
18664,-99.67041
18665,-99.487305
18666,-99.45679
18667,-99.45679
18668,-99.609375
18669,-99.609375
18670,-99.609375
18671,-99.67041
18672,-99.70093
18673,-99.70093
18674,-99.67041
18675,-99.67041
18676,-99.51782
18677,-99.42627
18678,-99.63989
18679,-99.67041
18680,-99.63989
18681,-99.487305
18682,-99.731445
18683,-99.63989
18684,-99.51782
18685,-99.609375
18686,-99.67041
18687,-99.67041
18688,-99.67041
18689,-99.853516
18690,-99.731445
18691,-99.57886
18692,-99.609375
18693,-99.51782
18694,-99.609375
18695,-99.63989
18696,-99.67041
18697,-99.67041
18698,-99.63989
18699,-99.63989
18700,-99.67041
18701,-99.76196
18702,-99.609375
18703,-99.243164
18704,-99.487305
18705,-99.731445
18706,-99.76196
18707,-99.609375
18708,-99.609375
18709,-99.609375
18710,-99.67041
18711,-99.63989
18712,-99.731445
18713,-99.67041
18714,-99.67041
18715,-99.63989
18716,-99.57886
18717,-99.42627
18718,-99.88403
18719,-99.609375
18720,-99.67041
18721,-99.609375
18722,-99.76196
18723,-99.70093
18724,-99.70093
18725,-99.731445
18726,-99.70093
18727,-99.63989
18728,-99.70093
18729,-99.609375
18730,-99.88403
18731,-99.21265
18732,-99.3042
18733,-99.79248
18734,-99.76196
18735,-99.42627
18736,-99.63989
18737,-99.67041
18738,-99.57886
18739,-99.487305
18740,-99.609375
18741,-99.70093
18742,-99.51782
18743,-99.3042
18744,-99.609375
18745,-99.51782
18746,-99.27368
18747,-99.42627
18748,-99.609375
18749,-99.63989
18750,-99.67041
18751,-99.609375
18752,-99.67041
18753,-99.70093
18754,-99.63989
18755,-99.609375
18756,-99.487305
18757,-99.33472
18758,-99.67041
18759,-99.70093
18760,-99.67041
18761,-99.57886
18762,-99.42627
18763,-99.609375
18764,-99.609375
18765,-99.57886
18766,-99.57886
18767,-99.67041
18768,-99.63989
18769,-99.70093
18770,-99.609375
18771,-99.67041
18772,-99.63989
18773,-99.609375
18774,-99.63989
18775,-99.63989
18776,-99.70093
18777,-99.609375
18778,-99.39575
18779,-99.45679
18780,-99.70093
18781,-99.70093
18782,-99.365234
18783,-99.70093
18784,-99.79248
18785,-99.731445
18786,-99.70093
18787,-99.487305
18788,-99.51782
18789,-99.33472
18790,-99.39575
18791,-99.45679
18792,-99.45679
18793,-99.609375
18794,-99.27368
18795,-99.42627
18796,-99.731445
18797,-99.70093
18798,-99.67041
18799,-99.609375
18800,-99.51782
18801,-99.57886
18802,-99.70093
18803,-99.42627
18804,-99.33472
18805,-99.487305
18806,-99.39575
18807,-99.57886
18808,-99.67041
18809,-99.70093
18810,-99.63989
18811,-99.70093
18812,-99.67041
18813,-99.731445
18814,-99.63989
18815,-99.67041
18816,-99.609375
18817,-99.63989
18818,-99.487305
18819,-99.67041
18820,-99.63989
18821,-99.487305
18822,-99.487305
18823,-99.67041
18824,-99.609375
18825,-99.609375
18826,-99.731445
18827,-99.67041
18828,-99.42627
18829,-99.823
18830,-99.487305
18831,-99.67041
18832,-99.45679
18833,50.14038
18834,49.865723
18835,49.926758
18836,49.835205
18837,49.804688
18838,49.804688
18839,49.987793
18840,50.04883
18841,49.865723
18842,49.865723
18843,49.804688
18844,50.201416
18845,49.89624
18846,49.865723
18847,50.231934
18848,49.835205
18849,49.89624
18850,49.835205
18851,49.804688
18852,49.865723
18853,49.77417
18854,50.231934
18855,49.804688
18856,49.743652
18857,49.835205
18858,50.01831
18859,49.865723
18860,49.804688
18861,49.926758
18862,49.865723
18863,49.89624
18864,49.957275
18865,50.323486
18866,49.743652
18867,49.835205
18868,49.865723
18869,49.89624
18870,49.89624
18871,49.865723
18872,49.835205
18873,49.89624
18874,49.89624
18875,49.89624
18876,49.865723
18877,50.29297
18878,49.865723
18879,50.01831
18880,49.743652
18881,49.957275
18882,49.804688
18883,49.926758
18884,49.804688
18885,49.804688
18886,49.835205
18887,49.89624
18888,49.957275
18889,50.231934
18890,50.231934
18891,49.682617
18892,49.835205
18893,49.89624
18894,49.926758
18895,49.804688
18896,49.865723
18897,50.04883
18898,49.865723
18899,49.89624
18900,49.926758
18901,49.89624
18902,50.354004
18903,49.865723
18904,50.1709
18905,50.01831
18906,50.14038
18907,49.713135
18908,49.926758
18909,49.743652
18910,49.957275
18911,49.987793
18912,49.865723
18913,49.804688
18914,49.865723
18915,49.835205
18916,49.89624
18917,49.987793
18918,49.865723
18919,50.01831
18920,49.865723
18921,49.926758
18922,50.01831
18923,49.835205
18924,49.89624
18925,49.926758
18926,49.865723
18927,49.804688
18928,49.89624
18929,49.682617
18930,49.865723
18931,49.77417
18932,49.804688
18933,49.926758
18934,49.926758
18935,49.865723
18936,49.835205
18937,49.835205
18938,49.987793
18939,50.14038
18940,49.804688
18941,49.804688
18942,49.957275
18943,49.743652
18944,49.835205
18945,49.865723
18946,49.804688
18947,49.6521
18948,50.01831
18949,49.865723
18950,49.89624
18951,49.89624
18952,49.865723
18953,49.926758
18954,49.957275
18955,50.04883
18956,49.926758
18957,49.713135
18958,50.04883
18959,49.926758
18960,49.957275
18961,50.231934
18962,49.835205
18963,49.835205
18964,49.957275
18965,49.926758
18966,49.865723
18967,49.835205
18968,49.835205
18969,50.01831
18970,50.04883
18971,49.804688
18972,49.865723
18973,49.89624
18974,49.713135
18975,49.835205
18976,49.835205
18977,49.804688
18978,49.926758
18979,49.926758
18980,49.835205
18981,49.835205
18982,49.957275
18983,49.77417
18984,49.865723
18985,49.926758
18986,49.89624
18987,49.957275
18988,49.835205
18989,49.865723
18990,49.804688
18991,49.804688
18992,49.835205
18993,49.804688
18994,49.865723
18995,49.89624
18996,49.804688
18997,49.835205
18998,49.865723
18999,49.865723
19000,49.835205
19001,49.804688
19002,49.865723
19003,50.1709
19004,49.713135
19005,49.713135
19006,49.865723
19007,49.865723
19008,49.865723
19009,49.89624
19010,49.77417
19011,49.865723
19012,49.865723
19013,49.89624
19014,49.835205
19015,49.865723
19016,49.865723
19017,49.89624
19018,50.14038
19019,49.89624
19020,49.89624
19021,49.835205
19022,49.926758
19023,49.987793
19024,49.89624
19025,49.987793
19026,50.26245
19027,49.89624
19028,49.865723
19029,49.835205
19030,49.835205
19031,49.835205
19032,49.865723
19033,49.865723
19034,49.835205
19035,49.77417
19036,49.804688
19037,49.865723
19038,49.926758
19039,49.89624
19040,49.89624
19041,49.89624
19042,49.926758
19043,50.29297
19044,49.987793
19045,49.77417
19046,49.957275
19047,50.01831
19048,49.89624
19049,49.865723
19050,49.804688
19051,49.77417
19052,49.804688
19053,49.865723
19054,49.804688
19055,49.865723
19056,49.865723
19057,49.926758
19058,49.89624
19059,49.987793
19060,49.804688
19061,49.835205
19062,49.835205
19063,49.77417
19064,49.865723
19065,49.6521
19066,50.14038
19067,49.865723
19068,49.89624
19069,49.804688
19070,49.865723
19071,49.77417
19072,49.865723
19073,49.89624
19074,49.804688
19075,49.804688
19076,49.77417
19077,49.835205
19078,49.865723
19079,50.109863
19080,50.01831
19081,49.804688
19082,49.865723
19083,50.14038
19084,50.26245
19085,50.04883
19086,49.89624
19087,49.835205
19088,49.926758
19089,49.865723
19090,49.835205
19091,50.01831
19092,49.865723
19093,50.01831
19094,49.835205
19095,49.835205
19096,49.865723
19097,49.926758
19098,49.957275
19099,49.957275
19100,50.01831
19101,49.804688
19102,49.926758
19103,49.835205
19104,49.957275
19105,49.987793
19106,49.89624
19107,49.865723
19108,49.865723
19109,49.835205
19110,50.01831
19111,49.926758
19112,50.323486
19113,49.682617
19114,49.835205
19115,50.231934
19116,49.926758
19117,49.89624
19118,49.804688
19119,49.804688
19120,49.89624
19121,49.835205
19122,49.865723
19123,49.77417
19124,49.926758
19125,49.89624
19126,49.835205
19127,49.926758
19128,50.01831
19129,49.6521
19130,49.926758
19131,49.89624
19132,49.987793
19133,49.957275
19134,50.201416
19135,49.926758
19136,49.957275
19137,49.835205
19138,49.89624
19139,49.89624
19140,49.987793
19141,49.713135
19142,49.77417
19143,49.804688
19144,49.926758
19145,49.865723
19146,49.865723
19147,49.835205
19148,50.354004
19149,50.01831
19150,49.957275
19151,49.89624
19152,49.89624
19153,49.804688
19154,49.835205
19155,49.835205
19156,49.865723
19157,49.926758
19158,49.957275
19159,50.231934
19160,49.865723
19161,49.89624
19162,49.89624
19163,50.109863
19164,50.14038
19165,49.89624
19166,49.865723
19167,49.957275
19168,49.865723
19169,49.804688
19170,49.865723
19171,50.04883
19172,49.743652
19173,49.926758
19174,49.865723
19175,49.77417
19176,49.835205
19177,49.89624
19178,50.109863
19179,50.231934
19180,50.04883
19181,49.926758
19182,49.987793
19183,50.04883
19184,50.04883
19185,49.957275
19186,49.987793
19187,49.89624
19188,49.835205
19189,49.804688
19190,49.835205
19191,49.743652
19192,50.109863
19193,49.835205
19194,50.04883
19195,49.713135
19196,49.89624
19197,49.865723
19198,49.835205
19199,49.89624
19200,50.109863
19201,49.89624
19202,49.804688
19203,49.957275
19204,50.04883
19205,49.89624
19206,49.957275
19207,49.804688
19208,49.835205
19209,49.804688
19210,49.987793
19211,50.01831
19212,50.14038
19213,50.14038
19214,49.957275
19215,49.926758
19216,49.865723
19217,49.865723
19218,49.865723
19219,49.89624
19220,49.804688
19221,49.926758
19222,49.835205
19223,49.835205
19224,49.926758
19225,49.865723
19226,49.89624
19227,49.865723
19228,50.01831
19229,50.1709
19230,50.01831
19231,49.987793
19232,49.926758
19233,49.926758
19234,49.957275
19235,49.926758
19236,49.987793
19237,50.04883
19238,50.201416
19239,49.89624
19240,49.804688
19241,49.89624
19242,50.14038
19243,50.01831
19244,49.835205
19245,49.804688
19246,49.77417
19247,49.865723
19248,49.926758
19249,49.865723
19250,49.865723
19251,49.865723
19252,49.835205
19253,49.835205
19254,49.835205
19255,49.926758
19256,49.865723
19257,49.926758
19258,49.804688
19259,50.01831
19260,49.835205
19261,49.926758
19262,50.26245
19263,49.987793
19264,49.835205
19265,49.957275
19266,50.29297
19267,49.957275
19268,49.835205
19269,49.835205
19270,49.835205
19271,49.835205
19272,49.835205
19273,49.835205
19274,49.835205
19275,49.835205
19276,49.77417
19277,49.835205
19278,49.865723
19279,49.89624
19280,49.89624
19281,49.77417
19282,49.89624
19283,50.231934
19284,50.04883
19285,50.231934
19286,50.01831
19287,49.865723
19288,49.865723
19289,49.77417
19290,49.835205
19291,49.835205
19292,49.835205
19293,49.835205
19294,49.926758
19295,49.804688
19296,49.957275
19297,49.926758
19298,50.29297
19299,49.835205
19300,49.804688
19301,49.89624
19302,49.804688
19303,49.804688
19304,49.804688
19305,49.835205
19306,49.987793
19307,49.835205
19308,49.987793
19309,49.89624
19310,49.865723
19311,49.77417
19312,49.835205
19313,49.865723
19314,49.835205
19315,49.804688
19316,49.89624
19317,49.835205
19318,49.926758
19319,49.865723
19320,49.926758
19321,49.804688
19322,49.865723
19323,50.109863
19324,50.231934
19325,49.987793
19326,49.835205
19327,49.89624
19328,49.835205
19329,49.865723
19330,49.804688
19331,49.865723
19332,49.835205
19333,49.835205
19334,49.865723
19335,49.835205
19336,49.835205
19337,49.926758
19338,50.04883
19339,50.201416
19340,50.01831
19341,49.865723
19342,50.01831
19343,49.713135
19344,50.04883
19345,49.77417
19346,50.109863
19347,49.835205
19348,49.835205
19349,49.804688
19350,49.835205
19351,49.835205
19352,50.01831
19353,49.835205
19354,50.01831
19355,49.835205
19356,49.804688
19357,49.804688
19358,49.89624
19359,49.926758
19360,50.323486
19361,49.865723
19362,49.865723
19363,50.01831
19364,50.109863
19365,49.926758
19366,49.926758
19367,49.835205
19368,49.804688
19369,49.835205
19370,49.77417
19371,49.987793
19372,49.865723
19373,49.89624
19374,49.804688
19375,49.835205
19376,49.835205
19377,49.89624
19378,50.01831
19379,50.26245
19380,49.89624
19381,49.804688
19382,49.89624
19383,49.89624
19384,49.957275
19385,49.713135
19386,50.1709
19387,49.89624
19388,49.89624
19389,49.865723
19390,49.835205
19391,49.957275
19392,49.682617
19393,49.926758
19394,49.713135
19395,50.04883
19396,49.835205
19397,49.835205
19398,49.89624
19399,49.957275
19400,50.29297
19401,49.713135
19402,49.804688
19403,49.987793
19404,49.89624
19405,49.89624
19406,49.804688
19407,49.804688
19408,49.957275
19409,49.957275
19410,50.26245
19411,50.1709
19412,49.89624
19413,49.89624
19414,50.01831
19415,50.14038
19416,49.987793
19417,49.926758
19418,49.804688
19419,49.865723
19420,49.89624
19421,50.231934
19422,50.04883
19423,49.835205
19424,49.865723
19425,49.835205
19426,49.835205
19427,49.804688
19428,49.6521
19429,50.01831
19430,49.865723
19431,49.865723
19432,49.926758
19433,49.926758
19434,49.926758
19435,49.926758
19436,50.04883
19437,49.926758
19438,49.987793
19439,49.865723
19440,49.835205
19441,49.89624
19442,50.26245
19443,49.835205
19444,49.835205
19445,49.835205
19446,49.804688
19447,49.77417
19448,49.89624
19449,50.04883
19450,49.957275
19451,49.89624
19452,49.89624
19453,49.89624
19454,49.957275
19455,49.987793
19456,49.621582
19457,49.835205
19458,49.77417
19459,49.77417
19460,49.835205
19461,49.682617
19462,49.865723
19463,49.835205
19464,49.865723
19465,49.865723
19466,49.89624
19467,49.743652
19468,49.804688
19469,49.89624
19470,50.04883
19471,49.957275
19472,49.926758
19473,49.865723
19474,49.957275
19475,49.987793
19476,50.1709
19477,49.865723
19478,49.89624
19479,49.865723
19480,49.926758
19481,50.01831
19482,49.957275
19483,49.865723
19484,49.865723
19485,49.804688
19486,49.987793
19487,49.926758
19488,50.201416
19489,49.89624
19490,49.957275
19491,49.926758
19492,49.89624
19493,49.926758
19494,49.865723
19495,50.14038
19496,50.01831
19497,49.835205
19498,49.89624
19499,49.804688
19500,49.89624
19501,50.29297
19502,49.926758
19503,49.865723
19504,49.89624
19505,49.89624
19506,49.865723
19507,49.926758
19508,50.01831
19509,50.1709
19510,49.926758
19511,49.89624
19512,49.89624
19513,49.865723
19514,49.865723
19515,50.01831
19516,50.01831
19517,50.201416
19518,49.957275
19519,49.804688
19520,49.835205
19521,49.987793
19522,49.987793
19523,49.835205
19524,49.835205
19525,49.865723
19526,49.926758
19527,50.1709
19528,50.04883
19529,49.804688
19530,49.804688
19531,49.89624
19532,49.804688
19533,49.865723
19534,49.89624
19535,50.04883
19536,50.04883
19537,49.89624
19538,49.987793
19539,49.835205
19540,49.865723
19541,49.835205
19542,49.682617
19543,49.804688
19544,49.835205
19545,49.865723
19546,49.89624
19547,49.926758
19548,50.01831
19549,49.957275
19550,49.926758
19551,49.926758
19552,49.835205
19553,49.865723
19554,49.835205
19555,49.865723
19556,49.89624
19557,49.926758
19558,49.77417
19559,49.865723
19560,49.835205
19561,49.89624
19562,49.77417
19563,49.865723
19564,49.743652
19565,49.835205
19566,49.77417
19567,49.713135
19568,49.926758
19569,49.926758
19570,49.804688
19571,49.89624
19572,49.89624
19573,49.865723
19574,49.957275
19575,49.926758
19576,49.89624
19577,49.713135
19578,49.835205
19579,49.89624
19580,49.926758
19581,50.01831
19582,49.957275
19583,49.865723
19584,49.835205
19585,49.77417
19586,49.835205
19587,49.743652
19588,50.1709
19589,50.01831
19590,49.865723
19591,49.926758
19592,49.865723
19593,49.865723
19594,49.89624
19595,49.89624
19596,49.865723
19597,49.89624
19598,50.14038
19599,49.835205
19600,49.865723
19601,49.835205
19602,49.865723
19603,49.804688
19604,49.77417
19605,49.957275
19606,50.231934
19607,49.926758
19608,49.865723
19609,49.804688
19610,49.804688
19611,49.804688
19612,49.835205
19613,49.804688
19614,49.835205
19615,49.865723
19616,49.926758
19617,49.957275
19618,49.926758
19619,49.957275
19620,49.77417
19621,49.865723
19622,49.865723
19623,49.926758
19624,49.89624
19625,49.835205
19626,50.26245
19627,49.89624
19628,49.926758
19629,49.865723
19630,49.835205
19631,49.804688
19632,49.835205
19633,49.804688
19634,49.835205
19635,49.77417
19636,49.835205
19637,49.835205
19638,49.957275
19639,49.89624
19640,49.89624
19641,49.835205
19642,49.89624
19643,49.621582
19644,49.865723
19645,50.201416
19646,50.04883
19647,49.89624
19648,49.865723
19649,49.865723
19650,49.804688
19651,49.804688
19652,49.835205
19653,49.865723
19654,49.835205
19655,49.835205
19656,49.77417
19657,49.89624
19658,50.14038
19659,49.865723
19660,49.835205
19661,49.835205
19662,50.01831
19663,49.957275
19664,49.957275
19665,49.743652
19666,50.109863
19667,49.865723
19668,49.804688
19669,49.804688
19670,49.89624
19671,49.804688
19672,49.835205
19673,49.865723
19674,49.835205
19675,49.835205
19676,49.865723
19677,49.865723
19678,49.926758
19679,49.89624
19680,49.835205
19681,49.926758
19682,49.89624
19683,50.29297
19684,50.26245
19685,49.865723
19686,49.89624
19687,49.89624
19688,49.804688
19689,49.865723
19690,49.89624
19691,50.1709
19692,49.865723
19693,49.835205
19694,49.926758
19695,49.865723
19696,49.835205
19697,49.865723
19698,49.865723
19699,50.14038
19700,50.323486
19701,49.89624
19702,49.926758
19703,49.89624
19704,50.01831
19705,49.926758
19706,49.865723
19707,49.865723
19708,49.926758
19709,49.743652
19710,50.26245
19711,50.109863
19712,49.987793
19713,49.987793
19714,49.926758
19715,50.14038
19716,50.29297
19717,49.89624
19718,49.804688
19719,49.865723
19720,49.865723
19721,49.89624
19722,49.89624
19723,49.865723
19724,49.835205
19725,49.89624
19726,50.14038
19727,49.89624
19728,49.926758
19729,49.957275
19730,49.865723
19731,49.926758
19732,49.865723
19733,49.89624
19734,49.89624
19735,49.865723
19736,49.957275
19737,50.26245
19738,50.01831
19739,49.804688
19740,49.743652
19741,49.987793
19742,50.29297
19743,49.835205
19744,49.835205
19745,49.77417
19746,50.26245
19747,49.926758
19748,49.89624
19749,49.89624
19750,49.835205
19751,49.865723
19752,49.804688
19753,49.89624
19754,49.865723
19755,49.865723
19756,49.89624
19757,49.926758
19758,50.01831
19759,49.865723
19760,49.835205
19761,49.865723
19762,50.109863
19763,50.01831
19764,49.957275
19765,50.29297
19766,49.89624
19767,49.926758
19768,49.865723
19769,49.804688
19770,49.804688
19771,49.957275
19772,49.987793
19773,50.04883
19774,49.865723
19775,49.89624
19776,49.865723
19777,49.89624
19778,49.926758
19779,50.109863
19780,49.89624
19781,49.89624
19782,49.926758
19783,50.04883
19784,49.89624
19785,49.89624
19786,49.865723
19787,49.835205
19788,49.89624
19789,49.6521
19790,50.14038
19791,50.01831
19792,50.109863
19793,49.957275
19794,50.04883
19795,49.89624
19796,49.804688
19797,50.26245
19798,50.04883
19799,49.865723
19800,49.835205
19801,49.89624
19802,49.77417
19803,49.865723
19804,49.865723
19805,50.109863
19806,49.77417
19807,50.1709
19808,49.987793
19809,49.77417
19810,49.804688
19811,49.865723
19812,49.865723
19813,49.865723
19814,49.835205
19815,49.865723
19816,49.926758
19817,49.865723
19818,49.865723
19819,49.987793
19820,49.77417
19821,49.804688
19822,49.957275
19823,49.713135
19824,49.926758
19825,49.926758
19826,49.987793
19827,49.865723
19828,49.865723
19829,49.835205
19830,49.926758
19831,49.987793
19832,0.15258789
19833,0.061035156
19834,0.091552734
19835,0.091552734
19836,-0.061035156
19837,-0.030517578
19838,0.030517578
19839,0.18310547
19840,0.061035156
19841,0.21362305
19842,-0.030517578
19843,-0.030517578
19844,0.30517578
19845,0.24414062
19846,0.21362305
19847,0.18310547
19848,0.091552734
19849,-0.030517578
19850,0.061035156
19851,0.091552734
19852,0.030517578
19853,0.12207031
19854,0.12207031
19855,0.091552734
19856,0.39672852
19857,0.15258789
19858,0.030517578
19859,-0.030517578
19860,0.091552734
19861,0.30517578
19862,0.030517578
19863,0.061035156
19864,0.061035156
19865,0.030517578
19866,0.18310547
19867,0.15258789
19868,0.12207031
19869,0.091552734
19870,0.091552734
19871,0.091552734
19872,-0.030517578
19873,0.030517578
19874,-0.030517578
19875,0.061035156
19876,0.091552734
19877,0.091552734
19878,0.24414062
19879,0.061035156
19880,-0.061035156
19881,0.030517578
19882,0.18310547
19883,0.061035156
19884,-0.061035156
19885,-0.18310547
19886,0.21362305
19887,0.091552734
19888,0.030517578
19889,-0.030517578
19890,-0.030517578
19891,0.12207031
19892,-0.091552734
19893,-0.091552734
19894,0.18310547
19895,-0.061035156
19896,-0.091552734
19897,-0.061035156
19898,0.061035156
19899,0.15258789
19900,0.4272461
19901,0.030517578
19902,-0.030517578
19903,0.15258789
19904,0.12207031
19905,0.061035156
19906,-0.061035156
19907,0.30517578
19908,0.091552734
19909,0.12207031
19910,0.091552734
19911,-0.030517578
19912,-0.061035156
19913,-0.15258789
19914,0.30517578
19915,0.15258789
19916,0.21362305
19917,0.18310547
19918,0.091552734
19919,0.18310547
19920,0.12207031
19921,-0.061035156
19922,-0.091552734
19923,0.030517578
19924,0.030517578
19925,-0.091552734
19926,0.091552734
19927,-0.061035156
19928,0.15258789
19929,0.45776367
19930,0.24414062
19931,0.091552734
19932,0.030517578
19933,-0.030517578
19934,0.061035156
19935,-0.061035156
19936,0.030517578
19937,-0.030517578
19938,0.030517578
19939,-0.030517578
19940,0.061035156
19941,0.091552734
19942,0.30517578
19943,0.36621094
19944,0.061035156
19945,0.061035156
19946,-0.061035156
19947,0.4272461
19948,0.15258789
19949,0.030517578
19950,0.030517578
19951,-0.091552734
19952,0.33569336
19953,0.15258789
19954,0.061035156
19955,0.061035156
19956,0.030517578
19957,0.061035156
19958,0.030517578
19959,0.061035156
19960,0.12207031
19961,0.091552734
19962,0.24414062
19963,-0.030517578
19964,0.15258789
19965,0.12207031
19966,0.030517578
19967,-0.030517578
19968,0.12207031
19969,0.061035156
19970,0.030517578
19971,0.18310547
19972,0.18310547
19973,-0.21362305
19974,0.061035156
19975,0.18310547
19976,0.061035156
19977,-0.030517578
19978,0.15258789
19979,0.030517578
19980,0.39672852
19981,-0.061035156
19982,-0.030517578
19983,0.030517578
19984,-0.030517578
19985,0.24414062
19986,0.091552734
19987,-0.030517578
19988,0.061035156
19989,0.091552734
19990,0.061035156
19991,-0.030517578
19992,0.061035156
19993,-0.030517578
19994,0.48828125
19995,0.21362305
19996,0.33569336
19997,0.33569336
19998,0.061035156
19999,0.30517578
20000,-0.030517578
20001,0.18310547
20002,0.030517578
20003,0.030517578
20004,0.030517578
20005,0.091552734
20006,0.18310547
20007,-0.030517578
20008,-0.030517578
20009,0.48828125
20010,0.18310547
20011,0.061035156
20012,0.030517578
20013,-0.061035156
20014,0.030517578
20015,0.030517578
20016,0.091552734
20017,0.15258789
20018,0.061035156
20019,0.061035156
20020,-0.061035156
20021,0.091552734
20022,0.030517578
20023,0.15258789
20024,0.030517578
20025,0.030517578
20026,-0.15258789
20027,0.18310547
20028,0.030517578
20029,-0.21362305
20030,0.21362305
20031,0.091552734
20032,0.061035156
20033,0.030517578
20034,-0.030517578
20035,0.12207031
20036,0.091552734
20037,0.24414062
20038,0.061035156
20039,0.18310547
20040,0.030517578
20041,0.030517578
20042,0.061035156
20043,0.091552734
20044,-0.030517578
20045,-0.030517578
20046,-0.12207031
20047,0.030517578
20048,0.061035156
20049,-0.030517578
20050,-0.12207031
20051,0.30517578
20052,0.15258789
20053,0.12207031
20054,-0.030517578
20055,-0.061035156
20056,-0.030517578
20057,-0.061035156
20058,-0.030517578
20059,-0.030517578
20060,-0.030517578
20061,0.091552734
20062,0.15258789
20063,0.45776367
20064,0.091552734
20065,-0.030517578
20066,-0.030517578
20067,0.21362305
20068,0.15258789
20069,0.061035156
20070,-0.061035156
20071,0.061035156
20072,0.30517578
20073,0.18310547
20074,0.12207031
20075,0.18310547
20076,0.061035156
20077,0.061035156
20078,0.15258789
20079,0.12207031
20080,0.030517578
20081,-0.2746582
20082,-0.030517578
20083,0.061035156
20084,0.12207031
20085,0.18310547
20086,0.030517578
20087,-0.061035156
20088,0.061035156
20089,0.030517578
20090,0.091552734
20091,-0.030517578
20092,-0.091552734
20093,-0.091552734
20094,-0.030517578
20095,-0.030517578
20096,0.030517578
20097,0.030517578
20098,0.030517578
20099,0.030517578
20100,0.030517578
20101,0.061035156
20102,0.18310547
20103,0.45776367
20104,0.12207031
20105,0.030517578
20106,0.15258789
20107,0.061035156
20108,-0.030517578
20109,-0.030517578
20110,-0.030517578
20111,0.33569336
20112,0.091552734
20113,0.030517578
20114,0.061035156
20115,-0.061035156
20116,0.091552734
20117,-0.030517578
20118,0.061035156
20119,0.030517578
20120,0.091552734
20121,0.030517578
20122,0.21362305
20123,0.091552734
20124,0.091552734
20125,0.030517578
20126,0.12207031
20127,-0.030517578
20128,-0.061035156
20129,-0.030517578
20130,0.061035156
20131,0.061035156
20132,0.12207031
20133,0.061035156
20134,0.061035156
20135,0.030517578
20136,0.12207031
20137,0.030517578
20138,-0.030517578
20139,0.061035156
20140,0.15258789
20141,0.21362305
20142,0.4272461
20143,-0.030517578
20144,0.091552734
20145,0.030517578
20146,0.061035156
20147,0.091552734
20148,0.15258789
20149,-0.030517578
20150,0.061035156
20151,0.18310547
20152,0.18310547
20153,0.18310547
20154,0.12207031
20155,0.061035156
20156,-0.030517578
20157,-0.030517578
20158,-0.030517578
20159,0.030517578
20160,0.061035156
20161,0.12207031
20162,0.4272461
20163,-0.030517578
20164,0.30517578
20165,0.12207031
20166,0.030517578
20167,-0.091552734
20168,0.15258789
20169,0.091552734
20170,0.061035156
20171,-0.030517578
20172,-0.15258789
20173,0.18310547
20174,0.4272461
20175,0.12207031
20176,-0.15258789
20177,0.21362305
20178,0.12207031
20179,0.30517578
20180,-0.061035156
20181,0.061035156
20182,0.030517578
20183,-0.030517578
20184,0.061035156
20185,0.091552734
20186,0.2746582
20187,0.061035156
20188,-0.030517578
20189,-0.061035156
20190,0.091552734
20191,0.091552734
20192,0.061035156
20193,-0.030517578
20194,-0.030517578
20195,-0.091552734
20196,0.21362305
20197,0.21362305
20198,-0.061035156
20199,0.061035156
20200,-0.030517578
20201,0.061035156
20202,0.091552734
20203,0.091552734
20204,0.061035156
20205,0.030517578
20206,0.18310547
20207,0.030517578
20208,0.030517578
20209,0.030517578
20210,0.091552734
20211,0.2746582
20212,0.18310547
20213,0.091552734
20214,0.030517578
20215,0.030517578
20216,-0.030517578
20217,0.061035156
20218,-0.030517578
20219,0.030517578
20220,0.091552734
20221,0.15258789
20222,0.12207031
20223,0.091552734
20224,0.091552734
20225,0.061035156
20226,0.091552734
20227,0.4272461
20228,0.091552734
20229,0.030517578
20230,-0.091552734
20231,0.39672852
20232,0.030517578
20233,0.061035156
20234,0.091552734
20235,0.091552734
20236,0.061035156
20237,0.061035156
20238,-0.061035156
20239,0.030517578
20240,-0.061035156
20241,0.061035156
20242,0.12207031
20243,0.18310547
20244,0.091552734
20245,0.030517578
20246,0.030517578
20247,0.21362305
20248,0.061035156
20249,0.061035156
20250,-0.030517578
20251,-0.030517578
20252,0.030517578
20253,0.091552734
20254,0.12207031
20255,0.061035156
20256,0.061035156
20257,0.12207031
20258,0.061035156
20259,0.18310547
20260,0.15258789
20261,0.39672852
20262,0.21362305
20263,-0.030517578
20264,-0.12207031
20265,0.030517578
20266,0.061035156
20267,-0.15258789
20268,0.12207031
20269,0.061035156
20270,0.030517578
20271,-0.030517578
20272,0.21362305
20273,-0.061035156
20274,0.36621094
20275,0.33569336
20276,0.091552734
20277,0.15258789
20278,-0.030517578
20279,-0.24414062
20280,0.12207031
20281,0.18310547
20282,-0.061035156
20283,0.030517578
20284,-0.030517578
20285,0.18310547
20286,0.12207031
20287,-0.061035156
20288,0.061035156
20289,0.4272461
20290,0.24414062
20291,-0.061035156
20292,-0.061035156
20293,0.030517578
20294,0.061035156
20295,0.091552734
20296,-0.030517578
20297,0.030517578
20298,0.030517578
20299,0.030517578
20300,-0.061035156
20301,-0.030517578
20302,0.061035156
20303,0.18310547
20304,0.12207031
20305,0.061035156
20306,0.21362305
20307,0.12207031
20308,0.061035156
20309,0.061035156
20310,-0.12207031
20311,0.21362305
20312,0.030517578
20313,-0.061035156
20314,-0.030517578
20315,0.030517578
20316,-0.061035156
20317,0.030517578
20318,-0.030517578
20319,0.030517578
20320,0.061035156
20321,0.12207031
20322,0.030517578
20323,0.36621094
20324,0.15258789
20325,0.061035156
20326,0.061035156
20327,0.36621094
20328,0.12207031
20329,0.030517578
20330,-0.030517578
20331,0.24414062
20332,0.21362305
20333,0.12207031
20334,0.12207031
20335,0.061035156
20336,0.030517578
20337,0.030517578
20338,0.030517578
20339,0.030517578
20340,0.030517578
20341,0.12207031
20342,-0.18310547
20343,0.061035156
20344,0.061035156
20345,0.091552734
20346,0.030517578
20347,0.33569336
20348,0.091552734
20349,0.030517578
20350,-0.030517578
20351,-0.061035156
20352,0.24414062
20353,0.091552734
20354,0.030517578
20355,0.061035156
20356,0.030517578
20357,-0.061035156
20358,-0.030517578
20359,-0.061035156
20360,0.091552734
20361,0.18310547
20362,0.15258789
20363,-0.030517578
20364,0.18310547
20365,0.091552734
20366,0.061035156
20367,0.21362305
20368,0.18310547
20369,0.091552734
20370,0.030517578
20371,0.21362305
20372,0.15258789
20373,-0.091552734
20374,0.15258789
20375,0.18310547
20376,0.30517578
20377,0.24414062
20378,0.12207031
20379,0.12207031
20380,0.15258789
20381,0.091552734
20382,-0.030517578
20383,-0.030517578
20384,-0.030517578
20385,0.4272461
20386,0.061035156
20387,-0.061035156
20388,0.061035156
20389,0.30517578
20390,0.030517578
20391,-0.030517578
20392,0.030517578
20393,0.21362305
20394,0.030517578
20395,-0.24414062
20396,0.18310547
20397,0.24414062
20398,0.39672852
20399,0.39672852
20400,0.12207031
20401,0.15258789
20402,0.030517578
20403,0.061035156
20404,-0.030517578
20405,-0.18310547
20406,0.12207031
20407,-0.030517578
20408,-0.030517578
20409,0.30517578
20410,0.030517578
20411,0.030517578
20412,-0.061035156
20413,0.091552734
20414,0.091552734
20415,0.4272461
20416,-0.24414062
20417,0.30517578
20418,0.091552734
20419,0.21362305
20420,0.091552734
20421,0.15258789
20422,0.061035156
20423,-0.030517578
20424,0.061035156
20425,0.091552734
20426,0.091552734
20427,0.030517578
20428,0.24414062
20429,0.15258789
20430,0.061035156
20431,-0.030517578
20432,0.061035156
20433,0.2746582
20434,0.18310547
20435,0.18310547
20436,0.15258789
20437,0.091552734
20438,0.15258789
20439,0.18310547
20440,0.091552734
20441,0.36621094
20442,0.24414062
20443,-0.030517578
20444,0.15258789
20445,0.21362305
20446,-0.030517578
20447,-0.091552734
20448,0.12207031
20449,0.030517578
20450,-0.030517578
20451,0.030517578
20452,0.15258789
20453,0.36621094
20454,0.12207031
20455,0.24414062
20456,0.061035156
20457,0.15258789
20458,0.061035156
20459,0.12207031
20460,0.30517578
20461,-0.061035156
20462,-0.030517578
20463,-0.030517578
20464,0.36621094
20465,0.12207031
20466,-0.030517578
20467,0.18310547
20468,0.12207031
20469,0.030517578
20470,0.061035156
20471,0.2746582
20472,0.18310547
20473,0.21362305
20474,0.21362305
20475,0.15258789
20476,0.061035156
20477,0.061035156
20478,0.18310547
20479,0.061035156
20480,0.33569336
20481,0.24414062
20482,0.18310547
20483,0.15258789
20484,0.39672852
20485,0.15258789
20486,0.030517578
20487,-0.091552734
20488,0.030517578
20489,-0.030517578
20490,-0.030517578
20491,-0.030517578
20492,-0.061035156
20493,0.33569336
20494,0.061035156
20495,0.24414062
20496,0.061035156
20497,0.091552734
20498,0.091552734
20499,0.12207031
20500,0.061035156
20501,0.15258789
20502,0.15258789
20503,0.061035156
20504,0.24414062
20505,0.15258789
20506,0.061035156
20507,0.12207031
20508,0.21362305
20509,0.091552734
20510,-0.030517578
20511,0.091552734
20512,-0.15258789
20513,0.091552734
20514,0.21362305
20515,0.061035156
20516,0.15258789
20517,0.030517578
20518,0.12207031
20519,0.12207031
20520,0.091552734
20521,0.36621094
20522,0.15258789
20523,0.12207031
20524,0.36621094
20525,0.061035156
20526,0.030517578
20527,-0.061035156
20528,0.15258789
20529,0.061035156
20530,0.030517578
20531,-0.12207031
20532,-0.12207031
20533,0.091552734
20534,0.15258789
20535,-0.030517578
20536,0.18310547
20537,0.15258789
20538,0.12207031
20539,0.24414062
20540,0.24414062
20541,0.21362305
20542,0.030517578
20543,-0.061035156
20544,0.12207031
20545,0.091552734
20546,-0.030517578
20547,-0.12207031
20548,0.061035156
20549,0.030517578
20550,-0.030517578
20551,0.12207031
20552,0.33569336
20553,0.33569336
20554,0.091552734
20555,0.12207031
20556,0.061035156
20557,-0.030517578
20558,0.12207031
20559,0.12207031
20560,0.18310547
20561,0.4272461
20562,0.15258789
20563,0.12207031
20564,0.33569336
20565,0.030517578
20566,-0.061035156
20567,0.18310547
20568,0.091552734
20569,0.030517578
20570,-0.030517578
20571,-0.091552734
20572,0.091552734
20573,0.12207031
20574,0.15258789
20575,0.12207031
20576,0.061035156
20577,0.061035156
20578,0.030517578
20579,0.061035156
20580,0.15258789
20581,0.061035156
20582,-0.21362305
20583,-0.18310547
20584,0.2746582
20585,-0.030517578
20586,-0.030517578
20587,-0.21362305
20588,0.030517578
20589,0.030517578
20590,0.21362305
20591,-0.091552734
20592,0.33569336
20593,0.15258789
20594,0.091552734
20595,0.061035156
20596,0.061035156
20597,0.030517578
20598,0.061035156
20599,0.061035156
20600,0.091552734
20601,0.12207031
20602,0.2746582
20603,0.061035156
20604,0.030517578
20605,0.15258789
20606,0.030517578
20607,0.33569336
20608,0.091552734
20609,0.061035156
20610,0.061035156
20611,0.15258789
20612,0.091552734
20613,0.18310547
20614,0.061035156
20615,0.091552734
20616,0.091552734
20617,0.030517578
20618,0.091552734
20619,0.15258789
20620,0.18310547
20621,0.21362305
20622,0.39672852
20623,0.030517578
20624,0.2746582
20625,0.061035156
20626,0.030517578
20627,-0.2746582
20628,0.091552734
20629,0.061035156
20630,0.15258789
20631,-0.091552734
20632,0.24414062
20633,0.15258789
20634,0.091552734
20635,-0.030517578
20636,-0.030517578
20637,-0.030517578
20638,-0.030517578
20639,0.030517578
20640,0.15258789
20641,0.061035156
20642,0.36621094
20643,0.12207031
20644,0.15258789
20645,0.091552734
20646,0.091552734
20647,0.21362305
20648,0.061035156
20649,0.030517578
20650,0.030517578
20651,0.061035156
20652,0.091552734
20653,0.12207031
20654,0.061035156
20655,0.12207031
20656,0.091552734
20657,0.061035156
20658,-0.030517578
20659,0.061035156
20660,0.12207031
20661,0.18310547
20662,0.36621094
20663,0.061035156
20664,0.30517578
20665,0.030517578
20666,-0.030517578
20667,0.030517578
20668,0.12207031
20669,0.061035156
20670,0.2746582
20671,0.061035156
20672,0.33569336
20673,0.21362305
20674,0.030517578
20675,0.030517578
20676,0.030517578
20677,-0.030517578
20678,0.091552734
20679,0.061035156
20680,0.12207031
20681,0.030517578
20682,0.15258789
20683,0.12207031
20684,0.15258789
20685,0.061035156
20686,0.030517578
20687,-0.061035156
20688,0.061035156
20689,-0.061035156
20690,0.030517578
20691,0.030517578
20692,0.091552734
20693,0.091552734
20694,-0.030517578
20695,-0.030517578
20696,0.091552734
20697,0.091552734
20698,0.12207031
20699,0.091552734
20700,0.18310547
20701,0.091552734
20702,-0.030517578
20703,-0.061035156
20704,0.15258789
20705,0.061035156
20706,-0.061035156
20707,-0.2746582
20708,0.12207031
20709,0.030517578
20710,0.061035156
20711,0.24414062
20712,0.24414062
20713,0.18310547
20714,0.091552734
20715,0.091552734
20716,0.061035156
20717,0.091552734
20718,0.091552734
20719,0.12207031
20720,0.091552734
20721,-0.21362305
20722,0.061035156
20723,0.030517578
20724,0.15258789
20725,0.12207031
20726,0.061035156
20727,0.061035156
20728,0.18310547
20729,0.091552734
20730,-0.030517578
20731,0.061035156
20732,-0.030517578
20733,0.39672852
20734,0.12207031
20735,0.24414062
20736,0.061035156
20737,0.12207031
20738,0.12207031
20739,0.061035156
20740,0.12207031
20741,0.030517578
20742,0.12207031
20743,0.091552734
20744,-0.12207031
20745,0.18310547
20746,-0.030517578
20747,0.091552734
20748,0.2746582
20749,0.061035156
20750,0.061035156
20751,0.21362305
20752,0.091552734
20753,0.36621094
20754,0.030517578
20755,0.091552734
20756,0.24414062
20757,0.12207031
20758,0.061035156
20759,0.091552734
20760,0.39672852
20761,0.061035156
20762,0.24414062
20763,-0.030517578
20764,-0.091552734
20765,0.15258789
20766,-0.030517578
20767,0.18310547
20768,0.39672852
20769,0.091552734
20770,0.030517578
20771,0.061035156
20772,0.091552734
20773,0.030517578
20774,-0.030517578
20775,0.36621094
20776,0.091552734
20777,0.061035156
20778,0.45776367
20779,0.2746582
20780,0.24414062
20781,-0.18310547
20782,0.030517578
20783,0.030517578
20784,0.12207031
20785,0.061035156
20786,0.091552734
20787,0.030517578
20788,-0.091552734
20789,0.2746582
20790,0.030517578
20791,-0.030517578
20792,-0.030517578
20793,0.030517578
20794,-0.030517578
20795,0.30517578
20796,0.12207031
20797,0.21362305
20798,-0.15258789
20799,-0.12207031
20800,0.030517578
20801,-0.030517578
20802,0.030517578
20803,-0.030517578
20804,0.061035156
20805,-0.030517578
20806,0.12207031
20807,0.061035156
20808,0.21362305
20809,0.30517578
20810,0.24414062
20811,0.091552734
20812,0.061035156
20813,0.061035156
20814,0.061035156
20815,0.030517578
20816,0.030517578
20817,0.030517578
20818,-0.030517578
20819,-0.030517578
20820,-0.061035156
20821,-0.030517578
20822,0.091552734
20823,0.061035156
20824,0.091552734
20825,-0.061035156
20826,0.18310547
20827,0.2746582
20828,-0.030517578
20829,-0.030517578
20830,-0.061035156
20831,0.39672852
20832,0.18310547
20833,0.030517578
20834,-99.70093
20835,-99.63989
20836,-99.67041
20837,-99.731445
20838,-99.67041
20839,-99.57886
20840,-99.51782
20841,-99.67041
20842,-99.70093
20843,-99.42627
20844,-99.76196
20845,-99.70093
20846,-99.57886
20847,-99.67041
20848,-99.63989
20849,-99.51782
20850,-99.57886
20851,-99.63989
20852,-99.63989
20853,-99.67041
20854,-99.51782
20855,-99.63989
20856,-99.487305
20857,-99.609375
20858,-99.609375
20859,-99.67041
20860,-99.57886
20861,-99.609375
20862,-99.70093
20863,-99.57886
20864,-99.39575
20865,-99.45679
20866,-99.67041
20867,-99.67041
20868,-99.70093
20869,-99.70093
20870,-99.63989
20871,-99.39575
20872,-99.51782
20873,-99.67041
20874,-99.70093
20875,-99.51782
20876,-99.42627
20877,-99.67041
20878,-99.45679
20879,-99.731445
20880,-99.63989
20881,-99.42627
20882,-99.63989
20883,-99.42627
20884,-99.45679
20885,-99.67041
20886,-99.67041
20887,-99.487305
20888,-99.70093
20889,-99.731445
20890,-99.70093
20891,-99.67041
20892,-99.67041
20893,-99.70093
20894,-99.63989
20895,-99.63989
20896,-99.67041
20897,-99.731445
20898,-99.57886
20899,-99.70093
20900,-99.67041
20901,-99.21265
20902,-99.67041
20903,-99.42627
20904,-99.63989
20905,-99.39575
20906,-99.51782
20907,-99.57886
20908,-99.51782
20909,-99.609375
20910,-99.487305
20911,-99.33472
20912,-99.609375
20913,-99.27368
20914,-99.243164
20915,-99.51782
20916,-99.57886
20917,-99.67041
20918,-99.63989
20919,-99.63989
20920,-99.51782
20921,-99.731445
20922,-99.67041
20923,-99.51782
20924,-99.63989
20925,-99.609375
20926,-99.609375
20927,-99.63989
20928,-99.67041
20929,-99.79248
20930,-99.42627
20931,-99.731445
20932,-99.67041
20933,-99.79248
20934,-99.67041
20935,-99.63989
20936,-99.63989
20937,-99.57886
20938,-99.42627
20939,-99.51782
20940,-99.70093
20941,-99.67041
20942,-99.365234
20943,-99.45679
20944,-99.67041
20945,-99.823
20946,-99.63989
20947,-99.609375
20948,-99.67041
20949,-99.609375
20950,-99.63989
20951,-99.609375
20952,-99.63989
20953,-99.609375
20954,-99.70093
20955,-99.51782
20956,-99.45679
20957,-99.823
20958,-99.731445
20959,-99.67041
20960,-99.57886
20961,-99.39575
20962,-99.67041
20963,-99.731445
20964,-99.63989
20965,-99.70093
20966,-99.609375
20967,-99.609375
20968,-99.39575
20969,-99.63989
20970,-99.42627
20971,-99.70093
20972,-99.57886
20973,-99.63989
20974,-99.853516
20975,-99.51782
20976,-99.45679
20977,-99.70093
20978,-99.63989
20979,-99.70093
20980,-99.243164
20981,-99.67041
20982,-99.70093
20983,-99.63989
20984,-99.51782
20985,-99.609375
20986,-99.63989
20987,-99.70093
20988,-99.76196
20989,-99.70093
20990,-99.51782
20991,-99.63989
20992,-99.42627
20993,-99.70093
20994,-99.76196
20995,-99.70093
20996,-99.67041
20997,-99.609375
20998,-99.57886
20999,-99.67041
21000,-99.70093
21001,-99.70093
21002,-99.51782
21003,-99.57886
21004,-99.731445
21005,-99.63989
21006,-99.51782
21007,-99.609375
21008,-99.63989
21009,-99.70093
21010,-99.67041
21011,-99.67041
21012,-99.70093
21013,-99.63989
21014,-99.67041
21015,-99.609375
21016,-99.45679
21017,-99.731445
21018,-99.70093
21019,-99.70093
21020,-99.63989
21021,-99.33472
21022,-99.67041
21023,-99.67041
21024,-99.731445
21025,-99.609375
21026,-99.731445
21027,-99.63989
21028,-99.57886
21029,-99.609375
21030,-99.67041
21031,-99.57886
21032,-99.57886
21033,-99.609375
21034,-99.51782
21035,-99.21265
21036,-99.45679
21037,-99.67041
21038,-99.63989
21039,-99.609375
21040,-99.63989
21041,-99.731445
21042,-99.67041
21043,-99.487305
21044,-99.609375
21045,-99.67041
21046,-99.731445
21047,-99.731445
21048,-99.79248
21049,-99.57886
21050,-99.63989
21051,-99.487305
21052,-99.823
21053,-99.70093
21054,-99.63989
21055,-99.731445
21056,-99.70093
21057,-99.57886
21058,-99.67041
21059,-99.67041
21060,-99.57886
21061,-99.39575
21062,-99.63989
21063,-99.67041
21064,-99.67041
21065,-99.70093
21066,-99.609375
21067,-99.76196
21068,-99.33472
21069,-99.39575
21070,-99.487305
21071,-99.487305
21072,-99.487305
21073,-99.63989
21074,-99.67041
21075,-99.18213
21076,-99.67041
21077,-99.70093
21078,-99.70093
21079,-99.487305
21080,-99.76196
21081,-99.70093
21082,-99.67041
21083,-99.63989
21084,-99.45679
21085,-99.51782
21086,-99.70093
21087,-99.70093
21088,-99.70093
21089,-99.63989
21090,-99.67041
21091,-99.70093
21092,-99.67041
21093,-99.76196
21094,-99.70093
21095,-99.63989
21096,-99.67041
21097,-99.365234
21098,-99.63989
21099,-99.70093
21100,-99.731445
21101,-99.609375
21102,-99.57886
21103,-99.67041
21104,-99.70093
21105,-99.39575
21106,-99.243164
21107,-99.33472
21108,-99.609375
21109,-99.609375
21110,-99.70093
21111,-99.63989
21112,-99.67041
21113,-99.609375
21114,-99.487305
21115,-99.67041
21116,-99.27368
21117,-99.51782
21118,-99.70093
21119,-99.57886
21120,-99.45679
21121,-99.63989
21122,-99.51782
21123,-99.57886
21124,-99.45679
21125,-99.51782
21126,-99.63989
21127,-99.70093
21128,-99.70093
21129,-99.63989
21130,-99.63989
21131,-99.70093
21132,-99.70093
21133,-99.731445
21134,-99.70093
21135,-99.63989
21136,-99.63989
21137,-99.42627
21138,-99.487305
21139,-99.731445
21140,-99.67041
21141,-99.63989
21142,-99.42627
21143,-99.67041
21144,-99.70093
21145,-99.63989
21146,-99.88403
21147,-99.609375
21148,-99.609375
21149,-99.76196
21150,-99.63989
21151,-99.67041
21152,-99.63989
21153,-99.609375
21154,-99.63989
21155,-99.51782
21156,-99.487305
21157,-99.27368
21158,-99.67041
21159,-99.731445
21160,-99.63989
21161,-99.609375
21162,-99.70093
21163,-99.63989
21164,-99.67041
21165,-99.67041
21166,-99.51782
21167,-99.487305
21168,-99.42627
21169,-99.243164
21170,-99.609375
21171,-99.487305
21172,-99.79248
21173,-99.76196
21174,-99.487305
21175,-99.63989
21176,-99.63989
21177,-99.67041
21178,-99.67041
21179,-99.487305
21180,-99.67041
21181,-99.63989
21182,-99.33472
21183,-99.823
21184,-99.33472
21185,-99.45679
21186,-99.39575
21187,-99.51782
21188,-99.609375
21189,-99.609375
21190,-99.63989
21191,-99.609375
21192,-99.67041
21193,-99.67041
21194,-99.63989
21195,-99.609375
21196,-99.57886
21197,-99.39575
21198,-99.45679
21199,-99.63989
21200,-99.63989
21201,-99.609375
21202,-99.51782
21203,-99.731445
21204,-99.63989
21205,-99.70093
21206,-99.63989
21207,-99.365234
21208,-99.51782
21209,-99.57886
21210,-99.609375
21211,-99.63989
21212,-99.51782
21213,-99.57886
21214,-99.33472
21215,-99.39575
21216,-99.609375
21217,-99.63989
21218,-99.63989
21219,-99.63989
21220,-99.21265
21221,-99.45679
21222,-99.63989
21223,-99.609375
21224,-99.63989
21225,-99.67041
21226,-99.67041
21227,-99.609375
21228,-99.63989
21229,-99.88403
21230,-99.70093
21231,-99.487305
21232,-99.51782
21233,-99.45679
21234,-99.823
21235,-99.609375
21236,-99.70093
21237,-99.67041
21238,-99.67041
21239,-99.487305
21240,-99.63989
21241,-99.609375
21242,-99.609375
21243,-99.51782
21244,-99.609375
21245,-99.609375
21246,-99.63989
21247,-99.63989
21248,-99.70093
21249,-99.70093
21250,-99.63989
21251,-99.70093
21252,-99.67041
21253,-99.67041
21254,-99.63989
21255,-99.609375
21256,-99.51782
21257,-99.57886
21258,-99.70093
21259,-99.609375
21260,-99.365234
21261,-99.823
21262,-99.70093
21263,-99.609375
21264,-99.63989
21265,-99.67041
21266,-99.67041
21267,-99.76196
21268,-99.57886
21269,-99.67041
21270,-99.27368
21271,-99.67041
21272,-99.57886
21273,-99.487305
21274,-99.365234
21275,-99.63989
21276,-99.609375
21277,-99.70093
21278,-99.731445
21279,-99.609375
21280,-99.609375
21281,-99.731445
21282,-99.609375
21283,-99.39575
21284,-99.51782
21285,-99.63989
21286,-99.67041
21287,-99.67041
21288,-99.70093
21289,-99.70093
21290,-99.67041
21291,-99.853516
21292,-99.57886
21293,-99.731445
21294,-99.70093
21295,-99.67041
21296,-99.63989
21297,-99.609375
21298,-99.70093
21299,-99.609375
21300,-99.63989
21301,-99.487305
21302,-99.70093
21303,-99.76196
21304,-99.57886
21305,-99.3042
21306,-99.63989
21307,-99.67041
21308,-99.67041
21309,-99.70093
21310,-99.63989
21311,-99.731445
21312,-99.70093
21313,-99.70093
21314,-99.70093
21315,-99.67041
21316,-99.70093
21317,-99.45679
21318,-99.39575
21319,-99.67041
21320,-99.67041
21321,-99.609375
21322,-99.70093
21323,-99.823
21324,-99.70093
21325,-99.42627
21326,-99.365234
21327,-99.45679
21328,-99.67041
21329,-99.57886
21330,-99.57886
21331,-99.51782
21332,-99.63989
21333,-99.45679
21334,-99.70093
21335,-99.63989
21336,-99.70093
21337,-99.51782
21338,-99.51782
21339,-99.70093
21340,-99.70093
21341,-99.609375
21342,-99.487305
21343,-99.51782
21344,-99.487305
21345,-99.42627
21346,-99.63989
21347,-99.67041
21348,-99.63989
21349,-99.70093
21350,-99.70093
21351,-99.76196
21352,-99.70093
21353,-99.67041
21354,-99.67041
21355,-99.57886
21356,-99.51782
21357,-99.487305
21358,-99.45679
21359,-99.731445
21360,-99.731445
21361,-99.67041
21362,-99.42627
21363,-99.70093
21364,-99.70093
21365,-99.67041
21366,-99.51782
21367,-99.365234
21368,-99.609375
21369,-99.57886
21370,-99.70093
21371,-99.63989
21372,-99.57886
21373,-99.42627
21374,-99.609375
21375,-99.79248
21376,-99.76196
21377,-99.70093
21378,-99.63989
21379,-99.487305
21380,-99.609375
21381,-99.609375
21382,-99.45679
21383,-99.79248
21384,-99.487305
21385,-99.63989
21386,-99.67041
21387,-99.67041
21388,-99.63989
21389,-99.731445
21390,-99.67041
21391,-99.70093
21392,-99.67041
21393,-99.70093
21394,-99.731445
21395,-99.63989
21396,-99.63989
21397,-99.487305
21398,-99.45679
21399,-99.609375
21400,-99.63989
21401,-99.51782
21402,-99.365234
21403,-99.609375
21404,-99.63989
21405,-99.609375
21406,-99.21265
21407,-99.51782
21408,-99.487305
21409,-99.57886
21410,-99.67041
21411,-99.609375
21412,-99.51782
21413,-99.57886
21414,-99.63989
21415,-99.731445
21416,-99.79248
21417,-99.67041
21418,-99.67041
21419,-99.45679
21420,-99.609375
21421,-99.70093
21422,-99.51782
21423,-99.487305
21424,-99.609375
21425,-99.63989
21426,-99.609375
21427,-99.63989
21428,-99.67041
21429,-99.609375
21430,-99.67041
21431,-99.42627
21432,-99.365234
21433,-99.853516
21434,-99.76196
21435,-99.63989
21436,-99.67041
21437,-99.63989
21438,-99.70093
21439,-99.45679
21440,-99.76196
21441,-99.731445
21442,-99.63989
21443,-99.67041
21444,-99.63989
21445,-99.70093
21446,-99.63989
21447,-99.63989
21448,-99.67041
21449,-99.76196
21450,-99.39575
21451,-99.487305
21452,-99.57886
21453,-99.57886
21454,-99.63989
21455,-99.731445
21456,-99.63989
21457,-99.63989
21458,-99.853516
21459,-99.67041
21460,-99.63989
21461,-99.57886
21462,-99.609375
21463,-99.76196
21464,-99.51782
21465,-99.27368
21466,-99.487305
21467,-99.67041
21468,-99.609375
21469,-99.70093
21470,-99.67041
21471,-99.63989
21472,-99.63989
21473,-99.63989
21474,-99.63989
21475,-99.67041
21476,-99.67041
21477,-99.609375
21478,-99.3042
21479,-99.39575
21480,-99.67041
21481,-99.609375
21482,-99.67041
21483,-99.51782
21484,-99.731445
21485,-99.57886
21486,-99.731445
21487,-99.67041
21488,-99.609375
21489,-99.70093
21490,-99.67041
21491,-99.731445
21492,-99.70093
21493,-99.67041
21494,-99.63989
21495,-99.487305
21496,-99.91455
21497,-99.45679
21498,-99.731445
21499,-99.731445
21500,-99.45679
21501,-99.57886
21502,-99.70093
21503,-99.63989
21504,-99.731445
21505,-99.63989
21506,-99.70093
21507,-99.63989
21508,-99.51782
21509,-99.3042
21510,-99.609375
21511,-99.39575
21512,-99.609375
21513,-99.21265
21514,-99.243164
21515,-99.70093
21516,-99.609375
21517,-99.63989
21518,-99.63989
21519,-99.33472
21520,-99.45679
21521,-99.70093
21522,-99.609375
21523,-99.70093
21524,-99.57886
21525,-99.70093
21526,-99.67041
21527,-99.731445
21528,-99.70093
21529,-99.731445
21530,-99.70093
21531,-99.63989
21532,-99.67041
21533,-99.67041
21534,-99.63989
21535,-99.67041
21536,-99.42627
21537,-99.609375
21538,-99.67041
21539,-99.609375
21540,-99.365234
21541,-99.76196
21542,-99.57886
21543,-99.51782
21544,-99.63989
21545,-99.70093
21546,-99.70093
21547,-99.609375
21548,-99.67041
21549,-99.51782
21550,-99.79248
21551,-99.51782
21552,-99.76196
21553,-99.487305
21554,-99.42627
21555,-99.67041
21556,-99.70093
21557,-99.63989
21558,-99.57886
21559,-99.76196
21560,-99.67041
21561,-99.63989
21562,-99.67041
21563,-99.67041
21564,-99.51782
21565,-99.365234
21566,-99.487305
21567,-99.609375
21568,-99.67041
21569,-99.76196
21570,-99.731445
21571,-99.63989
21572,-99.731445
21573,-99.70093
21574,-99.70093
21575,-99.57886
21576,-99.853516
21577,-99.57886
21578,-99.79248
21579,-99.70093
21580,-99.39575
21581,-99.63989
21582,-99.70093
21583,-99.609375
21584,-99.63989
21585,-99.70093
21586,-99.63989
21587,-99.51782
21588,-99.823
21589,-99.609375
21590,-99.63989
21591,-99.63989
21592,-99.51782
21593,-99.63989
21594,-99.91455
21595,-99.57886
21596,-99.609375
21597,-99.609375
21598,-99.57886
21599,-99.51782
21600,-99.45679
21601,-99.63989
21602,-99.609375
21603,-99.63989
21604,-99.609375
21605,-99.609375
21606,-99.731445
21607,-99.731445
21608,-99.70093
21609,-99.67041
21610,-99.63989
21611,-99.67041
21612,-99.67041
21613,-99.731445
21614,-99.70093
21615,-99.63989
21616,-99.67041
21617,-99.42627
21618,-99.609375
21619,-99.79248
21620,-99.609375
21621,-99.823
21622,-99.731445
21623,-99.63989
21624,-99.67041
21625,-99.45679
21626,-99.27368
21627,-99.45679
21628,-99.57886
21629,-99.63989
21630,-99.67041
21631,-99.67041
21632,-99.63989
21633,-99.609375
21634,-99.63989
21635,-99.57886
21636,-99.42627
21637,-99.51782
21638,-99.731445
21639,-99.70093
21640,-99.609375
21641,-99.487305
21642,-99.67041
21643,-99.76196
21644,-99.731445
21645,-99.731445
21646,-99.67041
21647,-99.487305
21648,-99.79248
21649,-99.243164
21650,-99.18213
21651,-99.63989
21652,-99.45679
21653,-99.487305
21654,-99.731445
21655,-99.70093
21656,-99.63989
21657,-99.57886
21658,-99.88403
21659,-99.609375
21660,-99.67041
21661,-99.51782
21662,-99.70093
21663,-99.63989
21664,-99.853516
21665,-99.731445
21666,-99.51782
21667,-99.42627
21668,-99.67041
21669,-99.63989
21670,-99.63989
21671,-99.63989
21672,-99.609375
21673,-99.57886
21674,-99.45679
21675,-99.39575
21676,-99.33472
21677,-99.731445
21678,-99.67041
21679,-99.57886
21680,-99.18213
21681,-99.67041
21682,-99.63989
21683,-99.45679
21684,-99.63989
21685,-99.67041
21686,-99.63989
21687,-99.70093
21688,-99.63989
21689,-99.45679
21690,-99.70093
21691,-99.42627
21692,-99.79248
21693,-99.67041
21694,-99.70093
21695,-99.70093
21696,-99.57886
21697,-99.609375
21698,-99.63989
21699,-99.70093
21700,-99.63989
21701,-99.39575
21702,-99.57886
21703,-99.70093
21704,-99.57886
21705,-99.609375
21706,-99.42627
21707,-99.57886
21708,-99.67041
21709,-99.67041
21710,-99.67041
21711,-99.609375
21712,-99.63989
21713,-99.67041
21714,-99.57886
21715,-99.609375
21716,-99.63989
21717,-99.51782
21718,-99.67041
21719,-99.609375
21720,-99.487305
21721,-99.63989
21722,-99.70093
21723,-99.63989
21724,-99.67041
21725,-99.67041
21726,-99.57886
21727,-99.487305
21728,-99.27368
21729,-99.243164
21730,-99.57886
21731,-99.487305
21732,-99.365234
21733,-99.42627
21734,-99.70093
21735,-99.70093
21736,-99.70093
21737,-99.63989
21738,-99.45679
21739,-99.609375
21740,-99.67041
21741,-99.63989
21742,-99.33472
21743,-99.823
21744,-99.243164
21745,-99.45679
21746,-99.609375
21747,-99.67041
21748,-99.731445
21749,-99.70093
21750,-99.609375
21751,-99.731445
21752,-99.70093
21753,-99.70093
21754,-99.70093
21755,-99.63989
21756,-99.57886
21757,-99.365234
21758,-99.731445
21759,-99.609375
21760,-99.487305
21761,-99.51782
21762,-99.63989
21763,-99.67041
21764,-99.63989
21765,-99.63989
21766,-99.70093
21767,-99.487305
21768,-99.67041
21769,-99.45679
21770,-99.63989
21771,-99.51782
21772,-99.70093
21773,-99.76196
21774,-99.731445
21775,-99.63989
21776,-99.609375
21777,-99.609375
21778,-99.67041
21779,-99.57886
21780,-99.67041
21781,-99.51782
21782,-99.42627
21783,-99.609375
21784,-99.731445
21785,-99.88403
21786,-99.51782
21787,-99.63989
21788,-99.67041
21789,-99.70093
21790,-99.63989
21791,-99.70093
21792,-99.70093
21793,-99.63989
21794,-99.63989
21795,-99.57886
21796,-99.243164
21797,-99.79248
21798,-99.70093
21799,-99.57886
21800,-99.27368
21801,-99.67041
21802,-99.63989
21803,-99.63989
21804,-99.63989
21805,-99.70093
21806,-99.70093
21807,-99.609375
21808,-99.57886
21809,-99.45679
21810,-99.57886
21811,-99.51782
21812,-99.67041
21813,-99.45679
21814,-99.63989
21815,-99.67041
21816,-99.51782
21817,-99.33472
21818,-99.79248
21819,-99.67041
21820,-99.51782
21821,-99.51782
21822,-99.731445
21823,-99.70093
21824,-99.67041
21825,-99.609375
21826,-99.67041
21827,-99.51782
21828,-99.63989
21829,-99.33472
21830,-99.609375
21831,-99.70093
21832,-99.33472
21833,-99.3042
21834,-99.487305
21835,-99.70093
21836,-99.70093
21837,-99.63989
21838,-99.67041
21839,-99.67041
21840,-99.731445
21841,-99.731445
21842,-99.27368
21843,-99.487305
21844,-99.21265
21845,-99.609375
21846,-99.609375
21847,-99.57886
21848,-99.609375
21849,-99.63989
21850,-99.63989
21851,-99.67041
21852,-99.67041
21853,-99.609375
21854,-99.609375
21855,-99.42627
21856,-99.45679
21857,-99.67041
21858,-99.609375
21859,-99.487305
21860,-99.33472
21861,-99.63989
21862,-99.487305
21863,-99.33472
21864,-99.609375
21865,-99.63989
21866,-99.67041
21867,-99.67041
21868,-99.731445
21869,-99.67041
21870,-99.67041
21871,-99.731445
21872,-99.67041
21873,-99.67041
21874,-99.67041
21875,-99.70093
21876,-99.609375
21877,-99.57886
21878,-99.57886
21879,-99.70093
21880,-99.57886
21881,-99.57886
21882,-99.42627
21883,-99.70093
21884,-99.67041
21885,-99.67041
21886,-99.21265
21887,-99.63989
21888,-99.51782
21889,-99.67041
21890,-99.609375
21891,-99.63989
21892,-99.45679
21893,-99.609375
21894,-99.27368
21895,-99.45679
21896,-99.67041
21897,-99.67041
21898,-99.67041
21899,-99.3042
21900,-99.45679
21901,-99.63989
21902,-99.51782
21903,-99.51782
21904,-99.487305
21905,-99.609375
21906,-99.63989
21907,-99.67041
21908,-99.731445
21909,-99.63989
21910,-99.45679
21911,-99.51782
21912,-99.67041
21913,-99.731445
21914,-99.67041
21915,-99.63989
21916,-99.63989
21917,-99.487305
21918,-99.243164
21919,-99.67041
21920,-99.70093
21921,-99.609375
21922,-99.63989
21923,-99.63989
21924,-99.57886
21925,-99.70093
21926,-99.70093
21927,-99.853516
21928,-99.45679
21929,-99.70093
21930,-99.63989
21931,-99.3042
21932,-99.365234
21933,-99.70093
21934,-99.67041
21935,-99.67041
21936,-99.63989
21937,-99.609375
21938,-99.33472
21939,-99.609375
21940,-99.67041
21941,-99.42627
21942,-99.88403
21943,-99.70093
21944,-99.79248
21945,-99.731445
21946,-99.45679
21947,-99.63989
21948,-99.51782
21949,-99.609375
21950,-99.609375
21951,-99.70093
21952,-99.609375
21953,-99.63989
21954,-99.57886
21955,-99.63989
21956,-99.51782
21957,-99.57886
21958,-99.67041
21959,-99.731445
21960,-99.51782
21961,-99.609375
21962,-99.70093
21963,-99.67041
21964,-99.63989
21965,-99.70093
21966,-99.70093
21967,-99.67041
21968,-99.76196
21969,-99.57886
21970,-99.487305
21971,-99.609375
21972,-99.51782
21973,-99.70093
21974,-99.67041
21975,-99.67041
21976,-99.57886
21977,-99.365234
21978,-99.45679
21979,-99.67041
21980,-99.63989
21981,-99.609375
21982,-99.57886
21983,-99.63989
21984,-99.76196
21985,-99.67041
21986,-99.33472
21987,-99.63989
21988,-99.609375
21989,-99.609375
21990,-99.67041
21991,-99.67041
21992,-99.609375
21993,-99.609375
21994,-99.609375
21995,-99.45679
21996,-99.3042
21997,-99.76196
21998,-99.70093
21999,-99.63989
22000,-99.609375
22001,-99.45679
22002,-99.731445
22003,-99.70093
22004,-99.70093
22005,-99.70093
22006,-99.76196
22007,-99.51782
22008,-99.67041
22009,-99.3042
22010,-99.63989
22011,-99.609375
22012,-99.45679
22013,-99.79248
22014,-99.63989
22015,-99.731445
22016,-99.67041
22017,-99.51782
22018,-99.67041
22019,-99.70093
22020,-99.67041
22021,-99.76196
22022,-99.731445
22023,-99.70093
22024,-99.76196
22025,-99.609375
22026,-99.487305
22027,-99.853516
22028,-99.487305
22029,-99.57886
22030,-99.487305
22031,-99.51782
22032,-99.45679
22033,-99.39575
22034,-99.243164
22035,-99.63989
22036,-99.67041
22037,-99.63989
22038,-99.609375
22039,-99.487305
22040,-99.70093
22041,-99.67041
22042,-99.51782
22043,-99.63989
22044,-99.51782
22045,-99.67041
22046,-99.70093
22047,-99.67041
22048,-99.609375
22049,-99.70093
22050,-99.609375
22051,-99.63989
22052,-99.70093
22053,-99.70093
22054,-99.70093
22055,-99.57886
22056,-99.67041
22057,-99.76196
22058,-99.67041
22059,-99.609375
22060,-99.45679
22061,-99.609375
22062,-99.67041
22063,-99.67041
22064,-99.67041
22065,-99.67041
22066,-99.79248
22067,-99.487305
22068,-99.33472
22069,-99.27368
22070,-99.487305
22071,-99.45679
22072,-99.51782
22073,-99.39575
22074,-99.609375
22075,-99.57886
22076,-99.731445
22077,-99.731445
22078,-99.487305
22079,-99.70093
22080,-99.731445
22081,-99.67041
22082,-99.823
22083,-99.67041
22084,-99.823
22085,-99.63989
22086,-99.609375
22087,-99.609375
22088,-99.609375
22089,-99.63989
22090,-99.70093
22091,-99.70093
22092,-99.67041
22093,-99.57886
22094,-99.57886
22095,-99.63989
22096,-99.63989
22097,-99.67041
22098,-99.609375
22099,-99.609375
22100,-99.70093
22101,-99.63989
22102,-99.45679
22103,-99.487305
22104,-99.731445
22105,-99.609375
22106,-99.70093
22107,-99.67041
22108,-99.731445
22109,-99.63989
22110,-99.57886
22111,-99.70093
22112,-99.67041
22113,-99.67041
22114,-99.67041
22115,-99.67041
22116,-99.609375
22117,-99.63989
22118,-99.67041
22119,-99.63989
22120,-99.57886
22121,-99.67041
22122,-99.67041
22123,-99.67041
22124,-99.609375
22125,-99.731445
22126,-99.243164
22127,-99.63989
22128,-99.39575
22129,-99.63989
22130,-99.487305
22131,-99.51782
22132,-99.63989
22133,-99.67041
22134,-99.79248
22135,-99.70093
22136,-99.63989
22137,-99.67041
22138,-99.70093
22139,-99.57886
22140,-99.731445
22141,-99.487305
22142,-99.823
22143,-99.70093
22144,-99.45679
22145,-99.63989
22146,-99.609375
22147,-99.63989
22148,-99.67041
22149,-99.731445
22150,-99.70093
22151,-99.70093
22152,-99.731445
22153,-99.731445
22154,-99.609375
22155,-99.487305
22156,-99.609375
22157,-99.45679
22158,-99.67041
22159,-99.731445
22160,-99.609375
22161,-99.487305
22162,-99.67041
22163,-99.63989
22164,-99.70093
22165,-99.67041
22166,-99.57886
22167,-99.70093
22168,-99.79248
22169,-99.76196
22170,-99.731445
22171,-99.76196
22172,-99.76196
22173,-99.79248
22174,-99.70093
22175,-99.63989
22176,-99.63989
22177,-99.51782
22178,-99.3042
22179,-99.63989
22180,-99.731445
22181,-99.51782
22182,-99.731445
22183,-99.63989
22184,-99.70093
22185,-99.33472
22186,-99.57886
22187,-99.487305
22188,-99.609375
22189,-99.63989
22190,-99.63989
22191,-99.63989
22192,-99.57886
22193,-99.57886
22194,-99.51782
22195,-99.487305
22196,-99.3042
22197,-99.63989
22198,-99.63989
22199,-99.51782
22200,-99.853516
22201,-99.609375
22202,-99.57886
22203,-99.51782
22204,-99.609375
22205,-99.63989
22206,-99.63989
22207,-99.70093
22208,-99.67041
22209,-99.731445
22210,-99.63989
22211,-99.57886
22212,-99.51782
22213,-99.39575
22214,-99.76196
22215,-99.79248
22216,-99.67041
22217,-99.609375
22218,-99.487305
22219,-99.609375
22220,-99.609375
22221,-99.57886
22222,-99.18213
22223,-99.243164
22224,-99.609375
22225,-99.57886
22226,-99.63989
22227,-99.76196
22228,-99.70093
22229,-99.731445
22230,-99.67041
22231,-99.63989
22232,-99.70093
22233,-99.67041
22234,-99.70093
22235,-99.609375
22236,-99.67041
22237,-99.3042
22238,-99.57886
22239,-99.67041
22240,-99.63989
22241,-99.21265
22242,-99.67041
22243,-99.731445
22244,-99.63989
22245,-99.67041
22246,-99.39575
22247,-99.487305
22248,-99.42627
22249,-99.57886
22250,-99.45679
22251,-99.63989
22252,-99.609375
22253,-99.67041
22254,-99.79248
22255,-99.76196
22256,-99.731445
22257,-99.67041
22258,-99.51782
22259,-99.91455
22260,-99.70093
22261,-99.63989
22262,-99.51782
22263,-99.39575
22264,-99.57886
22265,-99.63989
22266,-99.63989
22267,-99.70093
22268,-99.42627
22269,-99.45679
22270,-99.51782
22271,-99.45679
22272,-99.63989
22273,-99.39575
22274,-99.487305
22275,-99.731445
22276,-99.63989
22277,-99.609375
22278,-99.42627
22279,-99.63989
22280,-99.731445
22281,-99.67041
22282,-99.88403
22283,-99.731445
22284,-99.57886
22285,-99.51782
22286,-99.63989
22287,-99.67041
22288,-99.609375
22289,-99.63989
22290,-99.63989
22291,-99.609375
22292,-99.51782
22293,-99.51782
22294,-99.70093
22295,-99.63989
22296,-99.67041
22297,-99.70093
22298,-99.57886
22299,-99.487305
22300,-99.70093
22301,-99.609375
22302,-99.45679
22303,-99.365234
22304,-99.609375
22305,-99.67041
22306,-99.67041
22307,-99.70093
22308,-99.70093
22309,-99.487305
22310,-99.853516
22311,-99.823
22312,-99.45679
22313,-99.731445
22314,-99.731445
22315,-99.67041
22316,-99.63989
22317,-99.45679
22318,-99.79248
22319,-99.76196
22320,-99.63989
22321,-99.33472
22322,-99.51782
22323,-99.67041
22324,-99.57886
22325,-99.243164
22326,-99.33472
22327,-99.63989
22328,-99.609375
22329,-99.67041
22330,-99.63989
22331,-99.609375
22332,-99.63989
22333,-99.57886
22334,-99.57886
22335,-99.487305
22336,-99.609375
22337,-99.76196
22338,-99.67041
22339,-99.609375
22340,-99.67041
22341,-99.67041
22342,-99.70093
22343,-99.609375
22344,-99.63989
22345,-99.609375
22346,-99.609375
22347,-99.609375
22348,-99.18213
22349,-99.39575
22350,-99.365234
22351,-99.42627
22352,-99.39575
22353,-99.63989
22354,-99.823
22355,-99.487305
22356,-99.487305
22357,-99.67041
22358,-99.609375
22359,-99.63989
22360,-99.67041
22361,-99.70093
22362,-99.609375
22363,-99.57886
22364,-99.67041
22365,-99.731445
22366,-99.76196
22367,-99.731445
22368,-99.57886
22369,-99.823
22370,-99.243164
22371,-99.243164
22372,-99.76196
22373,-99.57886
22374,-99.487305
22375,-99.67041
22376,-99.67041
22377,-99.609375
22378,-99.45679
22379,-99.487305
22380,-99.63989
22381,-99.609375
22382,-99.51782
22383,-99.33472
22384,-99.487305
22385,-99.609375
22386,-99.67041
22387,-99.70093
22388,-99.67041
22389,-99.79248
22390,-99.67041
22391,-99.79248
22392,-99.731445
22393,-99.57886
22394,-99.63989
22395,-99.67041
22396,-99.70093
22397,-99.67041
22398,-99.42627
22399,-99.51782
22400,-99.70093
22401,-99.609375
22402,-99.39575
22403,-99.243164
22404,-99.57886
22405,-99.57886
22406,-99.70093
22407,-99.609375
22408,-99.63989
22409,-99.67041
22410,-99.70093
22411,-99.67041
22412,-99.63989
22413,-99.63989
22414,-99.67041
22415,-99.57886
22416,-99.243164
22417,-99.63989
22418,-99.67041
22419,-99.67041
22420,-99.67041
22421,-99.51782
22422,-99.70093
22423,-99.70093
22424,-99.45679
22425,-99.823
22426,-99.39575
22427,-99.51782
22428,-99.609375
22429,-99.63989
22430,-99.67041
22431,-99.63989
22432,-99.70093
22433,-99.63989
22434,-99.67041
22435,-99.63989
22436,-99.51782
22437,-99.51782
22438,-99.487305
22439,-99.67041
22440,-99.70093
22441,-99.365234
22442,-99.70093
22443,-99.45679
22444,-99.731445
22445,-99.365234
22446,-99.51782
22447,-99.57886
22448,-99.70093
22449,-99.70093
22450,-99.67041
22451,-99.609375
22452,-99.70093
22453,-99.67041
22454,-99.57886
22455,-99.57886
22456,-99.51782
22457,-99.42627
22458,-99.609375
22459,-99.609375
22460,-99.42627
22461,-99.70093
22462,-99.731445
22463,-99.609375
22464,-99.67041
22465,-99.57886
22466,-99.76196
22467,-99.609375
22468,-99.57886
22469,-99.63989
22470,-99.51782
22471,-99.487305
22472,-99.63989
22473,-99.51782
22474,-99.57886
22475,-99.15161
22476,-99.487305
22477,-99.70093
22478,-99.67041
22479,-99.45679
22480,-99.57886
22481,-99.70093
22482,-99.609375
22483,-99.63989
22484,-99.63989
22485,-99.609375
22486,-99.70093
22487,-99.76196
22488,-99.51782
22489,-99.57886
22490,-99.39575
22491,-99.45679
22492,-99.609375
22493,-99.51782
22494,-99.853516
22495,-99.63989
22496,-99.731445
22497,-99.70093
22498,-99.51782
22499,-99.63989
22500,-99.70093
22501,-99.731445
22502,-99.42627
22503,-99.51782
22504,-99.51782
22505,-99.67041
22506,-99.70093
22507,-99.67041
22508,-99.57886
22509,-99.79248
22510,-99.76196
22511,-99.45679
22512,-99.609375
22513,-99.67041
22514,-99.67041
22515,-99.70093
22516,-99.45679
22517,-99.33472
22518,-99.39575
22519,-99.70093
22520,-99.57886
22521,-99.39575
22522,-99.70093
22523,-99.731445
22524,-99.67041
22525,-99.609375
22526,-99.853516
22527,-99.365234
22528,-99.45679
22529,-99.487305
22530,-99.609375
22531,-99.609375
22532,-99.67041
22533,-99.609375
22534,-99.243164
22535,-99.57886
22536,-99.487305
22537,-99.70093
22538,-99.609375
22539,-99.67041
22540,-99.57886
22541,-99.67041
22542,-99.57886
22543,-99.487305
22544,-99.67041
22545,-99.63989
22546,-99.67041
22547,-99.70093
22548,-99.76196
22549,-99.79248
22550,-99.57886
22551,-99.609375
22552,-99.57886
22553,-99.731445
22554,-99.731445
22555,-99.63989
22556,-99.70093
22557,-99.63989
22558,-99.67041
22559,-99.45679
22560,-99.42627
22561,-99.63989
22562,-99.63989
22563,-99.57886
22564,-99.609375
22565,-99.70093
22566,-99.67041
22567,-99.70093
22568,-99.57886
22569,-99.731445
22570,-99.365234
22571,-99.33472
22572,-99.67041
22573,-99.57886
22574,-99.853516
22575,-99.731445
22576,-99.731445
22577,-99.67041
22578,-99.487305
22579,-99.79248
22580,-99.70093
22581,-99.70093
22582,-99.57886
22583,-99.57886
22584,-99.57886
22585,-99.67041
22586,-99.70093
22587,-99.67041
22588,-99.70093
22589,-99.79248
22590,-99.67041
22591,-99.365234
22592,-99.33472
22593,-99.609375
22594,-99.243164
22595,-99.731445
22596,-99.487305
22597,-99.67041
22598,-99.63989
22599,-99.42627
22600,-99.45679
22601,-99.63989
22602,-99.70093
22603,-99.70093
22604,-99.63989
22605,-99.731445
22606,-99.63989
22607,-99.88403
22608,-99.33472
22609,-99.487305
22610,-99.51782
22611,-99.57886
22612,-99.63989
22613,-99.487305
22614,-99.51782
22615,-99.76196
22616,-99.63989
22617,-99.67041
22618,-99.609375
22619,-99.51782
22620,-99.51782
22621,-99.67041
22622,-99.63989
22623,-99.63989
22624,-99.731445
22625,-99.609375
22626,-99.243164
22627,-99.487305
22628,-99.51782
22629,-99.70093
22630,-99.609375
22631,-99.70093
22632,-99.67041
22633,-99.57886
22634,-99.57886
22635,-99.51782
22636,-99.57886
22637,-99.67041
22638,-99.63989
22639,-99.67041
22640,-99.51782
22641,-99.487305
22642,-99.63989
22643,-99.70093
22644,-99.42627
22645,-99.33472
22646,-99.51782
22647,-99.57886
22648,-99.63989
22649,-99.67041
22650,-99.63989
22651,-99.67041
22652,-99.67041
22653,-99.70093
22654,-99.57886
22655,-99.39575
22656,-99.33472
22657,-99.88403
22658,-99.70093
22659,-99.67041
22660,-99.487305
22661,-99.731445
22662,-99.731445
22663,-99.70093
22664,-99.70093
22665,-99.731445
22666,-99.853516
22667,-99.609375
22668,-99.57886
22669,-99.51782
22670,-99.67041
22671,-99.63989
22672,-99.57886
22673,-99.609375
22674,-99.45679
22675,-99.45679
22676,-99.67041
22677,-99.70093
22678,-99.67041
22679,-99.487305
22680,-99.63989
22681,-99.70093
22682,-99.42627
22683,-99.609375
22684,-99.67041
22685,-99.63989
22686,-99.63989
22687,-99.67041
22688,-99.609375
22689,-99.45679
22690,-99.70093
22691,-99.731445
22692,-99.609375
22693,-99.70093
22694,-99.67041
22695,-99.67041
22696,-99.609375
22697,-99.365234
22698,-99.33472
22699,-99.42627
22700,-99.731445
22701,-99.63989
22702,-99.27368
22703,-99.3042
22704,-99.70093
22705,-99.57886
22706,-99.70093
22707,-99.67041
22708,-99.609375
22709,-99.57886
22710,-99.731445
22711,-99.51782
22712,-99.57886
22713,-99.63989
22714,-99.853516
22715,-99.67041
22716,-99.70093
22717,-99.67041
22718,-99.63989
22719,-99.243164
22720,-99.57886
22721,-99.63989
22722,-99.57886
22723,-99.609375
22724,-99.609375
22725,-99.67041
22726,-99.70093
22727,-99.63989
22728,-99.57886
22729,-99.487305
22730,-99.3042
22731,-99.42627
22732,-99.365234
22733,-99.243164
22734,-99.487305
22735,-99.63989
22736,-99.70093
22737,-99.67041
22738,-99.51782
22739,-99.609375
22740,-99.487305
22741,-99.70093
22742,-99.57886
22743,-99.609375
22744,-99.63989
22745,-99.63989
22746,-99.853516
22747,-99.731445
22748,-99.27368
22749,-99.45679
22750,-99.487305
22751,-99.609375
22752,-99.51782
22753,-99.57886
22754,-99.63989
22755,-99.27368
22756,-99.39575
22757,-99.67041
22758,-99.609375
22759,-99.63989
22760,-99.609375
22761,-99.70093
22762,-99.67041
22763,-99.63989
22764,-99.609375
22765,-99.63989
22766,-99.731445
22767,-99.853516
22768,-99.67041
22769,-99.67041
22770,-99.79248
22771,-99.63989
22772,-99.45679
22773,-99.609375
22774,-99.67041
22775,-99.63989
22776,-99.67041
22777,-99.51782
22778,-99.51782
22779,-99.42627
22780,-99.67041
22781,-99.63989
22782,-99.39575
22783,-99.63989
22784,-99.51782
22785,-99.70093
22786,-99.70093
22787,-99.70093
22788,-99.823
22789,-99.609375
22790,-99.70093
22791,-99.609375
22792,-99.731445
22793,-99.57886
22794,-99.67041
22795,-99.67041
22796,-99.63989
22797,-99.63989
22798,-99.609375
22799,-99.63989
22800,-99.70093
22801,-99.67041
22802,-99.57886
22803,-99.63989
22804,-99.67041
22805,-99.609375
22806,-99.67041
22807,-99.70093
22808,-99.76196
22809,-99.42627
22810,-99.51782
22811,-99.42627
22812,-99.823
22813,-99.731445
22814,-99.76196
22815,-99.731445
22816,-99.57886
22817,-99.33472
22818,-99.51782
22819,-99.70093
22820,-99.63989
22821,-99.94507
22822,-99.823
22823,-99.853516
22824,-99.79248
22825,-99.365234
22826,-99.51782
22827,-99.67041
22828,-99.67041
22829,-99.731445
22830,-99.70093
22831,-99.67041
22832,-99.67041
22833,-99.731445
22834,-99.63989
22835,-99.63989
22836,-99.67041
22837,-99.57886
22838,-99.76196
22839,-99.70093
22840,-99.63989
22841,-99.487305
22842,-99.76196
22843,-99.67041
22844,-99.57886
22845,-99.609375
22846,-99.609375
22847,-99.731445
22848,-99.63989
22849,-99.67041
22850,-99.63989
22851,-99.67041
22852,-99.731445
22853,-99.70093
22854,-99.63989
22855,-99.63989
22856,-99.609375
22857,-99.51782
22858,-99.39575
22859,-99.67041
22860,-99.63989
22861,-99.487305
22862,-99.45679
22863,-99.63989
22864,-99.487305
22865,-99.63989
22866,-99.731445
22867,-99.63989
22868,-99.67041
22869,-99.67041
22870,-99.70093
22871,-99.67041
22872,-99.67041
22873,-99.63989
22874,-99.67041
22875,-99.67041
22876,-99.57886
22877,-99.88403
22878,-99.79248
22879,-99.731445
22880,-99.487305
22881,-99.823
22882,-99.67041
22883,-99.63989
22884,-99.70093
22885,-99.79248
22886,-99.42627
22887,-99.57886
22888,-99.67041
22889,-99.67041
22890,-99.70093
22891,-99.63989
22892,-99.67041
22893,-99.67041
22894,-99.63989
22895,-99.487305
22896,-99.39575
22897,-99.76196
22898,-99.45679
22899,-99.70093
22900,-99.57886
22901,-99.823
22902,-99.823
22903,-99.487305
22904,-99.243164
22905,-99.609375
22906,-99.609375
22907,-99.609375
22908,-99.70093
22909,-99.70093
22910,-99.70093
22911,-99.731445
22912,-99.731445
22913,-99.67041
22914,-99.70093
22915,-99.63989
22916,-99.39575
22917,-99.63989
22918,-99.63989
22919,-99.63989
22920,-99.365234
22921,-99.67041
22922,-99.609375
22923,-99.57886
22924,-99.67041
22925,-99.731445
22926,-99.70093
22927,-99.42627
22928,-99.39575
22929,-99.70093
22930,-99.487305
22931,-99.731445
22932,-99.57886
22933,-99.67041
22934,-99.67041
22935,-99.67041
22936,-99.57886
22937,-99.487305
22938,-99.487305
22939,-99.70093
22940,-99.57886
22941,-99.51782
22942,-99.67041
22943,-99.63989
22944,-99.57886
22945,-99.63989
22946,-99.609375
22947,-99.63989
22948,-99.609375
22949,-99.63989
22950,-99.63989
22951,-99.70093
22952,-99.63989
22953,-99.57886
22954,-99.51782
22955,-99.45679
22956,-99.57886
22957,-99.731445
22958,-99.51782
22959,-99.45679
22960,-99.63989
22961,-99.63989
22962,-99.609375
22963,-99.487305
22964,-99.63989
22965,-99.67041
22966,-99.67041
22967,-99.67041
22968,-99.51782
22969,-99.823
22970,-99.67041
22971,-99.79248
22972,-99.67041
22973,-99.67041
22974,-99.67041
22975,-99.63989
22976,-99.57886
22977,-99.365234
22978,-99.67041
22979,-99.76196
22980,-99.609375
22981,-99.76196
22982,-99.731445
22983,-99.731445
22984,-99.76196
22985,-99.67041
22986,-99.51782
22987,-99.45679
22988,-99.67041
22989,-99.365234
22990,-99.51782
22991,-99.39575
22992,-99.88403
22993,-99.823
22994,-99.609375
22995,-99.67041
22996,-99.70093
22997,-99.609375
22998,-99.57886
22999,-99.51782
23000,-99.67041
23001,-99.609375
23002,-99.365234
23003,-99.51782
23004,-99.487305
23005,-99.63989
23006,-99.67041
23007,-99.731445
23008,-99.63989
23009,-99.70093
23010,-99.45679
23011,-99.57886
23012,-99.731445
23013,-99.67041
23014,-99.70093
23015,-99.67041
23016,-99.57886
23017,-99.365234
23018,-99.487305
23019,-99.67041
23020,-99.609375
23021,-99.45679
23022,-99.45679
23023,-99.609375
23024,-99.51782
23025,-99.67041
23026,-99.57886
23027,-99.70093
23028,-99.70093
23029,-99.70093
23030,-99.63989
23031,-99.70093
23032,-99.70093
23033,-99.67041
23034,-99.731445
23035,-99.63989
23036,-99.609375
23037,-99.487305
23038,-99.487305
23039,-99.67041
23040,-99.63989
23041,-99.57886
23042,-99.67041
23043,-99.70093
23044,-99.51782
23045,-99.27368
23046,-99.365234
23047,-99.63989
23048,-99.63989
23049,-99.67041
23050,-99.70093
23051,-99.67041
23052,-99.57886
23053,-99.63989
23054,-99.609375
23055,-99.76196
23056,-99.76196
23057,-99.731445
23058,-99.70093
23059,-99.67041
23060,-99.76196
23061,-99.76196
23062,-99.70093
23063,-99.67041
23064,-99.67041
23065,-99.67041
23066,-99.57886
23067,-99.57886
23068,-99.609375
23069,-99.67041
23070,-99.45679
23071,-99.42627
23072,-99.57886
23073,-99.63989
23074,-99.365234
23075,-99.39575
23076,-99.67041
23077,-99.67041
23078,-99.45679
23079,-99.487305
23080,-99.70093
23081,-99.63989
23082,-99.51782
23083,-99.51782
23084,-99.67041
23085,-99.63989
23086,-99.63989
23087,-99.67041
23088,-99.63989
23089,-99.70093
23090,-99.67041
23091,-99.67041
23092,-99.609375
23093,-99.63989
23094,-99.57886
23095,-99.365234
23096,-99.487305
23097,-99.70093
23098,-99.67041
23099,-99.609375
23100,-99.487305
23101,-99.45679
23102,-99.57886
23103,-99.70093
23104,-99.609375
23105,-99.45679
23106,-99.33472
23107,-99.487305
23108,-99.63989
23109,-99.67041
23110,-99.63989
23111,-99.63989
23112,-99.609375
23113,-99.609375
23114,-99.609375
23115,-99.70093
23116,-99.45679
23117,-99.63989
23118,-99.731445
23119,-99.67041
23120,-99.63989
23121,-99.731445
23122,-99.731445
23123,-99.731445
23124,-99.63989
23125,-99.70093
23126,-99.853516
23127,-99.51782
23128,-99.609375
23129,-99.609375
23130,-99.63989
23131,-99.63989
23132,-99.51782
23133,-99.45679
23134,-99.63989
23135,-99.70093
23136,-99.63989
23137,-99.79248
23138,-99.57886
23139,-99.45679
23140,-99.63989
23141,-99.63989
23142,-99.57886
23143,-99.63989
23144,-99.67041
23145,-99.70093
23146,-99.67041
23147,-99.39575
23148,-99.487305
23149,-99.42627
23150,-99.487305
23151,-99.487305
23152,-99.365234
23153,-99.57886
23154,-99.45679
23155,-99.609375
23156,-99.609375
23157,-99.609375
23158,-99.487305
23159,-99.51782
23160,-99.609375
23161,-99.609375
23162,-99.365234
23163,-99.487305
23164,-99.609375
23165,-99.70093
23166,-99.67041
23167,-99.731445
23168,-99.70093
23169,-99.70093
23170,-99.63989
23171,-99.731445
23172,-99.45679
23173,-99.67041
23174,-99.70093
23175,-99.67041
23176,-99.609375
23177,-99.609375
23178,-99.731445
23179,-99.67041
23180,-99.70093
23181,-99.609375
23182,-99.76196
23183,-99.487305
23184,-99.57886
23185,-99.51782
23186,-99.67041
23187,-99.63989
23188,-99.70093
23189,-99.487305
23190,-99.823
23191,-99.51782
23192,-99.67041
23193,-99.67041
23194,-99.63989
23195,-99.70093
23196,-99.609375
23197,-99.91455
23198,-99.45679
23199,-99.67041
23200,-99.57886
23201,-99.70093
23202,-99.67041
23203,-99.609375
23204,-99.67041
23205,-99.70093
23206,-99.57886
23207,-99.45679
23208,-99.45679
23209,-99.609375
23210,-99.45679
23211,-99.609375
23212,-99.45679
23213,-99.63989
23214,-99.3042
23215,-99.45679
23216,-99.67041
23217,-99.67041
23218,-99.63989
23219,-99.27368
23220,-99.487305
23221,-99.63989
23222,-99.609375
23223,-99.57886
23224,-99.67041
23225,-99.731445
23226,-99.609375
23227,-99.67041
23228,-99.243164
23229,-99.243164
23230,-99.609375
23231,-99.51782
23232,-99.63989
23233,-99.70093
23234,-99.731445
23235,-99.487305
23236,-99.609375
23237,-99.63989
23238,-99.63989
23239,-99.243164
23240,-99.57886
23241,-99.67041
23242,-99.51782
23243,-99.51782
23244,-99.67041
23245,-99.70093
23246,-99.823
23247,-99.67041
23248,-99.609375
23249,-99.51782
23250,-99.57886
23251,-99.609375
23252,-99.365234
23253,-99.3042
23254,-99.67041
23255,-99.63989
23256,-99.70093
23257,-99.63989
23258,-99.487305
23259,-99.51782
23260,-99.67041
23261,-99.609375
23262,-99.42627
23263,-99.609375
23264,-99.63989
23265,-99.731445
23266,-99.67041
23267,-99.70093
23268,-99.487305
23269,-99.42627
23270,-99.609375
23271,-99.63989
23272,-99.57886
23273,-99.51782
23274,-99.70093
23275,-99.731445
23276,-99.67041
23277,-99.487305
23278,-99.609375
23279,-99.731445
23280,-99.731445
23281,-99.45679
23282,-99.487305
23283,-99.487305
23284,-99.3042
23285,-99.42627
23286,-99.51782
23287,-99.67041
23288,-99.63989
23289,-99.70093
23290,-99.70093
23291,-99.731445
23292,-99.67041
23293,-99.70093
23294,-99.609375
23295,-99.487305
23296,-99.88403
23297,-99.42627
23298,-99.67041
23299,-99.609375
23300,-99.51782
23301,-99.853516
23302,-99.67041
23303,-99.70093
23304,-99.731445
23305,-99.67041
23306,-99.42627
23307,-99.51782
23308,-99.63989
23309,-99.63989
23310,-99.70093
23311,-99.67041
23312,-99.67041
23313,-99.63989
23314,-99.57886
23315,-99.57886
23316,-99.63989
23317,-99.45679
23318,-99.487305
23319,-99.609375
23320,-99.487305
23321,-99.609375
23322,-99.51782
23323,-99.88403
23324,-99.79248
23325,-99.33472
23326,-99.57886
23327,-99.63989
23328,-99.70093
23329,-99.70093
23330,-99.67041
23331,-99.731445
23332,-99.67041
23333,-99.63989
23334,-99.63989
23335,-99.51782
23336,-99.365234
23337,-99.731445
23338,-99.67041
23339,-99.70093
23340,-99.609375
23341,-99.823
23342,-99.609375
23343,-99.609375
23344,-99.243164
23345,-99.67041
23346,-99.609375
23347,-99.63989
23348,-99.76196
23349,-99.67041
23350,-99.70093
23351,-99.70093
23352,-99.67041
23353,-99.67041
23354,-99.63989
23355,-99.63989
23356,-99.57886
23357,-99.487305
23358,-99.487305
23359,-99.67041
23360,-99.67041
23361,-99.243164
23362,-99.365234
23363,-99.70093
23364,-99.27368
23365,-99.365234
23366,-99.51782
23367,-99.609375
23368,-99.609375
23369,-99.609375
23370,-99.63989
23371,-99.63989
23372,-99.63989
23373,-99.609375
23374,-99.57886
23375,-99.91455
23376,-99.57886
23377,-99.63989
23378,-99.63989
23379,-99.487305
23380,-99.51782
23381,-99.67041
23382,-99.67041
23383,-99.70093
23384,-99.67041
23385,-99.76196
23386,-99.51782
23387,-99.63989
23388,-99.487305
23389,-99.609375
23390,-99.609375
23391,-99.609375
23392,-99.57886
23393,-99.63989
23394,-99.57886
23395,-99.57886
23396,-99.70093
23397,-99.70093
23398,-99.70093
23399,-99.609375
23400,-99.57886
23401,-99.51782
23402,-99.67041
23403,-99.70093
23404,-99.79248
23405,-99.79248
23406,-99.487305
23407,-99.57886
23408,-99.63989
23409,-99.609375
23410,-99.63989
23411,-99.67041
23412,-99.609375
23413,-99.487305
23414,-99.63989
23415,-99.609375
23416,-99.731445
23417,-99.731445
23418,-99.70093
23419,-99.63989
23420,-99.609375
23421,-99.67041
23422,-99.731445
23423,-99.67041
23424,-99.67041
23425,-99.45679
23426,-99.42627
23427,-99.609375
23428,-99.70093
23429,-99.67041
23430,-99.70093
23431,-99.76196
23432,-99.67041
23433,-99.67041
23434,-99.67041
23435,-99.63989
23436,-99.57886
23437,-99.39575
23438,-99.731445
23439,-99.70093
23440,-99.51782
23441,-99.63989
23442,-99.67041
23443,-99.63989
23444,-99.67041
23445,-99.70093
23446,-99.609375
23447,-99.57886
23448,-99.609375
23449,-99.67041
23450,-99.63989
23451,-99.63989
23452,-99.63989
23453,-99.609375
23454,-99.45679
23455,-99.27368
23456,-99.487305
23457,-99.63989
23458,-99.67041
23459,-99.487305
23460,-99.42627
23461,-99.67041
23462,-99.67041
23463,-99.63989
23464,-99.70093
23465,-99.42627
23466,-99.42627
23467,-99.67041
23468,-99.51782
23469,-99.63989
23470,-99.51782
23471,-99.51782
23472,-99.57886
23473,-99.51782
23474,-99.27368
23475,-99.51782
23476,-99.57886
23477,-99.63989
23478,-99.57886
23479,-99.51782
23480,-99.76196
23481,-99.70093
23482,-99.57886
23483,-99.609375
23484,-99.63989
23485,-99.70093
23486,-99.67041
23487,-99.609375
23488,-99.609375
23489,-99.63989
23490,-99.731445
23491,-99.487305
23492,-99.63989
23493,-99.45679
23494,-99.70093
23495,-99.67041
23496,-99.57886
23497,-99.42627
23498,-99.45679
23499,-99.70093
23500,-99.67041
23501,-99.42627
23502,-99.57886
23503,-99.57886
23504,-99.3042
23505,-99.63989
23506,-99.609375
23507,-99.70093
23508,-99.63989
23509,-99.63989
23510,-99.63989
23511,-99.67041
23512,-99.70093
23513,-99.70093
23514,-99.70093
23515,-99.63989
23516,-99.609375
23517,-99.39575
23518,-99.487305
23519,-99.76196
23520,-99.67041
23521,-99.67041
23522,-99.51782
23523,-99.823
23524,-99.609375
23525,-99.63989
23526,-99.67041
23527,-99.63989
23528,-99.70093
23529,-99.67041
23530,-99.70093
23531,-99.70093
23532,-99.67041
23533,-99.67041
23534,-99.609375
23535,-99.609375
23536,-99.27368
23537,-99.67041
23538,-99.70093
23539,-99.70093
23540,-99.45679
23541,-99.853516
23542,-99.70093
23543,-99.76196
23544,-99.57886
23545,-99.42627
23546,-99.67041
23547,-99.51782
23548,-99.57886
23549,-99.63989
23550,-99.67041
23551,-99.63989
23552,-99.67041
23553,-99.70093
23554,-99.70093
23555,-99.57886
23556,-99.63989
23557,-99.42627
23558,-99.609375
23559,-99.609375
23560,-99.45679
23561,-99.731445
23562,-99.63989
23563,-99.70093
23564,-99.70093
23565,-99.79248
23566,-99.57886
23567,-99.487305
23568,-99.57886
23569,-99.67041
23570,-99.609375
23571,-99.63989
23572,-99.67041
23573,-99.487305
23574,-99.51782
23575,-99.70093
23576,-99.63989
23577,-99.70093
23578,-99.731445
23579,-99.70093
23580,-99.823
23581,-99.70093
23582,-99.57886
23583,-99.609375
23584,-99.70093
23585,-99.67041
23586,-99.67041
23587,-99.243164
23588,-99.67041
23589,-99.609375
23590,-99.42627
23591,-99.57886
23592,-99.45679
23593,-99.63989
23594,-99.487305
23595,-99.731445
23596,-99.853516
23597,-99.70093
23598,-99.70093
23599,-99.63989
23600,-99.731445
23601,-99.731445
23602,-99.67041
23603,-99.63989
23604,-99.67041
23605,-99.63989
23606,-99.39575
23607,-99.63989
23608,-99.76196
23609,-99.27368
23610,-99.33472
23611,-99.39575
23612,-99.27368
23613,-99.51782
23614,-99.51782
23615,-99.67041
23616,-99.70093
23617,-99.67041
23618,-99.243164
23619,-99.853516
23620,-99.731445
23621,-99.57886
23622,-99.57886
23623,-99.67041
23624,-99.57886
23625,-99.70093
23626,-99.70093
23627,-99.67041
23628,-99.853516
23629,-99.731445
23630,-99.51782
23631,-99.67041
23632,-99.45679
23633,-99.731445
23634,-99.76196
23635,-99.70093
23636,-99.70093
23637,-99.609375
23638,-99.39575
23639,-99.57886
23640,-99.63989
23641,-99.57886
23642,-99.45679
23643,-99.487305
23644,-99.51782
23645,-99.63989
23646,-99.70093
23647,-99.70093
23648,-99.67041
23649,-99.67041
23650,-99.731445
23651,-99.731445
23652,-99.57886
23653,-99.67041
23654,-99.609375
23655,-99.51782
23656,-99.3042
23657,-99.70093
23658,-99.70093
23659,-99.67041
23660,-99.609375
23661,-99.70093
23662,-99.67041
23663,-99.70093
23664,-99.63989
23665,-99.609375
23666,-99.57886
23667,-99.63989
23668,-99.63989
23669,-99.63989
23670,-99.609375
23671,-99.609375
23672,-99.70093
23673,-99.57886
23674,-99.609375
23675,-99.39575
23676,-99.70093
23677,-99.487305
23678,-99.63989
23679,-99.57886
23680,-99.33472
23681,-99.63989
23682,-99.67041
23683,-99.67041
23684,-99.609375
23685,-99.51782
23686,-99.42627
23687,-99.57886
23688,-99.609375
23689,-99.57886
23690,-99.51782
23691,-99.45679
23692,-99.51782
23693,-99.79248
23694,-99.853516
23695,-99.731445
23696,-99.63989
23697,-99.45679
23698,-99.70093
23699,-99.70093
23700,-99.67041
23701,-99.609375
23702,-99.33472
23703,-99.609375
23704,-99.79248
23705,-99.487305
23706,-99.57886
23707,-99.731445
23708,-99.70093
23709,-99.67041
23710,-99.67041
23711,-99.70093
23712,-99.67041
23713,-99.63989
23714,-99.63989
23715,-99.609375
23716,-99.67041
23717,-99.70093
23718,-99.70093
23719,-99.609375
23720,-99.51782
23721,-99.51782
23722,-99.63989
23723,-99.57886
23724,-99.57886
23725,-99.76196
23726,-99.63989
23727,-99.51782
23728,-99.57886
23729,-99.67041
23730,-99.609375
23731,-99.609375
23732,-99.609375
23733,-99.45679
23734,-99.57886
23735,-99.67041
23736,-99.487305
23737,-99.67041
23738,-99.70093
23739,-99.63989
23740,-99.79248
23741,-99.67041
23742,-99.609375
23743,-99.63989
23744,-99.70093
23745,-99.63989
23746,-99.731445
23747,-99.33472
23748,-99.42627
23749,-99.42627
23750,-99.609375
23751,-99.51782
23752,-99.609375
23753,-99.67041
23754,-99.731445
23755,-99.51782
23756,-99.70093
23757,-99.70093
23758,-99.609375
23759,-99.609375
23760,-99.76196
23761,-99.63989
23762,-99.487305
23763,-99.57886
23764,-99.70093
23765,-99.70093
23766,-99.853516
23767,-99.45679
23768,-99.39575
23769,-99.27368
23770,-99.33472
23771,-99.3042
23772,-99.365234
23773,-99.487305
23774,-99.731445
23775,-99.67041
23776,-99.70093
23777,-99.57886
23778,-99.67041
23779,-99.63989
23780,-99.70093
23781,-99.57886
23782,-99.63989
23783,-99.51782
23784,-99.67041
23785,-99.70093
23786,-99.70093
23787,-99.487305
23788,-99.63989
23789,-99.57886
23790,-99.67041
23791,-99.42627
23792,-99.731445
23793,-99.51782
23794,-99.609375
23795,-99.731445
23796,-99.70093
23797,-99.67041
23798,-99.57886
23799,-99.51782
23800,-99.63989
23801,-99.609375
23802,-99.51782
23803,-99.487305
23804,-99.63989
23805,-99.70093
23806,-99.70093
23807,-99.63989
23808,-99.823
23809,-99.45679
23810,-99.63989
23811,-99.42627
23812,-99.76196
23813,-99.731445
23814,-99.70093
23815,-99.63989
23816,-99.609375
23817,-99.365234
23818,-99.57886
23819,-99.731445
23820,-99.70093
23821,-99.63989
23822,-99.67041
23823,-99.76196
23824,-99.45679
23825,-99.63989
23826,-99.67041
23827,-99.70093
23828,-99.63989
23829,-99.57886
23830,-99.91455
23831,-99.88403
23832,-99.51782
23833,-99.63989
23834,-99.70093
23835,-99.70093
23836,-99.67041
23837,-99.487305
23838,-99.79248
23839,-99.731445
23840,-99.67041
23841,-99.487305
23842,-99.609375
23843,-99.39575
23844,-99.57886
23845,-99.63989
23846,-99.70093
23847,-99.63989
23848,-99.67041
23849,-99.70093
23850,-99.63989
23851,-99.67041
23852,-99.67041
23853,-99.70093
23854,-99.63989
23855,-99.63989
23856,-99.365234
23857,-99.67041
23858,-99.63989
23859,-99.67041
23860,-99.51782
23861,-99.57886
23862,-99.63989
23863,-99.51782
23864,-99.27368
23865,-99.63989
23866,-99.609375
23867,-99.63989
23868,-99.63989
23869,-99.70093
23870,-99.63989
23871,-99.70093
23872,-99.70093
23873,-99.70093
23874,-99.67041
23875,-99.63989
23876,-99.3042
23877,-99.57886
23878,-99.63989
23879,-99.67041
23880,-99.63989
23881,-99.609375
23882,-99.731445
23883,-99.63989
23884,-99.70093
23885,-99.57886
23886,-99.88403
23887,-99.365234
23888,-99.39575
23889,-99.57886
23890,-99.487305
23891,-99.57886
23892,-99.51782
23893,-99.609375
23894,-99.76196
23895,-99.609375
23896,-99.70093
23897,-99.609375
23898,-99.57886
23899,-99.33472
23900,-99.609375
23901,-99.63989
23902,-99.57886
23903,-99.51782
23904,-99.63989
23905,-99.67041
23906,-99.51782
23907,-99.823
23908,-99.57886
23909,-99.70093
23910,-99.39575
23911,-99.42627
23912,-99.39575
23913,-99.27368
23914,-99.51782
23915,-99.57886
23916,-99.70093
23917,-99.67041
23918,-99.57886
23919,-99.79248
23920,-99.70093
23921,-99.67041
23922,-99.63989
23923,-99.609375
23924,-99.70093
23925,-99.609375
23926,-99.70093
23927,-99.67041
23928,-99.487305
23929,-99.63989
23930,-99.731445
23931,-99.63989
23932,-99.63989
23933,-99.70093
23934,-99.609375
23935,-99.731445
23936,-99.63989
23937,-99.45679
23938,-99.39575
23939,-99.67041
23940,-99.67041
23941,-99.609375
23942,-99.42627
23943,-99.67041
23944,-99.57886
23945,-99.609375
23946,-99.70093
23947,-99.63989
23948,-99.57886
23949,-99.51782
23950,-99.731445
23951,-99.70093
23952,-99.63989
23953,-99.79248
23954,-99.63989
23955,-99.70093
23956,-99.731445
23957,-99.57886
23958,-99.3042
23959,-99.51782
23960,-99.67041
23961,-99.51782
23962,-99.18213
23963,-99.365234
23964,-99.609375
23965,-99.609375
23966,-99.67041
23967,-99.63989
23968,-99.67041
23969,-99.70093
23970,-99.70093
23971,-99.67041
23972,-99.67041
23973,-99.67041
23974,-99.63989
23975,-99.609375
23976,-99.27368
23977,-99.63989
23978,-99.731445
23979,-99.609375
23980,-99.487305
23981,-99.609375
23982,-99.70093
23983,-99.63989
23984,-99.76196
23985,-99.63989
23986,-99.27368
23987,-99.63989
23988,-99.609375
23989,-99.57886
23990,-99.63989
23991,-99.63989
23992,-99.57886
23993,-99.63989
23994,-99.88403
23995,-99.76196
23996,-99.731445
23997,-99.67041
23998,-99.51782
23999,-99.39575
24000,-99.76196
24001,-99.70093
24002,-99.57886
24003,-99.51782
24004,-99.67041
24005,-99.76196
24006,-99.63989
24007,-99.76196
24008,-99.67041
24009,-99.487305
24010,-99.57886
24011,-99.731445
24012,-99.609375
24013,-99.70093
24014,-99.63989
24015,-99.67041
24016,-99.51782
24017,-99.27368
24018,-99.63989
24019,-99.70093
24020,-99.609375
24021,-99.79248
24022,-99.63989
24023,-99.57886
24024,-99.63989
24025,-99.51782
24026,-99.63989
24027,-99.67041
24028,-99.76196
24029,-99.70093
24030,-99.57886
24031,-99.487305
24032,-99.63989
24033,-99.70093
24034,-99.67041
24035,-99.731445
24036,-99.63989
24037,-99.45679
24038,-99.33472
24039,-99.63989
24040,-99.67041
24041,-99.67041
24042,-99.39575
24043,-99.51782
24044,-99.57886
24045,-99.609375
24046,-99.70093
24047,-99.70093
24048,-99.76196
24049,-99.70093
24050,-99.731445
24051,-99.70093
24052,-99.67041
24053,-99.63989
24054,-99.63989
24055,-99.63989
24056,-99.33472
24057,-99.51782
24058,-99.63989
24059,-99.63989
24060,-99.79248
24061,-99.70093
24062,-99.67041
24063,-99.70093
24064,-99.39575
24065,-99.45679
24066,-99.63989
24067,-99.51782
24068,-99.67041
24069,-99.57886
24070,-99.609375
24071,-99.609375
24072,-99.67041
24073,-99.63989
24074,-99.487305
24075,-99.45679
24076,-99.57886
24077,-99.487305
24078,-99.67041
24079,-99.67041
24080,-99.57886
24081,-99.70093
24082,-99.70093
24083,-99.63989
24084,-99.70093
24085,-99.487305
24086,-99.42627
24087,-99.57886
24088,-99.609375
24089,-99.609375
24090,-99.67041
24091,-99.609375
24092,-99.609375
24093,-99.487305
24094,-99.79248
24095,-99.76196
24096,-99.70093
24097,-99.70093
24098,-99.63989
24099,-99.609375
24100,-99.823
24101,-99.63989
24102,-99.67041
24103,-99.609375
24104,-99.67041
24105,-99.67041
24106,-99.63989
24107,-99.76196
24108,-99.63989
24109,-99.609375
24110,-99.63989
24111,-99.487305
24112,-99.79248
24113,-99.51782
24114,-99.487305
24115,-99.609375
24116,-99.63989
24117,-99.63989
24118,-99.853516
24119,-99.731445
24120,-99.487305
24121,-99.57886
24122,-99.67041
24123,-99.70093
24124,-99.57886
24125,-99.79248
24126,-99.42627
24127,-99.609375
24128,-99.609375
24129,-99.57886
24130,-99.609375
24131,-99.487305
24132,-99.609375
24133,-99.487305
24134,-99.45679
24135,-99.67041
24136,-99.63989
24137,-99.63989
24138,-99.63989
24139,-99.45679
24140,-99.609375
24141,-99.63989
24142,-99.63989
24143,-99.609375
24144,-99.63989
24145,-99.70093
24146,-99.70093
24147,-99.70093
24148,-99.67041
24149,-99.70093
24150,-99.76196
24151,-99.67041
24152,-99.63989
24153,-99.63989
24154,-99.609375
24155,-99.70093
24156,-99.609375
24157,-99.487305
24158,-99.42627
24159,-99.63989
24160,-99.63989
24161,-99.853516
24162,-99.70093
24163,-99.67041
24164,-99.42627
24165,-99.487305
24166,-99.57886
24167,-99.63989
24168,-99.67041
24169,-99.63989
24170,-99.731445
24171,-99.63989
24172,-99.70093
24173,-99.57886
24174,-99.39575
24175,-99.67041
24176,-99.70093
24177,-99.67041
24178,-99.67041
24179,-99.76196
24180,-99.67041
24181,-99.57886
24182,-99.487305
24183,-99.57886
24184,-99.67041
24185,-99.70093
24186,-99.731445
24187,-99.67041
24188,-99.853516
24189,-99.609375
24190,-99.51782
24191,-99.51782
24192,-99.45679
24193,-99.76196
24194,-99.51782
24195,-99.76196
24196,-99.63989
24197,-99.70093
24198,-99.63989
24199,-99.3042
24200,-99.76196
24201,-99.67041
24202,-99.57886
24203,-99.67041
24204,-99.67041
24205,-99.609375
24206,-99.42627
24207,-99.63989
24208,-99.487305
24209,-99.609375
24210,-99.609375
24211,-99.51782
24212,-99.45679
24213,-99.70093
24214,-99.67041
24215,-99.63989
24216,-99.57886
24217,-99.3042
24218,-99.51782
24219,-99.63989
24220,-99.63989
24221,-99.365234
24222,-99.79248
24223,-99.731445
24224,-99.63989
24225,-99.63989
24226,-99.609375
24227,-99.67041
24228,-99.67041
24229,-99.70093
24230,-99.70093
24231,-99.70093
24232,-99.63989
24233,-99.609375
24234,-99.63989
24235,-99.57886
24236,-99.42627
24237,-99.365234
24238,-99.67041
24239,-99.57886
24240,-99.21265
24241,-99.67041
24242,-99.731445
24243,-99.67041
24244,-99.67041
24245,-99.67041
24246,-99.76196
24247,-99.39575
24248,-99.487305
24249,-99.57886
24250,-99.609375
24251,-99.487305
24252,-99.365234
24253,-99.853516
24254,-99.487305
24255,-99.70093
24256,-99.63989
24257,-99.609375
24258,-99.63989
24259,-99.487305
24260,-99.70093
24261,-99.609375
24262,-99.609375
24263,-99.70093
24264,-99.67041
24265,-99.731445
24266,-99.63989
24267,-99.67041
24268,-99.67041
24269,-99.21265
24270,-99.70093
24271,-99.57886
24272,-99.487305
24273,-99.487305
24274,-99.79248
24275,-99.67041
24276,-99.70093
24277,-99.57886
24278,-99.57886
24279,-99.67041
24280,-99.63989
24281,-99.42627
24282,-99.731445
24283,-99.853516
24284,-99.609375
24285,-99.57886
24286,-99.609375
24287,-99.63989
24288,-99.67041
24289,-99.70093
24290,-99.67041
24291,-99.70093
24292,-99.731445
24293,-99.63989
24294,-99.51782
24295,-99.42627
24296,-99.76196
24297,-99.63989
24298,-99.63989
24299,-99.487305
24300,-99.487305
24301,-99.67041
24302,-99.57886
24303,-99.70093
24304,-99.731445
24305,-99.67041
24306,-99.70093
24307,-99.18213
24308,-99.365234
24309,-99.45679
24310,-99.42627
24311,-99.33472
24312,-99.63989
24313,-99.853516
24314,-99.51782
24315,-99.67041
24316,-99.63989
24317,-99.70093
24318,-99.487305
24319,-99.45679
24320,-99.70093
24321,-99.609375
24322,-99.609375
24323,-99.609375
24324,-99.731445
24325,-99.67041
24326,-99.67041
24327,-99.67041
24328,-99.79248
24329,-99.45679
24330,-99.365234
24331,-99.609375
24332,-99.57886
24333,-99.67041
24334,-99.63989
24335,-99.63989
24336,-99.609375
24337,-99.609375
24338,-99.731445
24339,-99.70093
24340,-99.51782
24341,-99.88403
24342,-99.45679
24343,-99.88403
24344,-99.487305
24345,-99.67041
24346,-99.70093
24347,-99.609375
24348,-99.67041
24349,-99.67041
24350,-99.487305
24351,-99.45679
24352,-99.67041
24353,-99.70093
24354,-99.63989
24355,-99.67041
24356,-99.57886
24357,-99.39575
24358,-99.51782
24359,-99.70093
24360,-99.609375
24361,-99.487305
24362,-99.76196
24363,-99.42627
24364,-99.487305
24365,-99.63989
24366,-99.70093
24367,-99.70093
24368,-99.70093
24369,-99.67041
24370,-99.70093
24371,-99.731445
24372,-99.609375
24373,-99.63989
24374,-99.63989
24375,-99.51782
24376,-99.76196
24377,-99.57886
24378,-99.67041
24379,-99.609375
24380,-99.76196
24381,-99.67041
24382,-99.67041
24383,-99.63989
24384,-99.51782
24385,-99.243164
24386,-99.487305
24387,-99.57886
24388,-99.63989
24389,-99.67041
24390,-99.70093
24391,-99.731445
24392,-99.70093
24393,-99.63989
24394,-99.609375
24395,-99.63989
24396,-99.51782
24397,-99.70093
24398,-99.70093
24399,-99.609375
24400,-99.70093
24401,-99.70093
24402,-99.67041
24403,-99.63989
24404,-99.63989
24405,-99.63989
24406,-99.33472
24407,-99.42627
24408,-99.365234
24409,-99.609375
24410,-99.57886
24411,-99.487305
24412,-99.27368
24413,-99.609375
24414,-99.79248
24415,-99.731445
24416,-99.609375
24417,-99.57886
24418,-99.79248
24419,-99.51782
24420,-99.70093
24421,-99.57886
24422,-99.42627
24423,-99.51782
24424,-99.51782
24425,-99.63989
24426,-99.67041
24427,-99.67041
24428,-99.45679
24429,-99.609375
24430,-99.487305
24431,-99.51782
24432,-99.731445
24433,-99.63989
24434,-99.67041
24435,-99.67041
24436,-99.63989
24437,-99.3042
24438,-99.67041
24439,-99.67041
24440,-99.57886
24441,-99.76196
24442,-99.487305
24443,-99.487305
24444,-99.70093
24445,-99.57886
24446,-99.67041
24447,-99.70093
24448,-99.67041
24449,-99.70093
24450,-99.63989
24451,-99.67041
24452,-99.70093
24453,-99.63989
24454,-99.63989
24455,-99.487305
24456,-99.27368
24457,-99.609375
24458,-99.67041
24459,-99.609375
24460,-99.3042
24461,-99.67041
24462,-99.63989
24463,-99.63989
24464,-99.45679
24465,-99.487305
24466,-99.57886
24467,-99.609375
24468,-99.63989
24469,-99.45679
24470,-99.487305
24471,-99.609375
24472,-99.51782
24473,-99.88403
24474,-99.487305
24475,-99.487305
24476,-99.67041
24477,-99.67041
24478,-99.487305
24479,-99.70093
24480,-99.731445
24481,-99.63989
24482,-99.45679
24483,-99.487305
24484,-99.63989
24485,-99.70093
24486,-99.76196
24487,-99.67041
24488,-99.487305
24489,-99.79248
24490,-99.853516
24491,-99.42627
24492,-99.70093
24493,-99.67041
24494,-99.63989
24495,-99.63989
24496,-99.45679
24497,-99.21265
24498,-99.609375
24499,-99.731445
24500,-99.51782
24501,-99.45679
24502,-99.51782
24503,-99.63989
24504,-99.609375
24505,-99.487305
24506,-99.63989
24507,-99.70093
24508,-99.67041
24509,-99.67041
24510,-99.67041
24511,-99.731445
24512,-99.70093
24513,-99.731445
24514,-99.70093
24515,-99.51782
24516,-99.487305
24517,-99.63989
24518,-99.63989
24519,-99.487305
24520,-99.57886
24521,-99.67041
24522,-99.609375
24523,-99.609375
24524,-99.731445
24525,-99.70093
24526,-99.823
24527,-99.70093
24528,-99.51782
24529,-99.487305
24530,-99.70093
24531,-99.57886
24532,-99.70093
24533,-99.63989
24534,-99.67041
24535,-99.609375
24536,-99.57886
24537,-99.63989
24538,-99.63989
24539,-99.67041
24540,-99.609375
24541,-99.487305
24542,-99.70093
24543,-99.70093
24544,-99.67041
24545,-99.33472
24546,-99.39575
24547,-99.51782
24548,-99.51782
24549,-99.57886
24550,-99.57886
24551,-99.70093
24552,-99.51782
24553,-99.487305
24554,-99.63989
24555,-99.731445
24556,-99.609375
24557,-99.67041
24558,-99.67041
24559,-99.27368
24560,-99.731445
24561,-99.70093
24562,-99.70093
24563,-99.67041
24564,-99.67041
24565,-99.70093
24566,-99.70093
24567,-99.67041
24568,-99.609375
24569,-99.853516
24570,-99.70093
24571,-99.67041
24572,-99.70093
24573,-99.731445
24574,-99.63989
24575,-99.70093
24576,-99.823
24577,-99.823
24578,-99.70093
24579,-99.63989
24580,-99.365234
24581,-99.67041
24582,-99.70093
24583,-99.70093
24584,-99.42627
24585,-99.365234
24586,-99.51782
24587,-99.51782
24588,-99.609375
24589,-99.63989
24590,-99.63989
24591,-99.609375
24592,-99.609375
24593,-99.487305
24594,-99.51782
24595,-99.39575
24596,-99.731445
24597,-99.67041
24598,-99.609375
24599,-99.487305
24600,-99.39575
24601,-99.609375
24602,-99.67041
24603,-99.70093
24604,-99.823
24605,-99.63989
24606,-99.243164
24607,-99.609375
24608,-99.487305
24609,-99.67041
24610,-99.609375
24611,-99.487305
24612,-99.365234
24613,-99.79248
24614,-99.57886
24615,-99.70093
24616,-99.70093
24617,-99.63989
24618,-99.33472
24619,-99.731445
24620,-99.731445
24621,-99.57886
24622,-99.42627
24623,-99.57886
24624,-99.609375
24625,-99.70093
24626,-99.45679
24627,-99.487305
24628,-99.27368
24629,-99.3042
24630,-99.57886
24631,-99.57886
24632,-99.609375
24633,-99.731445
24634,-99.76196
24635,-99.45679
24636,-99.63989
24637,-99.731445
24638,-99.57886
24639,-99.487305
24640,-99.70093
24641,-99.731445
24642,-99.67041
24643,-99.63989
24644,-99.63989
24645,-99.67041
24646,-99.67041
24647,-99.63989
24648,-99.365234
24649,-99.609375
24650,-99.63989
24651,-99.57886
24652,-99.853516
24653,-99.57886
24654,-99.76196
24655,-99.70093
24656,-99.63989
24657,-99.609375
24658,-99.39575
24659,-99.63989
24660,-99.63989
24661,-99.63989
24662,-99.57886
24663,-99.70093
24664,-99.70093
24665,-99.731445
24666,-99.57886
24667,-99.70093
24668,-99.70093
24669,-99.609375
24670,-99.33472
24671,-99.33472
24672,-99.57886
24673,-99.33472
24674,-99.823
24675,-99.487305
24676,-99.67041
24677,-99.57886
24678,-99.45679
24679,-99.3042
24680,-99.63989
24681,-99.63989
24682,-99.70093
24683,-99.70093
24684,-99.70093
24685,-99.79248
24686,-99.70093
24687,-99.33472
24688,-99.42627
24689,-99.609375
24690,-99.57886
24691,-99.365234
24692,-99.42627
24693,-99.731445
24694,-99.487305
24695,-99.70093
24696,-99.67041
24697,-99.63989
24698,-99.51782
24699,-99.63989
24700,-99.609375
24701,-99.57886
24702,-99.51782
24703,-99.51782
24704,-99.67041
24705,-99.67041
24706,-99.67041
24707,-99.57886
24708,-99.27368
24709,-99.27368
24710,-99.57886
24711,-99.51782
24712,-99.243164
24713,-99.365234
24714,-99.45679
24715,-99.76196
24716,-99.731445
24717,-99.67041
24718,-99.63989
24719,-99.79248
24720,-99.67041
24721,-99.63989
24722,-99.63989
24723,-99.731445
24724,-99.63989
24725,-99.70093
24726,-99.365234
24727,-99.731445
24728,-99.88403
24729,-99.33472
24730,-99.45679
24731,-99.33472
24732,-99.243164
24733,-99.51782
24734,-99.51782
24735,-99.731445
24736,-99.63989
24737,-99.63989
24738,-99.45679
24739,-99.76196
24740,-99.63989
24741,-99.487305
24742,-99.45679
24743,-99.67041
24744,-99.67041
24745,-99.67041
24746,-99.853516
24747,-99.51782
24748,-99.853516
24749,-99.609375
24750,-99.365234
24751,-99.33472
24752,-99.731445
24753,-99.27368
24754,-99.70093
24755,-99.45679
24756,-99.70093
24757,-99.67041
24758,-99.57886
24759,-99.70093
24760,-99.609375
24761,-99.609375
24762,-99.51782
24763,-99.609375
24764,-99.63989
24765,-99.63989
24766,-99.63989
24767,-99.70093
24768,-99.88403
24769,-99.39575
24770,-99.63989
24771,-99.3042
24772,-99.243164
24773,-99.67041
24774,-99.45679
24775,-99.70093
24776,-99.67041
24777,-99.70093
24778,-99.609375
24779,-99.51782
24780,-99.731445
24781,-99.76196
24782,-99.609375
24783,-99.731445
24784,-99.70093
24785,-99.70093
24786,-99.63989
24787,-99.45679
24788,-99.365234
24789,-99.365234
24790,-99.63989
24791,-99.609375
24792,-99.487305
24793,-99.63989
24794,-99.487305
24795,-99.731445
24796,-99.67041
24797,-99.731445
24798,-99.57886
24799,-99.3042
24800,-99.51782
24801,-99.70093
24802,-99.63989
24803,-99.63989
24804,-99.731445
24805,-99.823
24806,-99.609375
24807,-99.823
24808,-99.609375
24809,-99.39575
24810,-99.33472
24811,-99.67041
24812,-99.63989
24813,-99.63989
24814,-99.79248
24815,-99.731445
24816,-99.67041
24817,-99.487305
24818,-99.609375
24819,-99.57886
24820,-99.63989
24821,-99.609375
24822,-99.63989
24823,-99.70093
24824,-99.67041
24825,-99.63989
24826,-99.70093
24827,-99.51782
24828,-99.45679
24829,-99.42627
24830,-99.609375
24831,-99.51782
24832,-99.487305
24833,49.987793
24834,49.865723
24835,49.865723
24836,49.865723
24837,49.926758
24838,49.89624
24839,49.89624
24840,49.89624
24841,49.926758
24842,49.865723
24843,49.89624
24844,50.201416
24845,49.835205
24846,49.804688
24847,50.231934
24848,49.835205
24849,49.987793
24850,49.743652
24851,49.89624
24852,50.109863
24853,49.926758
24854,49.89624
24855,49.987793
24856,49.77417
24857,50.109863
24858,49.804688
24859,49.957275
24860,50.01831
24861,49.804688
24862,49.835205
24863,49.682617
24864,49.835205
24865,49.865723
24866,49.835205
24867,49.865723
24868,49.987793
24869,49.987793
24870,49.77417
24871,49.926758
24872,49.926758
24873,49.89624
24874,49.926758
24875,50.04883
24876,49.865723
24877,49.926758
24878,49.987793
24879,49.835205
24880,49.987793
24881,49.957275
24882,50.201416
24883,49.77417
24884,49.682617
24885,49.804688
24886,49.865723
24887,49.804688
24888,49.926758
24889,50.01831
24890,50.231934
24891,49.835205
24892,49.865723
24893,49.957275
24894,50.109863
24895,49.835205
24896,50.1709
24897,49.89624
24898,49.926758
24899,50.01831
24900,49.89624
24901,49.804688
24902,49.865723
24903,49.804688
24904,49.926758
24905,49.835205
24906,49.835205
24907,49.89624
24908,49.89624
24909,49.987793
24910,49.926758
24911,50.231934
24912,49.835205
24913,49.835205
24914,49.835205
24915,49.865723
24916,49.926758
24917,50.201416
24918,49.835205
24919,49.89624
24920,50.109863
24921,49.713135
24922,49.835205
24923,49.713135
24924,49.957275
24925,50.231934
24926,50.01831
24927,49.926758
24928,49.926758
24929,49.957275
24930,49.957275
24931,49.89624
24932,49.89624
24933,50.201416
24934,50.26245
24935,50.04883
24936,49.835205
24937,49.835205
24938,49.987793
24939,50.29297
24940,49.804688
24941,49.89624
24942,49.89624
24943,49.89624
24944,49.835205
24945,50.01831
24946,50.29297
24947,49.926758
24948,50.04883
24949,49.957275
24950,49.835205
24951,49.89624
24952,49.957275
24953,49.89624
24954,49.957275
24955,49.713135
24956,49.89624
24957,49.835205
24958,49.865723
24959,49.89624
24960,49.835205
24961,49.835205
24962,49.835205
24963,49.804688
24964,49.89624
24965,50.201416
24966,50.109863
24967,49.987793
24968,49.926758
24969,49.865723
24970,49.835205
24971,49.957275
24972,49.89624
24973,49.926758
24974,50.01831
24975,49.987793
24976,49.957275
24977,49.804688
24978,49.89624
24979,49.89624
24980,49.957275
24981,49.835205
24982,49.926758
24983,49.89624
24984,50.201416
24985,49.89624
24986,49.865723
24987,49.804688
24988,49.835205
24989,49.835205
24990,49.835205
24991,49.835205
24992,49.804688
24993,49.89624
24994,49.835205
24995,49.89624
24996,49.89624
24997,50.109863
24998,49.926758
24999,49.89624
25000,49.865723
25001,50.04883
25002,49.89624
25003,49.865723
25004,49.865723
25005,49.835205
25006,49.987793
25007,49.926758
25008,50.14038
25009,49.835205
25010,50.231934
25011,50.231934
25012,49.682617
25013,49.926758
25014,50.1709
25015,49.835205
25016,49.865723
25017,49.835205
25018,49.957275
25019,49.743652
25020,49.835205
25021,49.835205
25022,49.804688
25023,49.865723
25024,50.01831
25025,50.01831
25026,49.957275
25027,49.926758
25028,49.865723
25029,49.865723
25030,49.835205
25031,49.865723
25032,49.89624
25033,49.804688
25034,49.804688
25035,49.89624
25036,50.01831
25037,49.804688
25038,49.6521
25039,49.835205
25040,49.835205
25041,50.231934
25042,49.743652
25043,49.926758
25044,49.865723
25045,49.89624
25046,49.835205
25047,49.804688
25048,49.804688
25049,49.77417
25050,50.14038
25051,50.201416
25052,49.77417
25053,49.804688
25054,50.01831
25055,49.865723
25056,49.865723
25057,49.835205
25058,49.865723
25059,49.865723
25060,49.804688
25061,49.865723
25062,49.865723
25063,49.865723
25064,49.865723
25065,49.987793
25066,49.926758
25067,49.957275
25068,49.987793
25069,49.926758
25070,49.865723
25071,49.865723
25072,49.835205
25073,49.89624
25074,49.926758
25075,50.01831
25076,50.29297
25077,49.865723
25078,49.865723
25079,49.89624
25080,49.926758
25081,50.01831
25082,49.926758
25083,50.29297
25084,49.89624
25085,49.89624
25086,49.865723
25087,49.804688
25088,49.865723
25089,49.835205
25090,49.865723
25091,49.865723
25092,49.835205
25093,49.865723
25094,49.835205
25095,49.804688
25096,49.987793
25097,49.6521
25098,49.835205
25099,49.865723
25100,49.89624
25101,50.26245
25102,49.743652
25103,50.01831
25104,49.865723
25105,49.77417
25106,49.865723
25107,49.926758
25108,49.77417
25109,49.835205
25110,50.1709
25111,50.29297
25112,49.835205
25113,50.01831
25114,50.109863
25115,49.835205
25116,49.77417
25117,49.89624
25118,49.865723
25119,49.987793
25120,49.835205
25121,49.89624
25122,49.89624
25123,49.804688
25124,49.835205
25125,50.01831
25126,50.323486
25127,50.01831
25128,49.926758
25129,49.926758
25130,49.89624
25131,49.865723
25132,49.987793
25133,50.01831
25134,49.957275
25135,49.743652
25136,49.77417
25137,49.77417
25138,49.835205
25139,49.89624
25140,49.743652
25141,49.77417
25142,49.804688
25143,49.865723
25144,50.231934
25145,49.865723
25146,49.926758
25147,49.865723
25148,49.865723
25149,49.804688
25150,49.865723
25151,49.865723
25152,49.865723
25153,49.865723
25154,49.835205
25155,49.835205
25156,49.926758
25157,50.01831
25158,50.1709
25159,49.804688
25160,49.835205
25161,49.926758
25162,50.109863
25163,49.865723
25164,49.835205
25165,49.835205
25166,50.01831
25167,50.26245
25168,49.865723
25169,49.957275
25170,49.987793
25171,50.01831
25172,49.89624
25173,49.89624
25174,50.1709
25175,49.987793
25176,49.865723
25177,49.835205
25178,49.835205
25179,50.01831
25180,49.987793
25181,49.865723
25182,49.89624
25183,49.987793
25184,50.29297
25185,49.957275
25186,49.865723
25187,49.804688
25188,49.835205
25189,49.835205
25190,49.835205
25191,49.89624
25192,49.713135
25193,50.01831
25194,49.835205
25195,49.835205
25196,49.89624
25197,49.987793
25198,49.89624
25199,50.01831
25200,49.77417
25201,49.89624
25202,49.865723
25203,49.804688
25204,49.835205
25205,50.04883
25206,50.01831
25207,49.6521
25208,49.865723
25209,49.89624
25210,49.987793
25211,49.865723
25212,50.04883
25213,49.6521
25214,50.04883
25215,49.835205
25216,49.835205
25217,49.89624
25218,49.926758
25219,50.14038
25220,49.835205
25221,49.865723
25222,49.835205
25223,49.743652
25224,49.926758
25225,49.713135
25226,49.987793
25227,49.89624
25228,49.77417
25229,49.804688
25230,49.865723
25231,49.835205
25232,49.865723
25233,49.865723
25234,49.804688
25235,49.865723
25236,49.987793
25237,49.926758
25238,50.01831
25239,49.835205
25240,49.926758
25241,49.926758
25242,49.865723
25243,49.957275
25244,49.865723
25245,49.835205
25246,49.987793
25247,50.01831
25248,49.987793
25249,49.89624
25250,50.1709
25251,50.201416
25252,49.89624
25253,49.6521
25254,49.835205
25255,49.957275
25256,49.804688
25257,49.804688
25258,49.835205
25259,50.109863
25260,49.835205
25261,49.835205
25262,49.835205
25263,49.682617
25264,50.1709
25265,50.01831
25266,49.835205
25267,49.835205
25268,49.804688
25269,49.804688
25270,49.835205
25271,49.835205
25272,49.835205
25273,49.804688
25274,49.804688
25275,49.804688
25276,49.865723
25277,49.926758
25278,49.682617
25279,49.804688
25280,49.835205
25281,49.835205
25282,49.926758
25283,49.926758
25284,49.835205
25285,49.865723
25286,49.987793
25287,49.6521
25288,50.14038
25289,49.987793
25290,49.926758
25291,49.89624
25292,49.926758
25293,49.957275
25294,50.29297
25295,49.865723
25296,49.6521
25297,49.835205
25298,49.77417
25299,49.835205
25300,49.77417
25301,49.835205
25302,49.835205
25303,49.926758
25304,49.89624
25305,49.957275
25306,49.865723
25307,49.804688
25308,49.835205
25309,49.865723
25310,49.957275
25311,50.109863
25312,49.865723
25313,49.835205
25314,49.835205
25315,49.89624
25316,49.926758
25317,49.987793
25318,49.804688
25319,49.865723
25320,49.926758
25321,50.01831
25322,50.01831
25323,49.89624
25324,49.835205
25325,49.804688
25326,49.6521
25327,49.926758
25328,49.6521
25329,49.987793
25330,49.926758
25331,49.89624
25332,50.14038
25333,50.323486
25334,49.926758
25335,49.987793
25336,49.865723
25337,49.926758
25338,49.987793
25339,50.04883
25340,49.865723
25341,49.89624
25342,49.835205
25343,49.804688
25344,49.743652
25345,50.201416
25346,49.865723
25347,49.865723
25348,49.835205
25349,49.865723
25350,49.865723
25351,49.865723
25352,49.804688
25353,49.865723
25354,49.835205
25355,49.89624
25356,49.926758
25357,49.865723
25358,49.987793
25359,49.804688
25360,49.865723
25361,49.987793
25362,50.04883
25363,49.957275
25364,49.89624
25365,49.835205
25366,49.957275
25367,50.26245
25368,49.89624
25369,49.835205
25370,50.01831
25371,49.987793
25372,49.926758
25373,49.89624
25374,50.26245
25375,49.865723
25376,49.835205
25377,49.804688
25378,49.865723
25379,49.89624
25380,49.926758
25381,49.77417
25382,49.804688
25383,49.77417
25384,49.865723
25385,49.865723
25386,49.865723
25387,49.835205
25388,49.835205
25389,49.865723
25390,50.109863
25391,49.865723
25392,49.89624
25393,49.89624
25394,49.89624
25395,49.835205
25396,49.804688
25397,49.865723
25398,49.89624
25399,50.04883
25400,49.865723
25401,49.865723
25402,49.835205
25403,49.865723
25404,49.957275
25405,49.865723
25406,49.835205
25407,49.926758
25408,49.89624
25409,49.957275
25410,49.926758
25411,49.926758
25412,49.865723
25413,49.957275
25414,50.109863
25415,50.01831
25416,49.926758
25417,49.957275
25418,49.926758
25419,49.926758
25420,50.14038
25421,50.04883
25422,49.835205
25423,50.201416
25424,49.957275
25425,49.89624
25426,49.865723
25427,49.926758
25428,50.01831
25429,50.1709
25430,50.14038
25431,49.89624
25432,49.926758
25433,49.804688
25434,49.591064
25435,49.89624
25436,49.6521
25437,49.835205
25438,49.89624
25439,49.89624
25440,49.77417
25441,49.89624
25442,49.865723
25443,49.987793
25444,49.987793
25445,49.987793
25446,49.865723
25447,49.865723
25448,49.835205
25449,49.835205
25450,49.89624
25451,49.89624
25452,49.835205
25453,49.865723
25454,49.865723
25455,49.865723
25456,50.01831
25457,49.89624
25458,49.743652
25459,49.804688
25460,49.865723
25461,49.89624
25462,49.926758
25463,49.89624
25464,49.804688
25465,49.865723
25466,49.804688
25467,49.926758
25468,50.109863
25469,49.957275
25470,49.926758
25471,49.957275
25472,49.865723
25473,50.04883
25474,50.1709
25475,49.89624
25476,49.89624
25477,49.865723
25478,49.89624
25479,50.01831
25480,50.04883
25481,49.835205
25482,49.865723
25483,49.957275
25484,50.109863
25485,49.865723
25486,49.865723
25487,49.804688
25488,49.865723
25489,49.957275
25490,50.01831
25491,50.1709
25492,49.957275
25493,49.89624
25494,49.835205
25495,49.804688
25496,49.835205
25497,49.926758
25498,49.987793
25499,49.865723
25500,49.804688
25501,49.865723
25502,49.835205
25503,49.89624
25504,49.835205
25505,50.109863
25506,49.957275
25507,49.89624
25508,49.865723
25509,49.804688
25510,49.835205
25511,49.835205
25512,49.865723
25513,49.835205
25514,49.835205
25515,49.89624
25516,49.957275
25517,49.865723
25518,49.713135
25519,49.804688
25520,49.865723
25521,49.987793
25522,49.987793
25523,49.865723
25524,49.835205
25525,49.804688
25526,49.743652
25527,49.804688
25528,50.109863
25529,50.01831
25530,49.89624
25531,49.865723
25532,50.109863
25533,50.1709
25534,49.804688
25535,49.987793
25536,49.987793
25537,49.926758
25538,49.89624
25539,50.01831
25540,49.804688
25541,49.865723
25542,50.01831
25543,49.743652
25544,49.89624
25545,49.926758
25546,49.804688
25547,49.865723
25548,49.835205
25549,49.957275
25550,49.804688
25551,49.987793
25552,49.89624
25553,49.957275
25554,49.957275
25555,49.804688
25556,49.865723
25557,49.89624
25558,49.89624
25559,50.01831
25560,49.926758
25561,49.835205
25562,49.89624
25563,49.835205
25564,49.835205
25565,49.926758
25566,49.89624
25567,49.987793
25568,49.926758
25569,49.957275
25570,49.865723
25571,49.89624
25572,49.89624
25573,49.865723
25574,50.04883
25575,50.323486
25576,50.04883
25577,49.835205
25578,49.89624
25579,49.865723
25580,49.743652
25581,49.804688
25582,49.835205
25583,49.835205
25584,50.01831
25585,49.957275
25586,49.865723
25587,49.865723
25588,49.835205
25589,49.835205
25590,49.865723
25591,49.957275
25592,49.835205
25593,49.804688
25594,49.89624
25595,49.835205
25596,49.835205
25597,49.835205
25598,50.01831
25599,49.77417
25600,49.835205
25601,49.804688
25602,49.865723
25603,49.835205
25604,50.14038
25605,49.682617
25606,50.01831
25607,49.957275
25608,49.89624
25609,49.865723
25610,49.804688
25611,49.835205
25612,49.835205
25613,49.835205
25614,49.865723
25615,49.957275
25616,50.01831
25617,49.865723
25618,49.865723
25619,49.835205
25620,49.957275
25621,50.109863
25622,49.957275
25623,49.957275
25624,49.926758
25625,49.804688
25626,49.804688
25627,49.987793
25628,49.621582
25629,49.89624
25630,49.987793
25631,49.89624
25632,49.987793
25633,49.987793
25634,49.621582
25635,49.957275
25636,49.957275
25637,49.89624
25638,49.89624
25639,50.109863
25640,50.14038
25641,49.804688
25642,49.804688
25643,49.987793
25644,49.713135
25645,50.109863
25646,49.926758
25647,49.89624
25648,49.865723
25649,49.865723
25650,49.77417
25651,49.835205
25652,49.89624
25653,49.835205
25654,49.926758
25655,49.926758
25656,50.109863
25657,50.01831
25658,49.835205
25659,49.804688
25660,49.957275
25661,50.01831
25662,50.109863
25663,49.957275
25664,49.865723
25665,49.926758
25666,49.835205
25667,49.743652
25668,49.987793
25669,50.109863
25670,49.926758
25671,49.743652
25672,50.354004
25673,49.835205
25674,49.926758
25675,49.835205
25676,49.89624
25677,49.89624
25678,49.89624
25679,50.01831
25680,49.804688
25681,49.865723
25682,49.804688
25683,49.835205
25684,49.835205
25685,49.89624
25686,50.26245
25687,50.01831
25688,49.957275
25689,49.865723
25690,49.89624
25691,49.957275
25692,49.926758
25693,49.957275
25694,49.926758
25695,49.89624
25696,49.926758
25697,49.804688
25698,49.804688
25699,49.957275
25700,49.926758
25701,49.865723
25702,49.865723
25703,50.01831
25704,49.89624
25705,50.04883
25706,49.865723
25707,49.865723
25708,49.835205
25709,49.865723
25710,49.865723
25711,49.865723
25712,49.804688
25713,49.89624
25714,49.89624
25715,49.865723
25716,49.89624
25717,49.957275
25718,49.89624
25719,49.804688
25720,49.865723
25721,49.89624
25722,49.926758
25723,49.957275
25724,49.865723
25725,49.804688
25726,49.865723
25727,49.77417
25728,49.89624
25729,49.835205
25730,49.682617
25731,49.835205
25732,49.713135
25733,49.957275
25734,49.835205
25735,49.865723
25736,49.926758
25737,50.109863
25738,49.804688
25739,49.835205
25740,49.89624
25741,49.926758
25742,50.01831
25743,49.77417
25744,49.77417
25745,49.804688
25746,49.6521
25747,49.835205
25748,49.987793
25749,49.987793
25750,49.835205
25751,49.926758
25752,49.926758
25753,49.987793
25754,50.01831
25755,50.01831
25756,49.987793
25757,49.926758
25758,49.89624
25759,49.89624
25760,49.682617
25761,49.682617
25762,49.743652
25763,49.682617
25764,50.109863
25765,49.865723
25766,49.804688
25767,49.835205
25768,49.804688
25769,49.804688
25770,49.835205
25771,49.804688
25772,49.77417
25773,49.77417
25774,49.835205
25775,49.957275
25776,49.926758
25777,49.926758
25778,49.77417
25779,49.865723
25780,49.926758
25781,49.682617
25782,50.323486
25783,49.957275
25784,49.835205
25785,49.804688
25786,49.865723
25787,50.109863
25788,49.77417
25789,49.591064
25790,50.109863
25791,49.865723
25792,49.987793
25793,50.04883
25794,49.743652
25795,50.01831
25796,49.865723
25797,49.865723
25798,49.926758
25799,49.89624
25800,49.743652
25801,49.804688
25802,49.743652
25803,49.926758
25804,49.865723
25805,49.926758
25806,49.957275
25807,49.865723
25808,49.865723
25809,49.804688
25810,49.89624
25811,49.865723
25812,49.865723
25813,49.89624
25814,49.987793
25815,49.957275
25816,50.323486
25817,49.804688
25818,49.804688
25819,49.926758
25820,49.926758
25821,49.89624
25822,49.987793
25823,49.865723
25824,49.926758
25825,49.865723
25826,49.835205
25827,49.957275
25828,49.804688
25829,49.77417
25830,50.01831
25831,49.560547
25832,0.24414062
25833,0.091552734
25834,-0.030517578
25835,0.18310547
25836,0.061035156
25837,0.091552734
25838,0.061035156
25839,0.061035156
25840,0.45776367
25841,0.030517578
25842,0.091552734
25843,0.091552734
25844,0.12207031
25845,-0.030517578
25846,-0.091552734
25847,0.061035156
25848,0.030517578
25849,-0.030517578
25850,-0.030517578
25851,0.061035156
25852,0.061035156
25853,0.061035156
25854,0.061035156
25855,0.18310547
25856,-0.061035156
25857,0.030517578
25858,0.030517578
25859,-0.12207031
25860,-0.091552734
25861,-0.030517578
25862,0.061035156
25863,0.030517578
25864,0.030517578
25865,0.030517578
25866,0.18310547
25867,0.36621094
25868,0.18310547
25869,0.18310547
25870,0.12207031
25871,0.091552734
25872,0.12207031
25873,0.21362305
25874,0.061035156
25875,-0.091552734
25876,-0.030517578
25877,0.030517578
25878,0.061035156
25879,0.12207031
25880,-0.030517578
25881,-0.061035156
25882,0.030517578
25883,-0.030517578
25884,-0.061035156
25885,-0.18310547
25886,0.030517578
25887,0.15258789
25888,0.061035156
25889,0.091552734
25890,0.061035156
25891,0.12207031
25892,0.091552734
25893,0.15258789
25894,0.39672852
25895,0.21362305
25896,0.030517578
25897,0.061035156
25898,0.12207031
25899,0.061035156
25900,-0.091552734
25901,0.061035156
25902,0.030517578
25903,-0.21362305
25904,0.33569336
25905,0.24414062
25906,0.061035156
25907,-0.030517578
25908,-0.030517578
25909,0.18310547
25910,0.33569336
25911,0.12207031
25912,0.18310547
25913,0.12207031
25914,0.091552734
25915,0.12207031
25916,0.12207031
25917,0.18310547
25918,0.091552734
25919,0.030517578
25920,-0.061035156
25921,-0.030517578
25922,0.2746582
25923,0.36621094
25924,0.030517578
25925,-0.030517578
25926,0.15258789
25927,0.15258789
25928,0.061035156
25929,-0.091552734
25930,0.030517578
25931,0.24414062
25932,0.15258789
25933,-0.030517578
25934,-0.030517578
25935,-0.061035156
25936,0.061035156
25937,-0.091552734
25938,0.061035156
25939,-0.030517578
25940,0.030517578
25941,0.030517578
25942,-0.030517578
25943,0.18310547
25944,0.12207031
25945,0.091552734
25946,0.030517578
25947,0.39672852
25948,0.12207031
25949,-0.030517578
25950,0.061035156
25951,0.12207031
25952,-0.030517578
25953,-0.15258789
25954,0.24414062
25955,0.15258789
25956,0.33569336
25957,0.18310547
25958,0.12207031
25959,0.030517578
25960,0.030517578
25961,0.030517578
25962,0.030517578
25963,-0.091552734
25964,0.091552734
25965,-0.030517578
25966,-0.030517578
25967,0.12207031
25968,0.30517578
25969,0.091552734
25970,0.061035156
25971,0.061035156
25972,0.061035156
25973,0.030517578
25974,-0.030517578
25975,0.061035156
25976,0.061035156
25977,-0.061035156
25978,0.12207031
25979,0.18310547
25980,0.24414062
25981,0.21362305
25982,0.24414062
25983,-0.030517578
25984,0.091552734
25985,0.15258789
25986,0.030517578
25987,-0.030517578
25988,-0.18310547
25989,0.4272461
25990,0.091552734
25991,0.12207031
25992,-0.030517578
25993,-0.030517578
25994,0.091552734
25995,0.030517578
25996,0.030517578
25997,0.030517578
25998,0.091552734
25999,0.30517578
26000,0.061035156
26001,0.15258789
26002,0.30517578
26003,0.091552734
26004,0.061035156
26005,0.061035156
26006,0.091552734
26007,0.12207031
26008,0.061035156
26009,0.030517578
26010,0.24414062
26011,0.061035156
26012,0.15258789
26013,0.030517578
26014,0.061035156
26015,0.12207031
26016,-0.061035156
26017,-0.030517578
26018,0.030517578
26019,-0.030517578
26020,0.061035156
26021,0.030517578
26022,-0.030517578
26023,0.15258789
26024,0.30517578
26025,0.030517578
26026,0.030517578
26027,0.39672852
26028,0.061035156
26029,-0.030517578
26030,-0.030517578
26031,0.12207031
26032,-0.091552734
26033,0.4272461
26034,0.33569336
26035,0.4272461
26036,0.36621094
26037,0.4272461
26038,0.18310547
26039,-0.18310547
26040,-0.061035156
26041,0.030517578
26042,-0.061035156
26043,0.2746582
26044,0.030517578
26045,-0.030517578
26046,-0.24414062
26047,-0.18310547
26048,0.12207031
26049,0.091552734
26050,0.061035156
26051,-0.061035156
26052,0.061035156
26053,0.061035156
26054,0.030517578
26055,0.030517578
26056,0.12207031
26057,0.030517578
26058,0.061035156
26059,0.091552734
26060,0.091552734
26061,0.061035156
26062,0.18310547
26063,0.030517578
26064,-0.030517578
26065,0.21362305
26066,0.091552734
26067,0.030517578
26068,-0.18310547
26069,0.030517578
26070,0.091552734
26071,0.091552734
26072,0.030517578
26073,-0.030517578
26074,-0.030517578
26075,0.091552734
26076,0.030517578
26077,-0.061035156
26078,-0.030517578
26079,0.091552734
26080,0.15258789
26081,0.24414062
26082,0.091552734
26083,0.030517578
26084,0.12207031
26085,0.091552734
26086,0.030517578
26087,-0.061035156
26088,-0.18310547
26089,-0.12207031
26090,0.12207031
26091,0.091552734
26092,0.061035156
26093,0.061035156
26094,0.091552734
26095,0.091552734
26096,0.12207031
26097,0.030517578
26098,0.2746582
26099,0.21362305
26100,-0.030517578
26101,-0.061035156
26102,0.15258789
26103,0.15258789
26104,0.061035156
26105,0.061035156
26106,0.45776367
26107,0.15258789
26108,0.061035156
26109,0.061035156
26110,0.21362305
26111,0.33569336
26112,0.061035156
26113,0.18310547
26114,0.091552734
26115,0.091552734
26116,0.15258789
26117,0.030517578
26118,0.21362305
26119,-0.12207031
26120,-0.15258789
26121,-0.061035156
26122,0.12207031
26123,0.091552734
26124,0.030517578
26125,0.030517578
26126,0.36621094
26127,0.091552734
26128,0.061035156
26129,-0.030517578
26130,-0.030517578
26131,-0.030517578
26132,0.061035156
26133,-0.091552734
26134,0.091552734
26135,-0.030517578
26136,0.30517578
26137,0.2746582
26138,0.061035156
26139,-0.030517578
26140,0.061035156
26141,0.12207031
26142,0.030517578
26143,0.061035156
26144,0.15258789
26145,-0.061035156
26146,0.030517578
26147,-0.030517578
26148,0.21362305
26149,0.12207031
26150,-0.030517578
26151,0.061035156
26152,0.030517578
26153,0.18310547
26154,-0.12207031
26155,-0.030517578
26156,0.061035156
26157,0.030517578
26158,-0.24414062
26159,-0.030517578
26160,0.030517578
26161,0.030517578
26162,0.030517578
26163,0.21362305
26164,0.18310547
26165,0.061035156
26166,-0.030517578
26167,-0.030517578
26168,0.33569336
26169,0.061035156
26170,0.091552734
26171,-0.061035156
26172,0.030517578
26173,-0.030517578
26174,-0.030517578
26175,-0.030517578
26176,-0.030517578
26177,-0.030517578
26178,0.061035156
26179,0.18310547
26180,-0.24414062
26181,-0.15258789
26182,0.24414062
26183,0.091552734
26184,0.061035156
26185,0.33569336
26186,0.061035156
26187,0.061035156
26188,0.15258789
26189,-0.12207031
26190,0.18310547
26191,0.12207031
26192,0.061035156
26193,-0.030517578
26194,0.061035156
26195,-0.061035156
26196,0.091552734
26197,-0.030517578
26198,0.091552734
26199,0.061035156
26200,0.091552734
26201,-0.030517578
26202,0.12207031
26203,-0.061035156
26204,-0.18310547
26205,0.030517578
26206,0.061035156
26207,-0.030517578
26208,0.091552734
26209,0.15258789
26210,0.39672852
26211,0.15258789
26212,0.061035156
26213,0.091552734
26214,0.061035156
26215,0.12207031
26216,0.091552734
26217,0.061035156
26218,0.33569336
26219,0.12207031
26220,0.18310547
26221,0.030517578
26222,0.24414062
26223,0.12207031
26224,0.030517578
26225,0.061035156
26226,0.061035156
26227,0.030517578
26228,-0.061035156
26229,0.18310547
26230,-0.12207031
26231,0.18310547
26232,0.091552734
26233,0.12207031
26234,0.091552734
26235,0.061035156
26236,0.061035156
26237,0.061035156
26238,0.030517578
26239,0.18310547
26240,0.36621094
26241,0.4272461
26242,-0.030517578
26243,0.030517578
26244,-0.030517578
26245,0.4272461
26246,0.091552734
26247,0.030517578
26248,-0.030517578
26249,-0.030517578
26250,-0.12207031
26251,0.33569336
26252,0.061035156
26253,0.30517578
26254,0.15258789
26255,0.30517578
26256,0.061035156
26257,0.030517578
26258,0.12207031
26259,0.12207031
26260,-0.030517578
26261,-0.030517578
26262,-0.030517578
26263,0.39672852
26264,0.061035156
26265,0.061035156
26266,0.36621094
26267,0.091552734
26268,-0.030517578
26269,-0.030517578
26270,0.030517578
26271,-0.030517578
26272,0.061035156
26273,0.21362305
26274,0.091552734
26275,0.091552734
26276,0.091552734
26277,0.15258789
26278,0.15258789
26279,0.24414062
26280,0.091552734
26281,-0.12207031
26282,0.30517578
26283,0.12207031
26284,-0.091552734
26285,0.061035156
26286,0.091552734
26287,0.061035156
26288,-0.030517578
26289,0.091552734
26290,0.030517578
26291,0.030517578
26292,0.15258789
26293,0.21362305
26294,-0.030517578
26295,0.2746582
26296,-0.091552734
26297,-0.061035156
26298,0.030517578
26299,0.030517578
26300,-0.030517578
26301,0.030517578
26302,0.061035156
26303,0.24414062
26304,0.12207031
26305,0.030517578
26306,-0.061035156
26307,0.21362305
26308,-0.061035156
26309,0.061035156
26310,-0.030517578
26311,0.091552734
26312,0.15258789
26313,0.30517578
26314,0.18310547
26315,0.15258789
26316,0.21362305
26317,-0.030517578
26318,0.2746582
26319,0.061035156
26320,0.030517578
26321,0.061035156
26322,0.061035156
26323,-0.030517578
26324,0.18310547
26325,-0.030517578
26326,-0.15258789
26327,0.33569336
26328,0.15258789
26329,0.030517578
26330,0.061035156
26331,-0.030517578
26332,-0.030517578
26333,0.18310547
26334,-0.091552734
26335,-0.030517578
26336,-0.030517578
26337,0.030517578
26338,-0.061035156
26339,-0.061035156
26340,0.061035156
26341,0.030517578
26342,-0.061035156
26343,-0.061035156
26344,0.33569336
26345,0.061035156
26346,0.030517578
26347,0.030517578
26348,0.21362305
26349,0.061035156
26350,-0.061035156
26351,0.030517578
26352,-0.091552734
26353,0.18310547
26354,0.030517578
26355,-0.030517578
26356,0.24414062
26357,0.061035156
26358,0.21362305
26359,-0.030517578
26360,0.030517578
26361,0.091552734
26362,-0.061035156
26363,0.21362305
26364,0.12207031
26365,0.030517578
26366,0.12207031
26367,0.33569336
26368,0.24414062
26369,0.030517578
26370,0.030517578
26371,0.061035156
26372,0.061035156
26373,0.030517578
26374,-0.030517578
26375,-0.030517578
26376,-0.030517578
26377,0.061035156
26378,0.030517578
26379,0.12207031
26380,0.091552734
26381,0.061035156
26382,0.030517578
26383,0.030517578
26384,0.4272461
26385,0.061035156
26386,-0.030517578
26387,0.15258789
26388,0.39672852
26389,0.18310547
26390,-0.030517578
26391,0.061035156
26392,0.061035156
26393,0.061035156
26394,-0.091552734
26395,0.061035156
26396,0.030517578
26397,0.061035156
26398,0.091552734
26399,0.091552734
26400,0.15258789
26401,0.15258789
26402,-0.030517578
26403,0.12207031
26404,0.36621094
26405,0.061035156
26406,-0.030517578
26407,-0.030517578
26408,0.36621094
26409,0.15258789
26410,0.061035156
26411,0.061035156
26412,0.061035156
26413,0.091552734
26414,0.091552734
26415,0.091552734
26416,0.091552734
26417,0.061035156
26418,0.061035156
26419,0.061035156
26420,0.18310547
26421,-0.061035156
26422,0.18310547
26423,0.12207031
26424,-0.030517578
26425,-0.091552734
26426,0.091552734
26427,-0.030517578
26428,0.21362305
26429,0.21362305
26430,0.18310547
26431,0.091552734
26432,0.061035156
26433,0.12207031
26434,0.030517578
26435,0.030517578
26436,-0.030517578
26437,0.030517578
26438,-0.030517578
26439,0.030517578
26440,0.091552734
26441,-0.18310547
26442,0.12207031
26443,0.061035156
26444,0.21362305
26445,0.4272461
26446,0.091552734
26447,0.030517578
26448,-0.061035156
26449,-0.030517578
26450,-0.12207031
26451,0.2746582
26452,0.15258789
26453,0.21362305
26454,0.12207031
26455,0.24414062
26456,0.091552734
26457,0.12207031
26458,0.33569336
26459,0.30517578
26460,0.061035156
26461,0.030517578
26462,0.30517578
26463,0.030517578
26464,-0.061035156
26465,0.18310547
26466,0.21362305
26467,0.12207031
26468,-0.030517578
26469,-0.030517578
26470,0.21362305
26471,0.2746582
26472,0.18310547
26473,0.15258789
26474,0.12207031
26475,0.18310547
26476,0.091552734
26477,0.18310547
26478,0.061035156
26479,0.33569336
26480,0.21362305
26481,0.2746582
26482,-0.061035156
26483,0.061035156
26484,-0.030517578
26485,0.030517578
26486,0.24414062
26487,-0.030517578
26488,0.061035156
26489,0.061035156
26490,0.15258789
26491,0.15258789
26492,0.45776367
26493,-0.15258789
26494,-0.15258789
26495,-0.091552734
26496,0.21362305
26497,0.21362305
26498,-0.15258789
26499,0.030517578
26500,0.061035156
26501,0.061035156
26502,0.061035156
26503,-0.030517578
26504,0.18310547
26505,0.061035156
26506,0.091552734
26507,0.24414062
26508,0.030517578
26509,-0.030517578
26510,-0.030517578
26511,-0.030517578
26512,0.18310547
26513,0.15258789
26514,-0.15258789
26515,-0.061035156
26516,0.18310547
26517,0.24414062
26518,-0.091552734
26519,-0.061035156
26520,-0.091552734
26521,0.061035156
26522,0.061035156
26523,0.2746582
26524,0.36621094
26525,0.091552734
26526,-0.030517578
26527,0.030517578
26528,0.36621094
26529,0.15258789
26530,0.15258789
26531,0.030517578
26532,0.091552734
26533,-0.030517578
26534,0.061035156
26535,0.061035156
26536,0.091552734
26537,0.061035156
26538,0.18310547
26539,0.33569336
26540,0.091552734
26541,0.21362305
26542,0.061035156
26543,0.091552734
26544,0.061035156
26545,-0.030517578
26546,0.12207031
26547,0.030517578
26548,0.030517578
26549,0.030517578
26550,-0.18310547
26551,0.030517578
26552,0.12207031
26553,0.12207031
26554,0.030517578
26555,0.030517578
26556,0.12207031
26557,0.15258789
26558,0.091552734
26559,-0.12207031
26560,-0.091552734
26561,-0.061035156
26562,0.33569336
26563,0.061035156
26564,-0.030517578
26565,0.18310547
26566,0.18310547
26567,0.12207031
26568,-0.030517578
26569,0.030517578
26570,-0.12207031
26571,0.15258789
26572,0.18310547
26573,0.2746582
26574,0.030517578
26575,0.30517578
26576,-0.030517578
26577,0.21362305
26578,-0.030517578
26579,0.061035156
26580,0.030517578
26581,0.091552734
26582,-0.030517578
26583,0.30517578
26584,0.061035156
26585,0.030517578
26586,0.030517578
26587,0.15258789
26588,0.12207031
26589,0.061035156
26590,-0.061035156
26591,-0.21362305
26592,0.12207031
26593,0.2746582
26594,0.12207031
26595,0.12207031
26596,0.091552734
26597,0.15258789
26598,-0.12207031
26599,0.061035156
26600,0.061035156
26601,-0.030517578
26602,0.030517578
26603,-0.12207031
26604,0.15258789
26605,0.030517578
26606,-0.091552734
26607,0.39672852
26608,0.12207031
26609,0.030517578
26610,0.061035156
26611,0.091552734
26612,0.061035156
26613,0.24414062
26614,-0.18310547
26615,-0.15258789
26616,0.2746582
26617,-0.061035156
26618,-0.030517578
26619,-0.061035156
26620,0.030517578
26621,0.061035156
26622,-0.030517578
26623,0.2746582
26624,0.061035156
26625,0.061035156
26626,0.030517578
26627,0.33569336
26628,0.24414062
26629,0.12207031
26630,-0.030517578
26631,-0.030517578
26632,0.15258789
26633,-0.030517578
26634,0.15258789
26635,0.18310547
26636,0.061035156
26637,0.15258789
26638,0.030517578
26639,0.030517578
26640,0.091552734
26641,-0.030517578
26642,0.030517578
26643,0.12207031
26644,0.24414062
26645,-0.030517578
26646,-0.030517578
26647,0.18310547
26648,0.30517578
26649,0.061035156
26650,0.061035156
26651,-0.030517578
26652,0.061035156
26653,0.030517578
26654,0.030517578
26655,0.061035156
26656,-0.030517578
26657,-0.030517578
26658,0.030517578
26659,0.091552734
26660,0.21362305
26661,0.12207031
26662,0.061035156
26663,-0.030517578
26664,0.091552734
26665,0.091552734
26666,0.030517578
26667,0.18310547
26668,0.39672852
26669,0.18310547
26670,0.12207031
26671,0.061035156
26672,-0.061035156
26673,0.091552734
26674,-0.030517578
26675,0.030517578
26676,0.061035156
26677,0.030517578
26678,0.030517578
26679,0.091552734
26680,0.30517578
26681,0.39672852
26682,0.12207031
26683,0.061035156
26684,0.030517578
26685,0.061035156
26686,0.061035156
26687,-0.030517578
26688,0.18310547
26689,-0.091552734
26690,0.030517578
26691,0.21362305
26692,0.18310547
26693,0.030517578
26694,0.061035156
26695,0.030517578
26696,0.12207031
26697,0.18310547
26698,0.030517578
26699,-0.12207031
26700,-0.24414062
26701,0.21362305
26702,0.33569336
26703,0.091552734
26704,0.030517578
26705,0.18310547
26706,0.15258789
26707,-0.030517578
26708,0.061035156
26709,0.12207031
26710,0.4272461
26711,0.24414062
26712,0.12207031
26713,0.12207031
26714,0.15258789
26715,0.15258789
26716,0.12207031
26717,0.091552734
26718,0.2746582
26719,0.091552734
26720,0.030517578
26721,-0.15258789
26722,0.061035156
26723,0.091552734
26724,-0.091552734
26725,0.030517578
26726,0.091552734
26727,-0.030517578
26728,0.030517578
26729,0.030517578
26730,0.15258789
26731,0.061035156
26732,-0.030517578
26733,0.30517578
26734,0.091552734
26735,0.15258789
26736,0.12207031
26737,0.36621094
26738,0.030517578
26739,0.030517578
26740,0.030517578
26741,0.061035156
26742,0.30517578
26743,0.091552734
26744,0.061035156
26745,0.061035156
26746,-0.061035156
26747,0.061035156
26748,-0.061035156
26749,-0.061035156
26750,0.21362305
26751,-0.030517578
26752,0.21362305
26753,0.091552734
26754,0.18310547
26755,0.15258789
26756,0.12207031
26757,0.21362305
26758,0.091552734
26759,0.18310547
26760,-0.030517578
26761,0.030517578
26762,-0.030517578
26763,0.091552734
26764,0.061035156
26765,0.091552734
26766,-0.091552734
26767,0.12207031
26768,0.030517578
26769,0.061035156
26770,-0.21362305
26771,0.091552734
26772,0.4272461
26773,-0.21362305
26774,0.39672852
26775,0.33569336
26776,-0.21362305
26777,-0.030517578
26778,-0.061035156
26779,0.091552734
26780,-0.061035156
26781,-0.061035156
26782,-0.030517578
26783,0.30517578
26784,-0.030517578
26785,-0.091552734
26786,-0.030517578
26787,0.18310547
26788,-0.030517578
26789,-0.030517578
26790,0.091552734
26791,-0.12207031
26792,0.39672852
26793,0.2746582
26794,0.091552734
26795,0.15258789
26796,0.30517578
26797,0.36621094
26798,0.061035156
26799,0.24414062
26800,-0.061035156
26801,0.061035156
26802,0.030517578
26803,0.030517578
26804,-0.030517578
26805,0.061035156
26806,0.061035156
26807,0.030517578
26808,0.030517578
26809,0.030517578
26810,-0.061035156
26811,0.18310547
26812,0.24414062
26813,0.33569336
26814,0.12207031
26815,0.12207031
26816,0.39672852
26817,0.33569336
26818,0.18310547
26819,-0.061035156
26820,0.061035156
26821,0.091552734
26822,-0.061035156
26823,0.18310547
26824,0.061035156
26825,0.18310547
26826,0.091552734
26827,-0.030517578
26828,-0.061035156
26829,0.12207031
26830,-0.15258789
26831,0.18310547
26832,0.061035156
26833,0.030517578
26834,0.061035156
26835,0.030517578
26836,-0.030517578
26837,0.061035156
26838,0.12207031
26839,0.21362305
26840,0.21362305
26841,0.45776367
26842,0.12207031
26843,-0.030517578
26844,0.061035156
26845,0.091552734
26846,0.030517578
26847,-0.091552734
26848,-0.061035156
26849,0.36621094
26850,0.061035156
26851,0.061035156
26852,0.061035156
26853,0.061035156
26854,0.030517578
26855,-0.030517578
26856,-0.030517578
26857,0.030517578
26858,0.091552734
26859,0.091552734
26860,0.12207031
26861,0.061035156
26862,0.12207031
26863,-0.030517578
26864,-0.12207031
26865,0.12207031
26866,0.061035156
26867,0.061035156
26868,0.39672852
26869,0.18310547
26870,0.061035156
26871,0.030517578
26872,-0.030517578
26873,0.18310547
26874,0.030517578
26875,0.12207031
26876,-0.15258789
26877,0.061035156
26878,0.061035156
26879,0.030517578
26880,0.030517578
26881,0.091552734
26882,0.030517578
26883,0.061035156
26884,0.15258789
26885,0.061035156
26886,-0.18310547
26887,0.39672852
26888,0.061035156
26889,0.091552734
26890,-0.061035156
26891,0.030517578
26892,0.21362305
26893,0.030517578
26894,0.24414062
26895,0.24414062
26896,0.091552734
26897,0.18310547
26898,-0.030517578
26899,-0.030517578
26900,0.091552734
26901,0.030517578
26902,-0.030517578
26903,0.36621094
26904,0.061035156
26905,0.030517578
26906,0.18310547
26907,0.061035156
26908,0.061035156
26909,0.030517578
26910,0.061035156
26911,-0.061035156
26912,0.48828125
26913,0.12207031
26914,0.33569336
26915,0.30517578
26916,0.15258789
26917,0.45776367
26918,-0.091552734
26919,0.30517578
26920,-0.030517578
26921,0.061035156
26922,0.18310547
26923,0.18310547
26924,0.030517578
26925,0.030517578
26926,0.091552734
26927,0.061035156
26928,-0.030517578
26929,0.061035156
26930,0.21362305
26931,-0.18310547
26932,0.24414062
26933,0.12207031
26934,0.30517578
26935,0.18310547
26936,0.24414062
26937,0.21362305
26938,0.39672852
26939,0.030517578
26940,-0.15258789
26941,-0.18310547
26942,0.2746582
26943,0.091552734
26944,0.061035156
26945,0.36621094
26946,0.15258789
26947,0.030517578
26948,0.030517578
26949,0.12207031
26950,0.061035156
26951,0.12207031
26952,0.12207031
26953,0.061035156
26954,0.061035156
26955,-0.030517578
26956,-0.030517578
26957,0.030517578
26958,0.12207031
26959,0.091552734
26960,-0.091552734
26961,0.36621094
26962,0.091552734
26963,0.15258789
26964,0.24414062
26965,0.091552734
26966,-0.030517578
26967,-0.061035156
26968,0.061035156
26969,0.30517578
26970,0.091552734
26971,0.061035156
26972,0.030517578
26973,0.061035156
26974,-0.030517578
26975,0.061035156
26976,0.091552734
26977,0.061035156
26978,0.061035156
26979,0.12207031
26980,0.18310547
26981,0.24414062
26982,0.061035156
26983,-0.091552734
26984,-0.091552734
26985,-0.091552734
26986,0.030517578
26987,0.15258789
26988,0.061035156
26989,0.061035156
26990,0.030517578
26991,-0.061035156
26992,-0.030517578
26993,0.21362305
26994,0.030517578
26995,0.39672852
26996,0.12207031
26997,0.15258789
26998,0.24414062
26999,-0.030517578
27000,-0.030517578
27001,-0.030517578
27002,0.18310547
27003,0.061035156
27004,0.091552734
27005,0.18310547
27006,0.45776367
27007,0.030517578
27008,0.061035156
27009,-0.030517578
27010,0.24414062
27011,-0.12207031
27012,0.12207031
27013,0.061035156
27014,0.30517578
27015,0.18310547
27016,0.33569336
27017,0.18310547
27018,0.4272461
27019,0.030517578
27020,0.030517578
27021,0.18310547
27022,0.2746582
27023,0.15258789
27024,0.091552734
27025,-0.15258789
27026,0.12207031
27027,-0.061035156
27028,-0.061035156
27029,0.12207031
27030,0.030517578
27031,0.061035156
27032,0.061035156
27033,0.061035156
27034,-0.030517578
27035,-0.061035156
27036,0.061035156
27037,-0.030517578
27038,0.12207031
27039,0.12207031
27040,0.24414062
27041,0.21362305
27042,0.030517578
27043,-0.061035156
27044,0.18310547
27045,0.18310547
27046,0.061035156
27047,-0.030517578
27048,0.091552734
27049,0.091552734
27050,0.21362305
27051,0.091552734
27052,99.70093
27053,99.63989
27054,99.91455
27055,99.79248
27056,99.79248
27057,99.823
27058,99.54834
27059,99.63989
27060,99.609375
27061,99.67041
27062,99.67041
27063,99.70093
27064,99.731445
27065,99.51782
27066,99.88403
27067,99.731445
27068,100.0061
27069,99.70093
27070,99.91455
27071,99.853516
27072,99.67041
27073,99.67041
27074,100.0061
27075,99.853516
27076,99.70093
27077,99.70093
27078,99.853516
27079,99.823
27080,99.823
27081,99.70093
27082,99.731445
27083,99.70093
27084,99.76196
27085,99.54834
27086,99.67041
27087,99.975586
27088,99.70093
27089,99.76196
27090,99.63989
27091,99.853516
27092,99.67041
27093,100.06714
27094,99.70093
27095,99.609375
27096,99.823
27097,99.67041
27098,99.609375
27099,99.88403
27100,99.70093
27101,99.487305
27102,99.731445
27103,99.70093
27104,99.731445
27105,99.853516
27106,99.88403
27107,99.67041
27108,99.70093
27109,99.609375
27110,99.70093
27111,99.823
27112,99.76196
27113,99.67041
27114,100.03662
27115,99.67041
27116,99.76196
27117,99.63989
27118,99.88403
27119,99.67041
27120,99.88403
27121,99.79248
27122,99.91455
27123,100.128174
27124,99.76196
27125,99.70093
27126,99.70093
27127,99.70093
27128,99.731445
27129,99.42627
27130,99.54834
27131,99.70093
27132,99.731445
27133,100.09766
27134,99.853516
27135,99.731445
27136,99.91455
27137,99.67041
27138,99.731445
27139,99.853516
27140,99.731445
27141,99.79248
27142,99.94507
27143,99.70093
27144,99.731445
27145,99.731445
27146,100.06714
27147,100.06714
27148,99.853516
27149,99.67041
27150,99.70093
27151,99.70093
27152,99.731445
27153,100.03662
27154,99.853516
27155,99.70093
27156,99.975586
27157,99.76196
27158,99.79248
27159,99.853516
27160,99.76196
27161,99.731445
27162,100.0061
27163,100.03662
27164,100.06714
27165,100.06714
27166,99.79248
27167,99.70093
27168,99.94507
27169,99.731445
27170,99.67041
27171,99.76196
27172,99.975586
27173,99.67041
27174,99.731445
27175,99.79248
27176,99.54834
27177,99.731445
27178,99.823
27179,99.823
27180,99.731445
27181,100.03662
27182,100.09766
27183,99.91455
27184,99.63989
27185,99.70093
27186,99.975586
27187,99.88403
27188,99.823
27189,99.70093
27190,99.731445
27191,99.76196
27192,99.76196
27193,99.853516
27194,99.63989
27195,99.79248
27196,99.79248
27197,99.70093
27198,99.823
27199,99.63989
27200,99.731445
27201,99.853516
27202,99.823
27203,99.823
27204,99.79248
27205,99.67041
27206,99.823
27207,99.731445
27208,99.67041
27209,99.70093
27210,99.70093
27211,99.76196
27212,99.853516
27213,99.731445
27214,99.76196
27215,99.731445
27216,99.823
27217,99.731445
27218,99.51782
27219,99.63989
27220,99.731445
27221,99.70093
27222,99.67041
27223,99.88403
27224,99.731445
27225,99.63989
27226,99.975586
27227,99.79248
27228,99.731445
27229,99.731445
27230,99.70093
27231,99.731445
27232,99.79248
27233,99.63989
27234,99.67041
27235,99.76196
27236,100.18921
27237,99.67041
27238,99.76196
27239,99.609375
27240,99.731445
27241,100.03662
27242,100.09766
27243,100.0061
27244,100.09766
27245,99.91455
27246,99.731445
27247,99.63989
27248,99.76196
27249,99.63989
27250,99.70093
27251,99.731445
27252,99.731445
27253,99.88403
27254,99.67041
27255,99.853516
27256,99.731445
27257,99.67041
27258,99.731445
27259,99.70093
27260,99.76196
27261,99.63989
27262,99.79248
27263,99.88403
27264,99.88403
27265,99.823
27266,99.67041
27267,99.76196
27268,99.67041
27269,99.609375
27270,99.70093
27271,99.76196
27272,99.76196
27273,99.70093
27274,99.731445
27275,99.70093
27276,99.54834
27277,99.609375
27278,99.79248
27279,99.70093
27280,99.731445
27281,99.79248
27282,99.51782
27283,99.51782
27284,99.88403
27285,99.94507
27286,99.67041
27287,99.79248
27288,99.487305
27289,99.70093
27290,99.67041
27291,99.731445
27292,99.823
27293,99.79248
27294,99.63989
27295,99.731445
27296,99.487305
27297,99.731445
27298,99.70093
27299,99.70093
27300,99.731445
27301,99.853516
27302,99.88403
27303,100.0061
27304,99.94507
27305,99.94507
27306,99.76196
27307,100.03662
27308,99.54834
27309,99.823
27310,99.63989
27311,99.731445
27312,99.79248
27313,99.76196
27314,99.88403
27315,99.70093
27316,99.91455
27317,99.76196
27318,99.76196
27319,100.09766
27320,99.70093
27321,99.79248
27322,99.91455
27323,99.853516
27324,99.88403
27325,99.79248
27326,99.94507
27327,99.975586
27328,99.609375
27329,99.88403
27330,99.67041
27331,99.70093
27332,99.823
27333,100.09766
27334,99.70093
27335,99.731445
27336,99.76196
27337,99.63989
27338,99.731445
27339,99.70093
27340,99.67041
27341,99.853516
27342,99.88403
27343,99.76196
27344,99.731445
27345,99.731445
27346,99.94507
27347,99.79248
27348,100.0061
27349,99.70093
27350,99.70093
27351,99.70093
27352,99.76196
27353,99.70093
27354,99.79248
27355,99.70093
27356,99.853516
27357,99.42627
27358,99.70093
27359,99.88403
27360,99.67041
27361,99.79248
27362,99.823
27363,99.88403
27364,99.88403
27365,99.91455
27366,99.731445
27367,99.76196
27368,100.18921
27369,99.76196
27370,99.67041
27371,99.63989
27372,99.76196
27373,99.823
27374,99.70093
27375,99.70093
27376,99.76196
27377,99.70093
27378,99.823
27379,99.88403
27380,99.731445
27381,99.88403
27382,99.88403
27383,99.853516
27384,99.823
27385,99.88403
27386,99.853516
27387,99.88403
27388,100.03662
27389,99.731445
27390,99.70093
27391,99.67041
27392,99.731445
27393,99.731445
27394,99.54834
27395,99.70093
27396,99.79248
27397,99.67041
27398,99.731445
27399,100.03662
27400,99.731445
27401,99.823
27402,99.76196
27403,99.79248
27404,99.76196
27405,99.79248
27406,99.76196
27407,99.731445
27408,99.853516
27409,100.09766
27410,99.823
27411,99.70093
27412,99.70093
27413,99.731445
27414,99.54834
27415,99.63989
27416,99.63989
27417,100.06714
27418,99.731445
27419,99.823
27420,99.88403
27421,99.67041
27422,99.70093
27423,99.70093
27424,99.70093
27425,99.63989
27426,99.67041
27427,99.731445
27428,99.76196
27429,99.853516
27430,100.03662
27431,99.609375
27432,99.76196
27433,99.67041
27434,99.76196
27435,99.94507
27436,99.731445
27437,99.76196
27438,99.731445
27439,99.70093
27440,99.45679
27441,99.76196
27442,99.731445
27443,99.731445
27444,99.67041
27445,99.731445
27446,99.67041
27447,99.67041
27448,99.67041
27449,99.63989
27450,99.76196
27451,99.731445
27452,99.76196
27453,99.67041
27454,99.76196
27455,99.609375
27456,99.70093
27457,99.79248
27458,99.54834
27459,99.731445
27460,99.76196
27461,99.853516
27462,99.76196
27463,99.487305
27464,99.70093
27465,99.67041
27466,99.79248
27467,99.76196
27468,99.67041
27469,99.731445
27470,99.67041
27471,99.88403
27472,99.823
27473,99.70093
27474,99.70093
27475,99.975586
27476,99.91455
27477,99.70093
27478,99.63989
27479,99.731445
27480,100.09766
27481,99.76196
27482,99.76196
27483,99.731445
27484,99.67041
27485,99.731445
27486,99.731445
27487,99.731445
27488,99.70093
27489,99.70093
27490,99.79248
27491,99.76196
27492,99.94507
27493,99.63989
27494,99.76196
27495,99.487305
27496,99.63989
27497,99.70093
27498,99.54834
27499,99.67041
27500,99.823
27501,99.91455
27502,99.76196
27503,99.70093
27504,99.609375
27505,99.79248
27506,99.76196
27507,99.63989
27508,99.731445
27509,99.70093
27510,99.76196
27511,99.79248
27512,99.76196
27513,99.67041
27514,99.67041
27515,99.76196
27516,99.67041
27517,99.70093
27518,99.609375
27519,99.63989
27520,99.853516
27521,99.79248
27522,99.70093
27523,99.70093
27524,99.67041
27525,99.67041
27526,99.70093
27527,99.731445
27528,99.731445
27529,99.76196
27530,99.79248
27531,99.609375
27532,99.70093
27533,99.731445
27534,100.128174
27535,99.67041
27536,99.76196
27537,99.731445
27538,99.67041
27539,99.823
27540,99.76196
27541,99.70093
27542,99.731445
27543,99.70093
27544,99.76196
27545,99.67041
27546,99.70093
27547,99.70093
27548,99.79248
27549,99.731445
27550,99.76196
27551,99.823
27552,99.731445
27553,99.731445
27554,99.88403
27555,99.76196
27556,99.67041
27557,99.853516
27558,99.67041
27559,99.731445
27560,99.731445
27561,99.70093
27562,99.76196
27563,99.731445
27564,99.731445
27565,99.853516
27566,99.88403
27567,99.94507
27568,99.975586
27569,99.823
27570,99.70093
27571,99.70093
27572,99.79248
27573,99.70093
27574,99.70093
27575,99.79248
27576,100.09766
27577,99.63989
27578,99.70093
27579,99.51782
27580,99.731445
27581,99.731445
27582,100.03662
27583,100.06714
27584,100.06714
27585,99.51782
27586,100.128174
27587,99.853516
27588,99.70093
27589,99.67041
27590,99.67041
27591,99.731445
27592,99.94507
27593,99.67041
27594,99.67041
27595,99.76196
27596,99.76196
27597,99.70093
27598,99.88403
27599,99.70093
27600,99.76196
27601,99.76196
27602,99.823
27603,99.823
27604,99.823
27605,99.88403
27606,99.731445
27607,99.487305
27608,99.609375
27609,99.70093
27610,99.70093
27611,99.731445
27612,100.18921
27613,99.70093
27614,99.67041
27615,99.823
27616,99.823
27617,99.731445
27618,99.94507
27619,99.731445
27620,99.76196
27621,99.79248
27622,99.853516
27623,99.67041
27624,99.51782
27625,99.51782
27626,99.823
27627,99.67041
27628,99.823
27629,99.70093
27630,99.731445
27631,99.76196
27632,99.91455
27633,99.823
27634,99.67041
27635,99.76196
27636,99.975586
27637,99.67041
27638,99.88403
27639,99.79248
27640,99.88403
27641,100.03662
27642,100.03662
27643,100.06714
27644,99.975586
27645,100.09766
27646,99.731445
27647,99.70093
27648,99.731445
27649,99.70093
27650,99.70093
27651,99.853516
27652,99.94507
27653,99.63989
27654,99.76196
27655,99.823
27656,99.51782
27657,99.70093
27658,99.731445
27659,99.67041
27660,99.76196
27661,99.88403
27662,99.63989
27663,99.88403
27664,99.853516
27665,99.731445
27666,99.88403
27667,99.70093
27668,99.94507
27669,99.67041
27670,99.76196
27671,99.70093
27672,99.823
27673,99.823
27674,99.70093
27675,99.731445
27676,99.42627
27677,99.67041
27678,99.853516
27679,99.823
27680,99.67041
27681,99.70093
27682,99.79248
27683,99.79248
27684,99.975586
27685,99.79248
27686,99.88403
27687,100.0061
27688,99.823
27689,99.88403
27690,99.67041
27691,99.70093
27692,99.853516
27693,99.88403
27694,99.731445
27695,99.79248
27696,100.0061
27697,99.67041
27698,99.731445
27699,99.63989
27700,99.76196
27701,99.94507
27702,99.853516
27703,99.731445
27704,99.823
27705,99.731445
27706,99.94507
27707,99.823
27708,99.88403
27709,99.487305
27710,99.67041
27711,99.67041
27712,99.76196
27713,99.88403
27714,99.54834
27715,99.67041
27716,99.76196
27717,99.70093
27718,99.70093
27719,99.67041
27720,99.70093
27721,99.76196
27722,99.79248
27723,99.823
27724,99.853516
27725,99.731445
27726,99.91455
27727,99.94507
27728,99.487305
27729,99.76196
27730,99.63989
27731,99.70093
27732,99.76196
27733,99.94507
27734,99.76196
27735,99.67041
27736,99.94507
27737,99.63989
27738,99.67041
27739,99.67041
27740,99.70093
27741,99.823
27742,99.76196
27743,99.853516
27744,99.76196
27745,99.76196
27746,99.853516
27747,99.94507
27748,99.76196
27749,100.06714
27750,99.94507
27751,99.70093
27752,99.731445
27753,99.79248
27754,99.70093
27755,99.731445
27756,99.79248
27757,99.609375
27758,99.609375
27759,99.853516
27760,99.67041
27761,99.70093
27762,99.67041
27763,99.70093
27764,99.731445
27765,99.76196
27766,99.76196
27767,99.88403
27768,99.94507
27769,99.823
27770,99.67041
27771,99.731445
27772,99.76196
27773,99.94507
27774,99.67041
27775,99.70093
27776,99.67041
27777,99.67041
27778,99.823
27779,99.54834
27780,99.731445
27781,99.975586
27782,99.731445
27783,100.0061
27784,99.79248
27785,99.94507
27786,99.94507
27787,100.09766
27788,99.70093
27789,99.79248
27790,99.63989
27791,99.731445
27792,99.88403
27793,99.51782
27794,99.731445
27795,99.70093
27796,99.94507
27797,99.63989
27798,99.823
27799,99.823
27800,99.67041
27801,99.731445
27802,99.76196
27803,99.853516
27804,99.91455
27805,99.70093
27806,99.975586
27807,99.609375
27808,99.853516
27809,99.609375
27810,99.70093
27811,99.70093
27812,100.06714
27813,99.79248
27814,99.67041
27815,99.70093
27816,99.54834
27817,99.67041
27818,99.487305
27819,99.63989
27820,99.91455
27821,99.731445
27822,99.853516
27823,99.70093
27824,99.63989
27825,99.67041
27826,99.79248
27827,99.823
27828,99.70093
27829,99.70093
27830,99.731445
27831,99.79248
27832,99.51782
27833,99.853516
27834,99.70093
27835,99.94507
27836,99.88403
27837,99.70093
27838,99.975586
27839,99.67041
27840,99.823
27841,99.51782
27842,99.76196
27843,99.823
27844,99.853516
27845,99.79248
27846,99.70093
27847,99.609375
27848,99.70093
27849,99.67041
27850,99.731445
27851,99.79248
27852,99.63989
27853,99.67041
27854,99.63989
27855,99.823
27856,99.853516
27857,99.76196
27858,100.0061
27859,99.731445
27860,99.853516
27861,99.823
27862,99.54834
27863,99.76196
27864,99.88403
27865,99.853516
27866,99.823
27867,99.91455
27868,99.67041
27869,99.63989
27870,99.70093
27871,99.853516
27872,99.94507
27873,99.63989
27874,99.63989
27875,99.76196
27876,99.609375
27877,99.79248
27878,99.91455
27879,99.731445
27880,99.76196
27881,100.06714
27882,99.88403
27883,100.09766
27884,100.06714
27885,99.51782
27886,99.853516
27887,99.609375
27888,99.67041
27889,99.70093
27890,99.731445
27891,99.731445
27892,99.731445
27893,99.63989
27894,99.76196
27895,100.128174
27896,99.731445
27897,99.76196
27898,99.853516
27899,99.731445
27900,99.70093
27901,99.70093
27902,99.70093
27903,99.731445
27904,99.70093
27905,99.67041
27906,99.67041
27907,99.70093
27908,99.70093
27909,99.731445
27910,99.88403
27911,99.975586
27912,99.731445
27913,99.70093
27914,99.731445
27915,99.487305
27916,99.70093
27917,99.79248
27918,99.823
27919,99.70093
27920,99.51782
27921,99.79248
27922,99.70093
27923,99.76196
27924,99.70093
27925,99.731445
27926,99.70093
27927,99.67041
27928,99.76196
27929,99.79248
27930,99.731445
27931,99.67041
27932,99.70093
27933,99.70093
27934,99.88403
27935,99.76196
27936,99.70093
27937,99.76196
27938,99.731445
27939,99.853516
27940,99.70093
27941,99.70093
27942,99.70093
27943,99.67041
27944,99.70093
27945,99.70093
27946,99.76196
27947,99.70093
27948,99.79248
27949,99.79248
27950,99.853516
27951,99.63989
27952,99.79248
27953,99.67041
27954,99.88403
27955,99.70093
27956,99.76196
27957,99.76196
27958,99.79248
27959,99.79248
27960,99.609375
27961,99.70093
27962,99.731445
27963,99.67041
27964,99.731445
27965,99.70093
27966,99.70093
27967,99.76196
27968,99.823
27969,99.88403
27970,99.88403
27971,99.70093
27972,99.731445
27973,99.79248
27974,99.609375
27975,99.67041
27976,99.731445
27977,99.853516
27978,99.67041
27979,100.06714
27980,99.67041
27981,99.70093
27982,99.823
27983,99.76196
27984,99.76196
27985,99.731445
27986,99.731445
27987,99.823
27988,99.79248
27989,99.42627
27990,99.67041
27991,99.67041
27992,99.731445
27993,99.823
27994,99.63989
27995,99.67041
27996,99.731445
27997,99.731445
27998,99.70093
27999,99.853516
28000,99.67041
28001,99.70093
28002,99.76196
28003,99.79248
28004,99.823
28005,99.823
28006,99.76196
28007,100.03662
28008,99.76196
28009,99.67041
28010,99.63989
28011,99.731445
28012,99.67041
28013,99.67041
28014,99.70093
28015,99.731445
28016,99.67041
28017,99.67041
28018,99.70093
28019,99.70093
28020,99.823
28021,99.487305
28022,99.823
28023,99.51782
28024,99.731445
28025,99.67041
28026,99.79248
28027,99.67041
28028,99.67041
28029,99.76196
28030,99.76196
28031,99.76196
28032,99.88403
28033,99.70093
28034,99.70093
28035,100.09766
28036,99.609375
28037,99.76196
28038,99.853516
28039,99.76196
28040,99.487305
28041,99.853516
28042,99.67041
28043,99.70093
28044,99.67041
28045,99.67041
28046,99.67041
28047,99.731445
28048,99.731445
28049,99.79248
28050,99.76196
28051,99.67041
28052,99.70093
28053,99.70093
28054,99.975586
28055,99.70093
28056,99.823
28057,99.88403
28058,99.76196
28059,99.76196
28060,99.67041
28061,99.731445
28062,99.79248
28063,99.76196
28064,99.76196
28065,99.79248
28066,99.823
28067,99.88403
28068,99.70093
28069,99.76196
28070,99.67041
28071,99.67041
28072,99.70093
28073,99.91455
28074,99.79248
28075,99.76196
28076,99.731445
28077,99.76196
28078,99.731445
28079,100.128174
28080,99.70093
28081,99.76196
28082,99.823
28083,99.731445
28084,99.823
28085,99.853516
28086,99.975586
28087,99.45679
28088,99.63989
28089,99.70093
28090,99.76196
28091,99.853516
28092,99.823
28093,99.63989
28094,99.823
28095,99.67041
28096,99.67041
28097,99.731445
28098,99.63989
28099,99.94507
28100,99.67041
28101,99.731445
28102,99.731445
28103,99.70093
28104,99.731445
28105,99.79248
28106,99.70093
28107,99.76196
28108,99.76196
28109,99.94507
28110,99.63989
28111,99.88403
28112,99.67041
28113,99.731445
28114,100.128174
28115,99.70093
28116,99.70093
28117,99.54834
28118,99.63989
28119,99.853516
28120,99.67041
28121,99.63989
28122,99.70093
28123,99.70093
28124,99.76196
28125,99.67041
28126,99.731445
28127,99.88403
28128,100.09766
28129,99.853516
28130,99.63989
28131,99.731445
28132,99.76196
28133,99.76196
28134,99.731445
28135,99.79248
28136,99.91455
28137,99.76196
28138,99.76196
28139,99.79248
28140,99.88403
28141,99.823
28142,99.70093
28143,99.609375
28144,99.67041
28145,99.609375
28146,99.823
28147,99.76196
28148,99.79248
28149,99.54834
28150,99.731445
28151,99.79248
28152,99.731445
28153,99.67041
28154,99.731445
28155,99.731445
28156,99.731445
28157,99.70093
28158,99.79248
28159,99.67041
28160,99.76196
28161,99.76196
28162,100.128174
28163,100.03662
28164,100.0061
28165,100.06714
28166,99.731445
28167,99.731445
28168,99.70093
28169,99.70093
28170,99.70093
28171,99.76196
28172,100.09766
28173,99.67041
28174,99.70093
28175,99.975586
28176,99.91455
28177,99.67041
28178,99.88403
28179,99.63989
28180,99.76196
28181,99.79248
28182,99.79248
28183,99.70093
28184,99.67041
28185,99.79248
28186,99.67041
28187,99.823
28188,99.823
28189,99.70093
28190,99.70093
28191,99.70093
28192,99.76196
28193,100.03662
28194,99.731445
28195,99.70093
28196,99.91455
28197,99.79248
28198,99.76196
28199,99.731445
28200,99.76196
28201,99.76196
28202,99.823
28203,99.853516
28204,99.79248
28205,99.823
28206,99.70093
28207,99.94507
28208,99.67041
28209,99.76196
28210,99.67041
28211,99.731445
28212,99.975586
28213,99.823
28214,99.70093
28215,99.91455
28216,99.79248
28217,99.76196
28218,99.487305
28219,99.70093
28220,99.76196
28221,99.79248
28222,99.853516
28223,99.88403
28224,99.79248
28225,99.853516
28226,99.609375
28227,99.487305
28228,99.731445
28229,99.70093
28230,99.731445
28231,99.823
28232,100.06714
28233,99.67041
28234,99.67041
28235,99.79248
28236,99.67041
28237,99.70093
28238,99.731445
28239,99.70093
28240,99.70093
28241,100.06714
28242,99.67041
28243,99.63989
28244,99.67041
28245,99.731445
28246,99.67041
28247,99.54834
28248,99.70093
28249,99.70093
28250,99.731445
28251,99.853516
28252,99.76196
28253,99.67041
28254,99.70093
28255,100.06714
28256,99.67041
28257,99.731445
28258,99.853516
28259,99.67041
28260,100.0061
28261,99.91455
28262,99.63989
28263,99.731445
28264,99.853516
28265,99.731445
28266,99.94507
28267,99.70093
28268,99.731445
28269,99.731445
28270,99.731445
28271,99.94507
28272,99.853516
28273,99.731445
28274,99.731445
28275,99.94507
28276,99.70093
28277,99.76196
28278,99.63989
28279,99.76196
28280,99.609375
28281,99.67041
28282,99.70093
28283,99.70093
28284,99.70093
28285,99.731445
28286,99.67041
28287,99.70093
28288,99.731445
28289,99.823
28290,100.09766
28291,99.823
28292,99.70093
28293,99.76196
28294,99.63989
28295,99.63989
28296,99.76196
28297,99.609375
28298,99.70093
28299,99.63989
28300,99.63989
28301,99.70093
28302,99.76196
28303,99.79248
28304,99.70093
28305,99.731445
28306,99.79248
28307,99.823
28308,99.76196
28309,99.487305
28310,99.853516
28311,99.70093
28312,99.731445
28313,99.975586
28314,99.88403
28315,99.67041
28316,99.70093
28317,99.76196
28318,99.70093
28319,99.823
28320,99.67041
28321,99.70093
28322,99.88403
28323,99.79248
28324,99.67041
28325,99.91455
28326,100.06714
28327,99.731445
28328,99.975586
28329,99.63989
28330,99.70093
28331,99.823
28332,99.975586
28333,99.63989
28334,99.67041
28335,99.76196
28336,99.67041
28337,99.76196
28338,99.88403
28339,99.731445
28340,99.45679
28341,99.609375
28342,99.70093
28343,99.67041
28344,99.487305
28345,99.67041
28346,99.76196
28347,99.70093
28348,99.731445
28349,99.731445
28350,99.76196
28351,99.91455
28352,99.823
28353,99.70093
28354,99.731445
28355,99.731445
28356,99.67041
28357,99.76196
28358,99.731445
28359,99.70093
28360,99.88403
28361,99.975586
28362,99.823
28363,99.853516
28364,99.70093
28365,99.731445
28366,99.731445
28367,99.70093
28368,99.731445
28369,99.823
28370,100.03662
28371,99.823
28372,99.70093
28373,99.70093
28374,99.67041
28375,99.70093
28376,99.70093
28377,99.54834
28378,99.67041
28379,100.03662
28380,99.731445
28381,99.67041
28382,99.731445
28383,99.731445
28384,99.76196
28385,99.731445
28386,99.731445
28387,99.76196
28388,99.853516
28389,99.70093
28390,99.76196
28391,99.70093
28392,99.731445
28393,99.823
28394,99.823
28395,99.67041
28396,99.731445
28397,99.63989
28398,99.67041
28399,99.88403
28400,99.67041
28401,99.70093
28402,99.88403
28403,99.76196
28404,99.76196
28405,99.731445
28406,99.853516
28407,99.823
28408,100.128174
28409,99.88403
28410,99.731445
28411,99.731445
28412,99.79248
28413,99.63989
28414,99.67041
28415,99.731445
28416,100.03662
28417,99.67041
28418,99.70093
28419,99.79248
28420,99.67041
28421,99.823
28422,99.70093
28423,99.823
28424,99.823
28425,99.823
28426,99.731445
28427,99.67041
28428,100.09766
28429,99.70093
28430,99.823
28431,99.731445
28432,99.731445
28433,99.79248
28434,99.70093
28435,99.70093
28436,99.91455
28437,99.79248
28438,99.731445
28439,99.70093
28440,99.731445
28441,99.79248
28442,99.76196
28443,99.76196
28444,99.823
28445,99.79248
28446,99.88403
28447,99.76196
28448,100.09766
28449,99.94507
28450,99.70093
28451,99.70093
28452,99.94507
28453,99.88403
28454,99.67041
28455,99.76196
28456,99.731445
28457,99.70093
28458,100.03662
28459,99.70093
28460,99.79248
28461,100.06714
28462,99.731445
28463,100.03662
28464,100.06714
28465,99.487305
28466,100.0061
28467,99.853516
28468,99.67041
28469,99.67041
28470,99.70093
28471,99.731445
28472,99.79248
28473,99.823
28474,99.70093
28475,99.853516
28476,99.823
28477,99.70093
28478,99.94507
28479,99.67041
28480,99.79248
28481,99.731445
28482,99.79248
28483,99.76196
28484,99.63989
28485,99.94507
28486,99.76196
28487,99.63989
28488,99.67041
28489,99.70093
28490,99.88403
28491,99.67041
28492,99.70093
28493,99.67041
28494,99.70093
28495,99.731445
28496,99.70093
28497,99.54834
28498,99.731445
28499,99.823
28500,99.63989
28501,99.63989
28502,99.70093
28503,99.70093
28504,99.67041
28505,99.76196
28506,99.731445
28507,99.79248
28508,99.823
28509,99.975586
28510,99.70093
28511,99.853516
28512,99.70093
28513,99.76196
28514,99.731445
28515,99.731445
28516,99.70093
28517,100.0061
28518,99.67041
28519,100.0061
28520,99.63989
28521,99.731445
28522,99.70093
28523,99.70093
28524,99.70093
28525,99.731445
28526,99.76196
28527,99.823
28528,100.0061
28529,99.70093
28530,99.79248
28531,99.70093
28532,99.731445
28533,99.91455
28534,99.70093
28535,99.731445
28536,100.0061
28537,99.609375
28538,99.79248
28539,99.51782
28540,99.731445
28541,99.88403
28542,99.79248
28543,99.853516
28544,99.94507
28545,99.88403
28546,99.79248
28547,99.76196
28548,100.0061
28549,99.76196
28550,99.63989
28551,99.70093
28552,99.67041
28553,100.03662
28554,99.88403
28555,99.67041
28556,100.0061
28557,99.67041
28558,99.731445
28559,99.79248
28560,99.731445
28561,99.823
28562,99.823
28563,99.94507
28564,99.88403
28565,99.79248
28566,99.731445
28567,100.09766
28568,99.79248
28569,99.731445
28570,99.67041
28571,99.76196
28572,100.06714
28573,99.76196
28574,99.70093
28575,99.91455
28576,99.853516
28577,99.76196
28578,99.731445
28579,99.70093
28580,99.76196
28581,99.823
28582,99.70093
28583,99.63989
28584,99.70093
28585,99.88403
28586,99.823
28587,99.67041
28588,99.731445
28589,99.731445
28590,99.853516
28591,99.609375
28592,99.63989
28593,99.67041
28594,100.09766
28595,99.67041
28596,99.79248
28597,99.88403
28598,99.76196
28599,100.18921
28600,99.70093
28601,99.88403
28602,99.79248
28603,99.79248
28604,99.731445
28605,99.853516
28606,99.823
28607,99.91455
28608,99.731445
28609,99.70093
28610,99.731445
28611,99.79248
28612,99.63989
28613,99.731445
28614,99.76196
28615,99.88403
28616,99.67041
28617,99.823
28618,99.70093
28619,99.70093
28620,99.823
28621,99.51782
28622,99.853516
28623,99.853516
28624,99.79248
28625,99.70093
28626,99.731445
28627,99.70093
28628,99.67041
28629,99.731445
28630,99.823
28631,99.853516
28632,99.67041
28633,99.70093
28634,99.88403
28635,99.91455
28636,99.67041
28637,99.76196
28638,99.70093
28639,99.853516
28640,99.823
28641,99.76196
28642,99.67041
28643,99.70093
28644,99.70093
28645,99.70093
28646,99.76196
28647,99.731445
28648,99.91455
28649,99.823
28650,99.94507
28651,99.67041
28652,99.70093
28653,99.823
28654,99.853516
28655,99.76196
28656,99.79248
28657,99.731445
28658,99.823
28659,99.79248
28660,99.76196
28661,99.88403
28662,99.853516
28663,99.79248
28664,99.731445
28665,99.76196
28666,99.76196
28667,99.823
28668,100.06714
28669,99.853516
28670,99.79248
28671,99.67041
28672,99.731445
28673,99.91455
28674,99.79248
28675,99.67041
28676,99.731445
28677,99.76196
28678,99.79248
28679,99.853516
28680,99.731445
28681,99.88403
28682,99.76196
28683,99.79248
28684,99.88403
28685,99.853516
28686,100.03662
28687,99.79248
28688,99.853516
28689,99.88403
28690,99.731445
28691,99.76196
28692,100.03662
28693,99.975586
28694,99.731445
28695,99.70093
28696,99.63989
28697,99.67041
28698,99.731445
28699,99.67041
28700,99.731445
28701,100.03662
28702,100.09766
28703,99.79248
28704,99.79248
28705,99.76196
28706,100.06714
28707,100.128174
28708,99.88403
28709,99.76196
28710,99.70093
28711,99.63989
28712,99.79248
28713,99.70093
28714,99.79248
28715,99.70093
28716,99.70093
28717,99.67041
28718,99.76196
28719,99.76196
28720,99.63989
28721,99.79248
28722,99.76196
28723,99.823
28724,99.88403
28725,99.76196
28726,99.76196
28727,99.823
28728,99.63989
28729,99.70093
28730,99.67041
28731,99.76196
28732,99.79248
28733,99.51782
28734,99.76196
28735,99.91455
28736,99.70093
28737,99.731445
28738,99.70093
28739,99.67041
28740,99.91455
28741,99.54834
28742,99.67041
28743,99.63989
28744,99.67041
28745,99.76196
28746,99.731445
28747,99.70093
28748,99.70093
28749,99.731445
28750,99.70093
28751,99.731445
28752,99.51782
28753,99.79248
28754,99.70093
28755,99.731445
28756,99.487305
28757,99.70093
28758,99.853516
28759,99.70093
28760,99.76196
28761,99.67041
28762,99.823
28763,99.853516
28764,99.823
28765,99.609375
28766,99.823
28767,99.67041
28768,99.67041
28769,99.609375
28770,99.76196
28771,99.79248
28772,99.67041
28773,99.70093
28774,99.731445
28775,99.51782
28776,99.63989
28777,99.79248
28778,99.67041
28779,99.731445
28780,99.67041
28781,99.67041
28782,99.70093
28783,99.70093
28784,99.70093
28785,99.70093
28786,99.76196
28787,99.70093
28788,99.823
28789,99.88403
28790,99.70093
28791,99.88403
28792,99.70093
28793,99.76196
28794,100.09766
28795,99.63989
28796,99.70093
28797,99.79248
28798,99.67041
28799,99.67041
28800,99.609375
28801,99.731445
28802,99.70093
28803,99.70093
28804,99.731445
28805,99.731445
28806,99.731445
28807,99.853516
28808,99.70093
28809,99.67041
28810,99.76196
28811,99.70093
28812,99.79248
28813,99.63989
28814,99.67041
28815,99.67041
28816,99.79248
28817,99.70093
28818,99.70093
28819,99.853516
28820,99.70093
28821,99.76196
28822,99.76196
28823,99.70093
28824,99.70093
28825,99.76196
28826,99.67041
28827,99.70093
28828,99.79248
28829,99.823
28830,99.79248
28831,99.54834
28832,99.70093
28833,99.731445
28834,100.06714
28835,99.823
28836,99.70093
28837,99.88403
28838,99.731445
28839,99.76196
28840,99.731445
28841,99.731445
28842,99.67041
28843,99.76196
28844,99.88403
28845,99.67041
28846,99.67041
28847,99.731445
28848,99.67041
28849,99.76196
28850,99.79248
28851,100.06714
28852,99.51782
28853,99.76196
28854,99.70093
28855,99.79248
28856,99.67041
28857,99.76196
28858,99.67041
28859,99.76196
28860,99.853516
28861,99.853516
28862,99.91455
28863,99.823
28864,99.853516
28865,99.823
28866,99.76196
28867,99.70093
28868,99.63989
28869,99.67041
28870,99.76196
28871,100.0061
28872,99.853516
28873,99.70093
28874,99.76196
28875,99.67041
28876,99.70093
28877,99.70093
28878,99.54834
28879,99.70093
28880,99.42627
28881,99.76196
28882,99.79248
28883,99.853516
28884,99.823
28885,99.63989
28886,99.67041
28887,99.70093
28888,99.731445
28889,99.76196
28890,99.76196
28891,99.88403
28892,99.67041
28893,99.79248
28894,99.79248
28895,99.731445
28896,99.76196
28897,99.67041
28898,99.76196
28899,99.823
28900,99.731445
28901,99.731445
28902,99.731445
28903,99.731445
28904,99.67041
28905,99.70093
28906,99.70093
28907,99.70093
28908,99.975586
28909,100.128174
28910,99.88403
28911,99.67041
28912,99.731445
28913,99.94507
28914,99.88403
28915,99.609375
28916,99.823
28917,99.51782
28918,99.76196
28919,99.54834
28920,99.63989
28921,99.70093
28922,99.70093
28923,99.67041
28924,99.79248
28925,99.76196
28926,99.76196
28927,99.823
28928,99.731445
28929,99.94507
28930,99.79248
28931,99.731445
28932,99.70093
28933,99.94507
28934,99.79248
28935,99.70093
28936,99.823
28937,99.63989
28938,99.76196
28939,99.91455
28940,99.70093
28941,99.70093
28942,99.70093
28943,99.70093
28944,99.67041
28945,99.70093
28946,99.70093
28947,99.76196
28948,99.823
28949,99.94507
28950,99.88403
28951,99.70093
28952,99.70093
28953,99.823
28954,99.853516
28955,99.67041
28956,99.79248
28957,99.731445
28958,99.76196
28959,99.76196
28960,99.70093
28961,99.79248
28962,99.823
28963,99.731445
28964,99.731445
28965,99.79248
28966,99.79248
28967,99.975586
28968,99.853516
28969,99.76196
28970,99.67041
28971,99.70093
28972,99.823
28973,99.88403
28974,99.63989
28975,99.67041
28976,99.63989
28977,99.609375
28978,99.70093
28979,99.67041
28980,99.76196
28981,99.63989
28982,99.70093
28983,99.731445
28984,99.853516
28985,99.731445
28986,99.823
28987,99.853516
28988,99.67041
28989,99.54834
28990,99.731445
28991,99.67041
28992,99.853516
28993,99.853516
28994,99.70093
28995,99.70093
28996,100.09766
28997,99.70093
28998,99.88403
28999,99.609375
29000,99.731445
29001,99.731445
29002,99.731445
29003,99.731445
29004,99.731445
29005,99.76196
29006,99.853516
29007,99.91455
29008,99.823
29009,99.67041
29010,99.67041
29011,99.67041
29012,99.79248
29013,100.06714
29014,99.67041
29015,99.70093
29016,99.975586
29017,99.67041
29018,99.67041
29019,99.67041
29020,99.67041
29021,99.76196
29022,99.79248
29023,99.70093
29024,99.76196
29025,99.67041
29026,99.79248
29027,99.823
29028,99.88403
29029,100.09766
29030,99.823
29031,99.67041
29032,99.63989
29033,99.76196
29034,100.0061
29035,99.67041
29036,99.76196
29037,99.609375
29038,99.63989
29039,99.91455
29040,99.67041
29041,99.67041
29042,99.731445
29043,99.67041
29044,99.609375
29045,99.67041
29046,99.67041
29047,99.70093
29048,99.853516
29049,99.823
29050,99.76196
29051,99.67041
29052,99.731445
29053,99.731445
29054,99.79248
29055,99.731445
29056,99.823
29057,99.731445
29058,99.76196
29059,100.0061
29060,99.70093
29061,99.70093
29062,99.67041
29063,99.67041
29064,99.731445
29065,99.70093
29066,99.731445
29067,99.70093
29068,99.853516
29069,99.975586
29070,99.76196
29071,99.853516
29072,99.70093
29073,99.76196
29074,100.03662
29075,99.67041
29076,99.70093
29077,99.76196
29078,99.63989
29079,99.731445
29080,99.823
29081,99.70093
29082,99.63989
29083,99.70093
29084,99.70093
29085,99.70093
29086,99.731445
29087,99.67041
29088,99.76196
29089,99.823
29090,100.06714
29091,99.79248
29092,99.70093
29093,99.823
29094,99.853516
29095,99.70093
29096,99.853516
29097,99.76196
29098,99.70093
29099,99.76196
29100,99.67041
29101,99.63989
29102,99.67041
29103,99.67041
29104,99.67041
29105,99.67041
29106,99.67041
29107,99.76196
29108,99.70093
29109,99.731445
29110,99.76196
29111,99.94507
29112,99.609375
29113,99.731445
29114,99.70093
29115,99.853516
29116,99.70093
29117,99.823
29118,99.70093
29119,99.731445
29120,99.609375
29121,99.70093
29122,99.76196
29123,99.70093
29124,99.70093
29125,99.76196
29126,99.51782
29127,99.70093
29128,99.63989
29129,99.76196
29130,99.76196
29131,99.76196
29132,99.88403
29133,99.70093
29134,99.67041
29135,99.88403
29136,99.70093
29137,99.853516
29138,99.76196
29139,99.76196
29140,99.76196
29141,0.061035156
29142,0.18310547
29143,0.15258789
29144,0.030517578
29145,0.091552734
29146,0.33569336
29147,0.18310547
29148,-0.030517578
29149,-0.061035156
29150,0.18310547
29151,0.15258789
29152,0.061035156
29153,0.15258789
29154,-0.030517578
29155,-0.030517578
29156,0.21362305
29157,-0.091552734
29158,0.061035156
29159,-0.030517578
29160,0.030517578
29161,0.15258789
29162,0.091552734
29163,0.2746582
29164,0.15258789
29165,0.15258789
29166,0.24414062
29167,0.091552734
29168,0.15258789
29169,-0.18310547
29170,0.15258789
29171,-0.12207031
29172,0.030517578
29173,0.061035156
29174,0.091552734
29175,0.36621094
29176,0.15258789
29177,0.061035156
29178,0.18310547
29179,-0.091552734
29180,0.061035156
29181,0.061035156
29182,0.12207031
29183,0.4272461
29184,0.091552734
29185,0.061035156
29186,-0.030517578
29187,0.091552734
29188,0.061035156
29189,-0.061035156
29190,-0.030517578
29191,-0.030517578
29192,0.061035156
29193,0.030517578
29194,0.061035156
29195,0.24414062
29196,0.4272461
29197,0.12207031
29198,0.030517578
29199,0.091552734
29200,0.48828125
29201,0.39672852
29202,0.15258789
29203,0.091552734
29204,0.061035156
29205,-0.030517578
29206,0.15258789
29207,0.15258789
29208,0.39672852
29209,0.061035156
29210,0.030517578
29211,0.2746582
29212,0.18310547
29213,-0.12207031
29214,-0.030517578
29215,0.061035156
29216,-0.030517578
29217,0.091552734
29218,0.21362305
29219,0.12207031
29220,-0.12207031
29221,-0.030517578
29222,0.15258789
29223,0.030517578
29224,0.030517578
29225,0.091552734
29226,0.061035156
29227,0.061035156
29228,0.12207031
29229,-0.21362305
29230,0.091552734
29231,0.12207031
29232,0.030517578
29233,0.030517578
29234,0.030517578
29235,0.061035156
29236,0.061035156
29237,0.091552734
29238,0.091552734
29239,-0.21362305
29240,0.12207031
29241,0.33569336
29242,0.061035156
29243,-0.091552734
29244,-0.15258789
29245,0.15258789
29246,-0.030517578
29247,-0.12207031
29248,0.061035156
29249,0.39672852
29250,0.18310547
29251,0.12207031
29252,0.061035156
29253,0.061035156
29254,0.091552734
29255,0.12207031
29256,0.061035156
29257,0.091552734
29258,0.24414062
29259,0.21362305
29260,0.2746582
29261,0.36621094
29262,0.091552734
29263,0.030517578
29264,0.15258789
29265,0.061035156
29266,-0.061035156
29267,-0.12207031
29268,0.12207031
29269,0.21362305
29270,0.030517578
29271,0.030517578
29272,-0.030517578
29273,0.061035156
29274,0.030517578
29275,-0.030517578
29276,-0.061035156
29277,-0.030517578
29278,0.061035156
29279,0.091552734
29280,0.091552734
29281,-0.030517578
29282,-0.030517578
29283,0.12207031
29284,0.12207031
29285,-0.030517578
29286,0.030517578
29287,-0.091552734
29288,0.18310547
29289,0.061035156
29290,-0.030517578
29291,0.030517578
29292,-0.061035156
29293,0.030517578
29294,0.030517578
29295,0.030517578
29296,0.030517578
29297,0.030517578
29298,0.061035156
29299,0.030517578
29300,0.12207031
29301,0.030517578
29302,0.030517578
29303,0.21362305
29304,0.091552734
29305,0.061035156
29306,0.061035156
29307,0.45776367
29308,0.2746582
29309,0.061035156
29310,0.061035156
29311,-0.030517578
29312,-0.061035156
29313,0.091552734
29314,0.15258789
29315,-0.030517578
29316,-0.030517578
29317,-0.061035156
29318,0.061035156
29319,0.091552734
29320,0.091552734
29321,0.061035156
29322,0.030517578
29323,0.2746582
29324,0.091552734
29325,-0.061035156
29326,0.24414062
29327,0.15258789
29328,0.15258789
29329,-0.061035156
29330,-0.091552734
29331,0.030517578
29332,0.030517578
29333,-0.030517578
29334,0.18310547
29335,-0.030517578
29336,-0.030517578
29337,-0.030517578
29338,-0.030517578
29339,0.030517578
29340,0.091552734
29341,0.030517578
29342,-0.030517578
29343,0.30517578
29344,0.030517578
29345,0.030517578
29346,0.45776367
29347,0.091552734
29348,0.030517578
29349,-0.030517578
29350,0.061035156
29351,-0.030517578
29352,0.061035156
29353,-0.18310547
29354,0.12207031
29355,-0.15258789
29356,0.18310547
29357,0.21362305
29358,0.091552734
29359,0.030517578
29360,-0.030517578
29361,-0.030517578
29362,0.36621094
29363,0.091552734
29364,-0.061035156
29365,0.12207031
29366,0.061035156
29367,0.061035156
29368,-0.030517578
29369,0.030517578
29370,0.12207031
29371,0.12207031
29372,0.2746582
29373,-0.12207031
29374,-0.15258789
29375,-0.12207031
29376,0.091552734
29377,0.15258789
29378,-0.030517578
29379,0.030517578
29380,-0.030517578
29381,0.030517578
29382,-0.15258789
29383,0.12207031
29384,-0.061035156
29385,0.18310547
29386,0.091552734
29387,0.061035156
29388,-0.061035156
29389,0.030517578
29390,0.061035156
29391,0.15258789
29392,0.36621094
29393,0.061035156
29394,0.15258789
29395,0.12207031
29396,-0.030517578
29397,0.15258789
29398,-0.21362305
29399,-0.061035156
29400,-0.061035156
29401,-0.030517578
29402,0.15258789
29403,0.091552734
29404,0.030517578
29405,0.15258789
29406,0.24414062
29407,0.030517578
29408,0.061035156
29409,0.18310547
29410,0.21362305
29411,-0.15258789
29412,0.12207031
29413,0.33569336
29414,0.12207031
29415,0.21362305
29416,0.12207031
29417,0.15258789
29418,0.061035156
29419,-0.030517578
29420,-0.061035156
29421,0.24414062
29422,0.12207031
29423,-0.030517578
29424,-0.12207031
29425,0.18310547
29426,-0.030517578
29427,-0.061035156
29428,0.15258789
29429,0.030517578
29430,0.15258789
29431,0.12207031
29432,0.061035156
29433,-0.061035156
29434,0.030517578
29435,0.030517578
29436,0.061035156
29437,0.061035156
29438,0.061035156
29439,0.091552734
29440,0.15258789
29441,0.12207031
29442,0.030517578
29443,0.15258789
29444,0.061035156
29445,0.030517578
29446,0.21362305
29447,0.18310547
29448,0.21362305
29449,0.091552734
29450,0.061035156
29451,-0.030517578
29452,-0.030517578
29453,0.091552734
29454,-0.030517578
29455,0.061035156
29456,-0.030517578
29457,-0.030517578
29458,-0.030517578
29459,-0.061035156
29460,0.061035156
29461,-0.030517578
29462,0.030517578
29463,0.12207031
29464,0.061035156
29465,0.030517578
29466,0.33569336
29467,0.061035156
29468,0.030517578
29469,0.061035156
29470,-0.030517578
29471,0.18310547
29472,-0.061035156
29473,0.39672852
29474,0.24414062
29475,0.4272461
29476,0.12207031
29477,0.18310547
29478,0.061035156
29479,-0.030517578
29480,0.091552734
29481,0.091552734
29482,-0.061035156
29483,0.15258789
29484,-0.061035156
29485,0.18310547
29486,0.030517578
29487,0.061035156
29488,0.061035156
29489,-0.030517578
29490,0.061035156
29491,-0.061035156
29492,0.030517578
29493,-0.061035156
29494,0.061035156
29495,-0.15258789
29496,0.21362305
29497,0.15258789
29498,0.030517578
29499,-0.061035156
29500,-0.030517578
29501,0.030517578
29502,0.2746582
29503,-0.091552734
29504,-0.030517578
29505,-0.030517578
29506,0.091552734
29507,0.030517578
29508,-0.061035156
29509,-0.030517578
29510,0.061035156
29511,0.4272461
29512,0.061035156
29513,0.21362305
29514,0.12207031
29515,0.2746582
29516,0.30517578
29517,0.24414062
29518,-0.030517578
29519,-0.091552734
29520,-0.030517578
29521,0.21362305
29522,0.24414062
29523,0.091552734
29524,-0.030517578
29525,0.30517578
29526,0.12207031
29527,0.030517578
29528,-0.061035156
29529,-0.21362305
29530,0.061035156
29531,-0.12207031
29532,-0.030517578
29533,0.30517578
29534,0.2746582
29535,0.33569336
29536,0.091552734
29537,0.12207031
29538,0.18310547
29539,0.21362305
29540,0.030517578
29541,-0.061035156
29542,0.18310547
29543,-0.030517578
29544,0.061035156
29545,0.30517578
29546,0.091552734
29547,-0.030517578
29548,0.091552734
29549,0.12207031
29550,0.061035156
29551,0.091552734
29552,0.061035156
29553,0.061035156
29554,-0.030517578
29555,0.030517578
29556,0.030517578
29557,0.12207031
29558,0.030517578
29559,0.091552734
29560,0.36621094
29561,0.12207031
29562,0.061035156
29563,0.061035156
29564,0.33569336
29565,0.091552734
29566,-0.091552734
29567,-0.15258789
29568,0.30517578
29569,0.030517578
29570,0.061035156
29571,-0.030517578
29572,0.030517578
29573,-0.061035156
29574,0.030517578
29575,0.061035156
29576,-0.030517578
29577,0.091552734
29578,0.091552734
29579,-0.030517578
29580,-0.21362305
29581,0.18310547
29582,-0.030517578
29583,0.24414062
29584,0.15258789
29585,0.061035156
29586,0.030517578
29587,0.33569336
29588,0.24414062
29589,0.061035156
29590,0.061035156
29591,0.030517578
29592,0.061035156
29593,-0.18310547
29594,0.15258789
29595,0.091552734
29596,0.15258789
29597,-0.030517578
29598,0.030517578
29599,0.030517578
29600,0.061035156
29601,0.030517578
29602,0.030517578
29603,0.2746582
29604,0.061035156
29605,-0.15258789
29606,0.2746582
29607,0.061035156
29608,-0.030517578
29609,0.061035156
29610,-0.18310547
29611,0.15258789
29612,0.091552734
29613,-0.18310547
29614,0.36621094
29615,0.2746582
29616,0.061035156
29617,-0.091552734
29618,0.030517578
29619,-0.061035156
29620,-0.030517578
29621,0.030517578
29622,0.24414062
29623,0.030517578
29624,0.30517578
29625,0.18310547
29626,0.061035156
29627,-0.030517578
29628,-0.030517578
29629,0.36621094
29630,0.030517578
29631,0.061035156
29632,0.091552734
29633,0.061035156
29634,-0.030517578
29635,0.030517578
29636,0.061035156
29637,0.091552734
29638,0.061035156
29639,0.18310547
29640,0.33569336
29641,0.030517578
29642,0.030517578
29643,0.21362305
29644,-0.030517578
29645,-0.061035156
29646,0.21362305
29647,0.030517578
29648,0.15258789
29649,0.091552734
29650,0.061035156
29651,0.030517578
29652,0.030517578
29653,0.030517578
29654,0.030517578
29655,0.061035156
29656,0.061035156
29657,0.030517578
29658,0.091552734
29659,0.061035156
29660,0.091552734
29661,0.030517578
29662,0.15258789
29663,0.091552734
29664,0.061035156
29665,0.18310547
29666,0.33569336
29667,-0.030517578
29668,-0.030517578
29669,0.091552734
29670,0.18310547
29671,0.2746582
29672,0.15258789
29673,0.18310547
29674,0.091552734
29675,0.061035156
29676,0.18310547
29677,0.24414062
29678,-0.15258789
29679,0.061035156
29680,0.061035156
29681,0.4272461
29682,0.091552734
29683,0.091552734
29684,0.18310547
29685,0.24414062
29686,0.091552734
29687,0.030517578
29688,0.30517578
29689,0.18310547
29690,0.30517578
29691,0.061035156
29692,0.12207031
29693,0.15258789
29694,0.15258789
29695,0.091552734
29696,0.18310547
29697,0.24414062
29698,0.091552734
29699,-0.091552734
29700,-0.061035156
29701,0.4272461
29702,0.12207031
29703,-0.030517578
29704,0.48828125
29705,0.030517578
29706,0.030517578
29707,0.12207031
29708,0.21362305
29709,0.12207031
29710,0.061035156
29711,-0.030517578
29712,-0.030517578
29713,-0.030517578
29714,0.061035156
29715,0.061035156
29716,0.030517578
29717,0.030517578
29718,0.030517578
29719,0.15258789
29720,0.091552734
29721,0.12207031
29722,-0.030517578
29723,-0.030517578
29724,0.24414062
29725,-0.061035156
29726,0.061035156
29727,-0.15258789
29728,0.061035156
29729,0.091552734
29730,0.030517578
29731,-0.061035156
29732,0.030517578
29733,0.030517578
29734,0.030517578
29735,-0.061035156
29736,0.030517578
29737,0.061035156
29738,0.061035156
29739,0.030517578
29740,0.061035156
29741,-0.091552734
29742,-0.030517578
29743,0.33569336
29744,0.061035156
29745,0.061035156
29746,0.030517578
29747,0.21362305
29748,0.15258789
29749,-0.030517578
29750,0.030517578
29751,0.091552734
29752,0.12207031
29753,0.30517578
29754,0.24414062
29755,0.4272461
29756,0.061035156
29757,0.030517578
29758,0.030517578
29759,0.030517578
29760,-0.030517578
29761,0.091552734
29762,0.36621094
29763,0.15258789
29764,-0.030517578
29765,0.030517578
29766,0.30517578
29767,0.061035156
29768,0.030517578
29769,-0.030517578
29770,-0.061035156
29771,-0.030517578
29772,0.061035156
29773,-0.091552734
29774,0.15258789
29775,-0.15258789
29776,0.15258789
29777,0.12207031
29778,0.061035156
29779,-0.061035156
29780,0.030517578
29781,-0.091552734
29782,0.39672852
29783,0.061035156
29784,0.061035156
29785,0.24414062
29786,0.21362305
29787,0.091552734
29788,0.061035156
29789,0.15258789
29790,0.24414062
29791,0.061035156
29792,0.30517578
29793,0.18310547
29794,0.21362305
29795,0.15258789
29796,0.2746582
29797,-0.2746582
29798,0.18310547
29799,0.030517578
29800,-0.030517578
29801,0.12207031
29802,0.061035156
29803,0.030517578
29804,0.15258789
29805,0.4272461
29806,0.030517578
29807,0.030517578
29808,-0.061035156
29809,-0.061035156
29810,0.2746582
29811,0.061035156
29812,0.061035156
29813,0.18310547
29814,0.15258789
29815,0.24414062
29816,0.091552734
29817,0.12207031
29818,0.18310547
29819,0.24414062
29820,0.18310547
29821,0.091552734
29822,0.091552734
29823,-0.030517578
29824,0.15258789
29825,0.18310547
29826,0.061035156
29827,0.091552734
29828,0.15258789
29829,0.21362305
29830,0.061035156
29831,0.12207031
29832,-0.030517578
29833,-0.030517578
29834,-0.030517578
29835,0.061035156
29836,0.030517578
29837,0.091552734
29838,0.061035156
29839,0.091552734
29840,0.061035156
29841,0.18310547
29842,0.030517578
29843,0.15258789
29844,0.24414062
29845,0.091552734
29846,-0.061035156
29847,-0.030517578
29848,0.2746582
29849,0.2746582
29850,0.15258789
29851,0.091552734
29852,0.030517578
29853,0.030517578
29854,0.061035156
29855,0.030517578
29856,0.091552734
29857,0.061035156
29858,0.2746582
29859,0.36621094
29860,0.12207031
29861,0.091552734
29862,0.030517578
29863,-0.030517578
29864,-0.15258789
29865,0.061035156
29866,-0.030517578
29867,0.15258789
29868,-0.091552734
29869,0.36621094
29870,0.18310547
29871,0.061035156
29872,0.030517578
29873,0.061035156
29874,0.030517578
29875,0.030517578
29876,0.061035156
29877,0.21362305
29878,0.18310547
29879,0.39672852
29880,0.45776367
29881,0.091552734
29882,-0.030517578
29883,0.091552734
29884,0.33569336
29885,0.061035156
29886,-0.030517578
29887,-0.21362305
29888,0.39672852
29889,0.18310547
29890,0.091552734
29891,0.061035156
29892,0.030517578
29893,0.061035156
29894,0.030517578
29895,-0.030517578
29896,0.030517578
29897,0.061035156
29898,0.15258789
29899,0.33569336
29900,0.2746582
29901,0.2746582
29902,0.061035156
29903,0.12207031
29904,0.30517578
29905,0.030517578
29906,-0.030517578
29907,0.15258789
29908,0.2746582
29909,0.091552734
29910,0.030517578
29911,0.030517578
29912,0.061035156
29913,0.030517578
29914,0.030517578
29915,-0.030517578
29916,-0.061035156
29917,0.030517578
29918,-0.061035156
29919,0.091552734
29920,0.061035156
29921,-0.061035156
29922,-0.030517578
29923,0.39672852
29924,0.12207031
29925,0.030517578
29926,-0.061035156
29927,-0.091552734
29928,0.21362305
29929,0.030517578
29930,0.030517578
29931,-0.030517578
29932,0.030517578
29933,0.030517578
29934,-0.061035156
29935,-0.030517578
29936,0.030517578
29937,0.030517578
29938,0.12207031
29939,0.061035156
29940,0.15258789
29941,0.030517578
29942,0.030517578
29943,0.39672852
29944,0.061035156
29945,0.030517578
29946,0.091552734
29947,0.33569336
29948,0.12207031
29949,0.091552734
29950,-0.030517578
29951,-0.061035156
29952,-0.061035156
29953,0.15258789
29954,0.030517578
29955,0.030517578
29956,-0.091552734
29957,-0.030517578
29958,-0.061035156
29959,0.091552734
29960,0.061035156
29961,-0.030517578
29962,0.061035156
29963,0.45776367
29964,0.061035156
29965,0.061035156
29966,-0.061035156
29967,0.030517578
29968,0.061035156
29969,-0.030517578
29970,0.030517578
29971,-0.061035156
29972,0.061035156
29973,-0.061035156
29974,-0.030517578
29975,-0.030517578
29976,-0.061035156
29977,-0.061035156
29978,-0.030517578
29979,0.061035156
29980,0.061035156
29981,0.030517578
29982,-0.030517578
29983,-0.2746582
29984,0.091552734
29985,0.030517578
29986,0.24414062
29987,0.36621094
29988,0.12207031
29989,-0.030517578
29990,-0.061035156
29991,-0.030517578
29992,-0.061035156
29993,0.030517578
29994,0.030517578
29995,0.061035156
29996,0.030517578
29997,0.091552734
29998,0.091552734
29999,0.12207031
30000,0.2746582
30001,0.061035156
30002,-0.030517578
30003,-0.061035156
30004,0.061035156
30005,-0.030517578
30006,-0.030517578
30007,0.061035156
30008,0.091552734
30009,0.15258789
30010,0.061035156
30011,0.030517578
30012,0.030517578
30013,0.030517578
30014,-0.061035156
30015,0.061035156
30016,0.061035156
30017,0.030517578
30018,0.12207031
30019,-0.21362305
30020,-0.091552734
30021,-0.030517578
30022,0.091552734
30023,0.18310547
30024,0.030517578
30025,0.091552734
30026,-0.030517578
30027,-0.061035156
30028,0.030517578
30029,0.15258789
30030,0.091552734
30031,-0.030517578
30032,-0.030517578
30033,-0.030517578
30034,-0.030517578
30035,0.030517578
30036,-0.061035156
30037,-0.030517578
30038,0.091552734
30039,0.18310547
30040,0.21362305
30041,0.091552734
30042,0.030517578
30043,0.4272461
30044,0.061035156
30045,-0.030517578
30046,-0.15258789
30047,-0.18310547
30048,0.091552734
30049,0.030517578
30050,0.030517578
30051,0.030517578
30052,-0.030517578
30053,0.030517578
30054,-0.030517578
30055,0.030517578
30056,0.061035156
30057,0.12207031
30058,0.061035156
30059,0.15258789
30060,0.061035156
30061,-0.061035156
30062,-0.030517578
30063,0.45776367
30064,0.091552734
30065,-0.030517578
30066,0.15258789
30067,0.091552734
30068,-0.030517578
30069,0.030517578
30070,-0.030517578
30071,-0.061035156
30072,-0.030517578
30073,-0.030517578
30074,-0.18310547
30075,-0.030517578
30076,-0.061035156
30077,-0.18310547
30078,0.030517578
30079,-0.030517578
30080,0.091552734
30081,0.030517578
30082,0.061035156
30083,0.15258789
30084,0.030517578
30085,-0.030517578
30086,0.48828125
30087,0.091552734
30088,0.091552734
30089,0.030517578
30090,-0.030517578
30091,0.061035156
30092,0.061035156
30093,0.24414062
30094,0.12207031
30095,-0.030517578
30096,-0.030517578
30097,-0.061035156
30098,0.091552734
30099,0.030517578
30100,0.091552734
30101,-0.061035156
30102,-0.061035156
30103,0.36621094
30104,-0.030517578
30105,-0.061035156
30106,0.21362305
30107,0.12207031
30108,0.12207031
30109,0.030517578
30110,0.030517578
30111,0.18310547
30112,0.061035156
30113,0.21362305
30114,0.21362305
30115,0.12207031
30116,0.24414062
30117,0.12207031
30118,0.061035156
30119,0.091552734
30120,0.091552734
30121,0.030517578
30122,0.21362305
30123,0.061035156
30124,0.061035156
30125,-0.12207031
30126,0.36621094
30127,0.12207031
30128,0.061035156
30129,0.091552734
30130,0.030517578
30131,-0.061035156
30132,0.24414062
30133,-0.030517578
30134,-0.030517578
30135,-0.030517578
30136,-0.061035156
30137,-0.061035156
30138,-0.030517578
30139,0.061035156
30140,0.030517578
30141,0.030517578
30142,-0.061035156
30143,0.15258789
30144,0.061035156
30145,0.091552734
30146,0.36621094
30147,0.091552734
30148,-0.091552734
30149,-0.030517578
30150,-0.061035156
30151,0.45776367
30152,0.091552734
30153,0.24414062
30154,0.091552734
30155,0.2746582
30156,0.18310547
30157,0.4272461
30158,-0.18310547
30159,-0.061035156
30160,-0.030517578
30161,0.12207031
30162,0.12207031
30163,-0.030517578
30164,-0.061035156
30165,0.4272461
30166,0.12207031
30167,0.030517578
30168,0.061035156
30169,0.030517578
30170,0.21362305
30171,0.15258789
30172,-0.12207031
30173,0.2746582
30174,0.21362305
30175,-0.030517578
30176,0.030517578
30177,-0.030517578
30178,0.061035156
30179,0.091552734
30180,0.061035156
30181,0.030517578
30182,0.39672852
30183,0.091552734
30184,-0.030517578
30185,0.15258789
30186,0.15258789
30187,0.030517578
30188,-0.091552734
30189,0.18310547
30190,0.18310547
30191,-0.24414062
30192,0.24414062
30193,0.061035156
30194,0.15258789
30195,0.061035156
30196,0.12207031
30197,-0.18310547
30198,0.18310547
30199,0.18310547
30200,0.030517578
30201,0.18310547
30202,0.18310547
30203,-0.030517578
30204,0.21362305
30205,0.12207031
30206,0.15258789
30207,0.030517578
30208,0.030517578
30209,-0.061035156
30210,0.21362305
30211,0.45776367
30212,-0.21362305
30213,0.4272461
30214,0.45776367
30215,-0.18310547
30216,0.091552734
30217,-0.061035156
30218,0.15258789
30219,-0.061035156
30220,-0.030517578
30221,0.15258789
30222,0.030517578
30223,-0.030517578
30224,0.030517578
30225,0.39672852
30226,0.091552734
30227,-0.030517578
30228,0.091552734
30229,0.18310547
30230,0.2746582
30231,0.12207031
30232,0.061035156
30233,0.061035156
30234,0.061035156
30235,0.061035156
30236,0.091552734
30237,0.18310547
30238,0.091552734
30239,0.061035156
30240,0.45776367
30241,0.091552734
30242,0.061035156
30243,0.24414062
30244,0.12207031
30245,0.030517578
30246,0.061035156
30247,0.030517578
30248,0.45776367
30249,0.21362305
30250,0.061035156
30251,0.061035156
30252,-0.030517578
30253,-0.030517578
30254,0.030517578
30255,-0.030517578
30256,-0.030517578
30257,0.091552734
30258,0.15258789
30259,0.30517578
30260,-0.21362305
30261,0.061035156
30262,0.030517578
30263,-0.030517578
30264,0.30517578
30265,-0.061035156
30266,0.030517578
30267,0.15258789
30268,0.21362305
30269,0.061035156
30270,0.030517578
30271,-0.030517578
30272,0.030517578
30273,0.12207031
30274,-0.061035156
30275,0.15258789
30276,-0.061035156
30277,-0.061035156
30278,-0.091552734
30279,0.091552734
30280,0.061035156
30281,0.030517578
30282,0.15258789
30283,0.15258789
30284,0.030517578
30285,-0.030517578
30286,0.061035156
30287,0.2746582
30288,-0.030517578
30289,-0.030517578
30290,0.061035156
30291,-0.030517578
30292,-0.18310547
30293,0.33569336
30294,0.030517578
30295,0.24414062
30296,-0.061035156
30297,0.061035156
30298,-0.030517578
30299,-0.030517578
30300,0.061035156
30301,-0.091552734
30302,-0.12207031
30303,0.091552734
30304,-0.030517578
30305,0.12207031
30306,0.091552734
30307,0.091552734
30308,-0.030517578
30309,0.24414062
30310,0.061035156
30311,0.36621094
30312,0.15258789
30313,0.18310547
30314,0.091552734
30315,0.21362305
30316,0.12207031
30317,0.30517578
30318,-0.061035156
30319,-0.18310547
30320,0.030517578
30321,0.12207031
30322,0.12207031
30323,0.030517578
30324,-0.061035156
30325,0.39672852
30326,-0.030517578
30327,-0.061035156
30328,-0.030517578
30329,-0.091552734
30330,0.18310547
30331,0.33569336
30332,0.061035156
30333,-0.24414062
30334,-0.061035156
30335,0.39672852
30336,0.12207031
30337,0.091552734
30338,-0.030517578
30339,0.030517578
30340,-0.030517578
30341,-0.030517578
30342,-0.24414062
30343,0.061035156
30344,0.061035156
30345,-0.030517578
30346,0.2746582
30347,-0.030517578
30348,0.030517578
30349,0.12207031
30350,0.091552734
30351,0.33569336
30352,0.24414062
30353,0.24414062
30354,0.24414062
30355,0.12207031
30356,0.2746582
30357,-0.091552734
30358,0.21362305
30359,0.18310547
30360,0.061035156
30361,-0.061035156
30362,-0.030517578
30363,-0.030517578
30364,0.030517578
30365,0.36621094
30366,0.12207031
30367,0.091552734
30368,-0.030517578
30369,-0.030517578
30370,0.18310547
30371,0.18310547
30372,-0.061035156
30373,-0.091552734
30374,-0.030517578
30375,0.091552734
30376,0.030517578
30377,0.030517578
30378,0.030517578
30379,0.030517578
30380,0.091552734
30381,-0.030517578
30382,0.030517578
30383,0.18310547
30384,0.061035156
30385,-0.030517578
30386,-0.030517578
30387,0.21362305
30388,0.061035156
30389,-0.030517578
30390,0.030517578
30391,0.061035156
30392,-0.030517578
30393,0.18310547
30394,0.21362305
30395,-0.030517578
30396,-0.030517578
30397,-0.030517578
30398,-0.061035156
30399,-0.061035156
30400,-0.030517578
30401,-0.030517578
30402,0.21362305
30403,0.12207031
30404,0.061035156
30405,0.061035156
30406,0.18310547
30407,0.12207031
30408,0.12207031
30409,0.061035156
30410,-0.030517578
30411,-0.030517578
30412,0.061035156
30413,-0.030517578
30414,0.061035156
30415,0.030517578
30416,0.091552734
30417,0.061035156
30418,0.15258789
30419,0.24414062
30420,0.030517578
30421,0.15258789
30422,0.061035156
30423,0.061035156
30424,0.061035156
30425,-0.030517578
30426,-0.12207031
30427,0.15258789
30428,0.12207031
30429,0.15258789
30430,0.061035156
30431,-0.030517578
30432,0.030517578
30433,0.030517578
30434,-0.030517578
30435,0.061035156
30436,0.030517578
30437,0.030517578
30438,0.030517578
30439,0.061035156
30440,0.18310547
30441,0.091552734
30442,0.061035156
30443,0.030517578
30444,0.091552734
30445,0.061035156
30446,0.030517578
30447,0.030517578
30448,0.39672852
30449,0.2746582
30450,0.061035156
30451,0.030517578
30452,0.12207031
30453,0.061035156
30454,0.061035156
30455,0.091552734
30456,0.030517578
30457,0.24414062
30458,0.12207031
30459,0.18310547
30460,-0.061035156
30461,-0.21362305
30462,0.091552734
30463,0.030517578
30464,0.030517578
30465,0.091552734
30466,-0.030517578
30467,-0.091552734
30468,-0.061035156
30469,-0.24414062
30470,0.091552734
30471,0.15258789
30472,0.12207031
30473,0.030517578
30474,0.030517578
30475,0.091552734
30476,0.091552734
30477,0.24414062
30478,0.4272461
30479,0.15258789
30480,0.30517578
30481,-0.21362305
30482,0.091552734
30483,0.061035156
30484,-0.15258789
30485,0.18310547
30486,0.030517578
30487,0.030517578
30488,0.030517578
30489,0.21362305
30490,-0.091552734
30491,0.061035156
30492,0.091552734
30493,0.39672852
30494,0.21362305
30495,0.30517578
30496,-0.030517578
30497,0.061035156
30498,-0.030517578
30499,-0.030517578
30500,0.030517578
30501,0.030517578
30502,0.36621094
30503,0.030517578
30504,0.030517578
30505,-0.061035156
30506,0.30517578
30507,0.061035156
30508,0.061035156
30509,-0.030517578
30510,-0.091552734
30511,0.091552734
30512,0.030517578
30513,0.2746582
30514,0.4272461
30515,-0.12207031
30516,0.030517578
30517,0.030517578
30518,-0.061035156
30519,-0.061035156
30520,0.12207031
30521,-0.061035156
30522,-0.030517578
30523,0.12207031
30524,0.030517578
30525,-0.061035156
30526,0.061035156
30527,0.24414062
30528,0.091552734
30529,0.12207031
30530,0.061035156
30531,0.030517578
30532,0.030517578
30533,0.061035156
30534,0.12207031
30535,0.091552734
30536,0.091552734
30537,0.18310547
30538,-0.18310547
30539,0.12207031
30540,-0.091552734
30541,-0.061035156
30542,0.091552734
30543,-0.061035156
30544,0.061035156
30545,0.15258789
30546,0.061035156
30547,0.030517578
30548,0.2746582
30549,0.15258789
30550,0.18310547
30551,0.061035156
30552,0.091552734
30553,0.061035156
30554,0.030517578
30555,0.091552734
30556,0.091552734
30557,0.21362305
30558,0.2746582
30559,0.18310547
30560,-0.15258789
30561,0.39672852
30562,0.21362305
30563,-0.030517578
30564,0.21362305
30565,0.091552734
30566,0.091552734
30567,0.061035156
30568,-0.061035156
30569,-0.15258789
30570,0.15258789
30571,0.030517578
30572,0.39672852
30573,0.15258789
30574,0.39672852
30575,-0.15258789
30576,-0.061035156
30577,0.030517578
30578,-0.061035156
30579,-0.030517578
30580,0.030517578
30581,0.030517578
30582,-0.091552734
30583,0.091552734
30584,-0.030517578
30585,0.030517578
30586,0.4272461
30587,0.18310547
30588,0.091552734
30589,0.091552734
30590,0.030517578
30591,-0.030517578
30592,0.061035156
30593,-0.061035156
30594,0.030517578
30595,-0.061035156
30596,0.030517578
30597,0.030517578
30598,-0.030517578
30599,0.030517578
30600,0.030517578
30601,0.030517578
30602,-0.030517578
30603,0.33569336
30604,0.12207031
30605,-0.091552734
30606,0.030517578
30607,0.2746582
30608,0.39672852
30609,0.061035156
30610,0.12207031
30611,0.030517578
30612,0.12207031
30613,0.15258789
30614,0.15258789
30615,0.12207031
30616,0.061035156
30617,0.12207031
30618,0.030517578
30619,0.061035156
30620,-0.061035156
30621,0.061035156
30622,0.15258789
30623,0.061035156
30624,0.030517578
30625,0.091552734
30626,0.18310547
30627,0.061035156
30628,0.030517578
30629,0.061035156
30630,-0.061035156
30631,0.33569336
30632,0.39672852
30633,0.091552734
30634,0.091552734
30635,0.33569336
30636,0.30517578
30637,0.061035156
30638,0.030517578
30639,0.061035156
30640,0.030517578
30641,0.18310547
30642,0.4272461
30643,0.061035156
30644,0.030517578
30645,0.15258789
30646,0.36621094
30647,0.091552734
30648,0.061035156
30649,0.030517578
30650,0.091552734
30651,0.12207031
30652,-0.091552734
30653,0.12207031
30654,0.030517578
30655,0.21362305
30656,0.061035156
30657,0.030517578
30658,0.091552734
30659,0.061035156
30660,0.091552734
30661,0.030517578
30662,0.030517578
30663,0.18310547
30664,-0.030517578
30665,-0.030517578
30666,0.39672852
30667,0.091552734
30668,0.091552734
30669,-0.061035156
30670,-0.15258789
30671,0.12207031
30672,-0.12207031
30673,0.30517578
30674,0.091552734
30675,0.36621094
30676,0.21362305
30677,0.18310547
30678,-0.15258789
30679,0.061035156
30680,0.061035156
30681,0.061035156
30682,0.061035156
30683,0.030517578
30684,0.030517578
30685,0.21362305
30686,0.21362305
30687,0.091552734
30688,0.061035156
30689,0.030517578
30690,0.061035156
30691,0.15258789
30692,0.061035156
30693,-0.12207031
30694,0.18310547
30695,-0.061035156
30696,-0.030517578
30697,-0.030517578
30698,0.030517578
30699,0.091552734
30700,0.15258789
30701,-0.030517578
30702,0.091552734
30703,0.33569336
30704,0.061035156
30705,-0.030517578
30706,0.091552734
30707,0.091552734
30708,0.12207031
30709,0.091552734
30710,-0.061035156
30711,-0.061035156
30712,0.030517578
30713,0.030517578
30714,0.091552734
30715,0.061035156
30716,-0.030517578
30717,0.061035156
30718,0.061035156
30719,0.091552734
30720,0.21362305
30721,0.030517578
30722,-0.061035156
30723,-0.030517578
30724,0.030517578
30725,0.091552734
30726,-0.061035156
30727,-0.061035156
30728,0.030517578
30729,0.091552734
30730,0.12207031
30731,0.12207031
30732,0.12207031
30733,0.12207031
30734,0.091552734
30735,0.091552734
30736,0.24414062
30737,0.15258789
30738,0.061035156
30739,0.24414062
30740,0.030517578
30741,-0.12207031
30742,0.15258789
30743,0.091552734
30744,0.30517578
30745,0.091552734
30746,-0.030517578
30747,0.061035156
30748,-0.061035156
30749,0.091552734
30750,0.30517578
30751,0.21362305
30752,0.18310547
30753,0.061035156
30754,0.091552734
30755,-0.030517578
30756,-0.18310547
30757,0.091552734
30758,0.091552734
30759,-0.091552734
30760,0.030517578
30761,0.061035156
30762,-0.24414062
30763,0.15258789
30764,-0.030517578
30765,0.12207031
30766,0.061035156
30767,0.12207031
30768,0.061035156
30769,-0.061035156
30770,-0.061035156
30771,0.061035156
30772,0.061035156
30773,0.15258789
30774,0.030517578
30775,0.030517578
30776,0.030517578
30777,-0.030517578
30778,0.12207031
30779,0.24414062
30780,-0.030517578
30781,0.061035156
30782,-0.061035156
30783,-0.18310547
30784,0.061035156
30785,-0.061035156
30786,-0.12207031
30787,0.39672852
30788,0.12207031
30789,0.18310547
30790,-0.061035156
30791,0.091552734
30792,-0.091552734
30793,-0.030517578
30794,-0.061035156
30795,0.091552734
30796,-0.091552734
30797,0.12207031
30798,0.12207031
30799,0.30517578
30800,0.061035156
30801,0.12207031
30802,0.061035156
30803,-0.030517578
30804,0.21362305
30805,0.091552734
30806,-0.030517578
30807,0.030517578
30808,0.12207031
30809,-0.21362305
30810,0.24414062
30811,0.21362305
30812,0.030517578
30813,0.18310547
30814,0.061035156
30815,0.18310547
30816,0.21362305
30817,0.091552734
30818,0.15258789
30819,-0.030517578
30820,-0.061035156
30821,-0.091552734
30822,0.12207031
30823,-0.030517578
30824,0.061035156
30825,0.091552734
30826,0.12207031
30827,-0.030517578
30828,-0.061035156
30829,-0.091552734
30830,0.091552734
30831,0.21362305
30832,0.21362305
30833,0.061035156
30834,0.091552734
30835,0.12207031
30836,0.21362305
30837,0.091552734
30838,-0.15258789
30839,-0.061035156
30840,0.21362305
30841,0.36621094
30842,0.12207031
30843,-0.061035156
30844,0.030517578
30845,0.30517578
30846,0.091552734
30847,-0.030517578
30848,0.030517578
30849,0.091552734
30850,0.061035156
30851,0.061035156
30852,0.18310547
30853,0.091552734
30854,0.12207031
30855,0.39672852
30856,0.39672852
30857,0.18310547
30858,0.15258789
30859,0.030517578
30860,-0.061035156
30861,0.24414062
30862,0.15258789
30863,-0.030517578
30864,0.030517578
30865,0.33569336
30866,0.061035156
30867,0.091552734
30868,0.030517578
30869,0.12207031
30870,-0.15258789
30871,0.30517578
30872,0.18310547
30873,0.12207031
30874,0.15258789
30875,0.091552734
30876,0.061035156
30877,0.30517578
30878,0.061035156
30879,0.030517578
30880,0.12207031
30881,0.2746582
30882,0.12207031
30883,0.030517578
30884,0.030517578
30885,0.30517578
30886,-0.030517578
30887,-0.030517578
30888,-0.030517578
30889,0.061035156
30890,0.061035156
30891,0.18310547
30892,0.030517578
30893,0.091552734
30894,0.061035156
30895,0.15258789
30896,-0.030517578
30897,0.12207031
30898,-0.21362305
30899,-0.030517578
30900,0.061035156
30901,-0.030517578
30902,0.24414062
30903,0.030517578
30904,-0.18310547
30905,0.030517578
30906,0.091552734
30907,-0.030517578
30908,0.091552734
30909,0.24414062
30910,0.45776367
30911,0.091552734
30912,0.091552734
30913,0.12207031
30914,0.18310547
30915,0.15258789
30916,0.21362305
30917,0.061035156
30918,-0.061035156
30919,-0.091552734
30920,0.15258789
30921,0.33569336
30922,0.091552734
30923,-0.030517578
30924,-0.091552734
30925,0.061035156
30926,0.061035156
30927,0.030517578
30928,0.030517578
30929,0.12207031
30930,0.18310547
30931,0.15258789
30932,0.21362305
30933,0.18310547
30934,0.24414062
30935,0.091552734
30936,0.30517578
30937,-0.15258789
30938,0.21362305
30939,0.030517578
30940,0.061035156
30941,0.061035156
30942,0.15258789
30943,-0.030517578
30944,0.15258789
30945,0.18310547
30946,0.061035156
30947,0.030517578
30948,0.061035156
30949,0.18310547
30950,0.24414062
30951,0.091552734
30952,0.061035156
30953,0.030517578
30954,0.061035156
30955,0.091552734
30956,0.091552734
30957,0.18310547
30958,0.091552734
30959,0.030517578
30960,0.39672852
30961,0.061035156
30962,0.030517578
30963,-0.12207031
30964,-0.030517578
30965,0.091552734
30966,0.030517578
30967,0.21362305
30968,-0.030517578
30969,0.12207031
30970,0.18310547
30971,0.12207031
30972,0.091552734
30973,0.061035156
30974,-0.030517578
30975,0.15258789
30976,0.18310547
30977,0.030517578
30978,-0.15258789
30979,-0.12207031
30980,-0.18310547
30981,0.4272461
30982,-0.061035156
30983,-0.030517578
30984,-0.030517578
30985,0.061035156
30986,-0.030517578
30987,0.030517578
30988,0.4272461
30989,0.091552734
30990,0.12207031
30991,0.091552734
30992,-0.030517578
30993,-0.030517578
30994,-0.030517578
30995,0.030517578
30996,-0.061035156
30997,0.061035156
30998,-0.030517578
30999,0.061035156
31000,0.061035156
31001,0.030517578
31002,-0.030517578
31003,0.12207031
31004,0.091552734
31005,0.091552734
31006,0.24414062
31007,0.30517578
31008,-0.030517578
31009,0.061035156
31010,-0.061035156
31011,0.061035156
31012,-0.061035156
31013,-0.061035156
31014,0.061035156
31015,0.061035156
31016,0.061035156
31017,0.061035156
31018,0.12207031
31019,0.24414062
31020,0.030517578
31021,0.091552734
31022,-0.030517578
31023,0.39672852
31024,0.030517578
31025,0.061035156
31026,0.15258789
31027,0.15258789
31028,0.091552734
31029,0.030517578
31030,-0.030517578
31031,0.15258789
31032,0.091552734
31033,0.15258789
31034,0.091552734
31035,0.15258789
31036,0.15258789
31037,0.15258789
31038,0.030517578
31039,0.061035156
31040,0.061035156
31041,0.061035156
31042,0.15258789
31043,0.12207031
31044,0.030517578
31045,0.18310547
31046,0.18310547
31047,0.061035156
31048,-0.091552734
31049,-0.091552734
31050,0.18310547
31051,0.21362305
31052,-0.091552734
31053,0.15258789
31054,0.12207031
31055,-0.091552734
31056,-0.091552734
31057,-0.061035156
31058,-0.030517578
31059,-0.030517578
31060,-0.030517578
31061,0.030517578
31062,0.39672852
31063,0.091552734
31064,-0.030517578
31065,0.030517578
31066,0.030517578
31067,-0.030517578
31068,0.061035156
31069,-0.18310547
31070,-0.061035156
31071,0.4272461
31072,0.21362305
31073,0.21362305
31074,0.24414062
31075,0.091552734
31076,0.12207031
31077,-0.030517578
31078,0.18310547
31079,0.061035156
31080,0.12207031
31081,0.45776367
31082,0.030517578
31083,-0.061035156
31084,0.15258789
31085,0.21362305
31086,-0.030517578
31087,-0.061035156
31088,0.15258789
31089,0.36621094
31090,0.15258789
31091,0.24414062
31092,0.030517578
31093,0.15258789
31094,0.12207031
31095,0.12207031
31096,0.24414062
31097,0.30517578
31098,0.21362305
31099,-0.030517578
31100,0.12207031
31101,0.21362305
31102,0.091552734
31103,0.21362305
31104,0.061035156
31105,0.030517578
31106,-0.061035156
31107,0.2746582
31108,0.24414062
31109,0.18310547
31110,0.091552734
31111,0.030517578
31112,0.061035156
31113,0.030517578
31114,-0.030517578
31115,0.030517578
31116,-0.030517578
31117,-0.061035156
31118,0.030517578
31119,0.091552734
31120,0.18310547
31121,0.030517578
31122,0.030517578
31123,0.36621094
31124,0.091552734
31125,-0.030517578
31126,0.030517578
31127,0.33569336
31128,0.15258789
31129,0.091552734
31130,0.030517578
31131,-0.030517578
31132,0.030517578
31133,-0.030517578
31134,0.091552734
31135,0.030517578
31136,0.061035156
31137,0.061035156
31138,0.15258789
31139,0.15258789
31140,0.30517578
31141,0.061035156
31142,-0.030517578
31143,0.091552734
31144,0.12207031
31145,0.030517578
31146,0.24414062
31147,0.33569336
31148,0.15258789
31149,0.030517578
31150,0.061035156
31151,-0.030517578
31152,-0.030517578
31153,0.15258789
31154,0.15258789
31155,-0.030517578
31156,-0.030517578
31157,0.061035156
31158,0.061035156
31159,0.091552734
31160,0.15258789
31161,-0.030517578
31162,-0.061035156
31163,0.21362305
31164,-0.030517578
31165,0.12207031
31166,-0.061035156
31167,0.061035156
31168,0.030517578
31169,-0.030517578
31170,0.061035156
31171,0.061035156
31172,-0.12207031
31173,0.18310547
31174,0.030517578
31175,0.24414062
31176,-0.12207031
31177,0.030517578
31178,-0.030517578
31179,-0.030517578
31180,0.030517578
31181,0.061035156
31182,0.061035156
31183,0.030517578
31184,0.030517578
31185,0.15258789
31186,0.15258789
31187,0.030517578
31188,0.030517578
31189,0.12207031
31190,0.48828125
31191,0.18310547
31192,0.18310547
31193,0.12207031
31194,0.15258789
31195,0.091552734
31196,0.061035156
31197,0.24414062
31198,-0.091552734
31199,0.061035156
31200,0.21362305
31201,0.21362305
31202,0.061035156
31203,-0.030517578
31204,0.4272461
31205,0.15258789
31206,-0.061035156
31207,0.030517578
31208,0.091552734
31209,0.18310547
31210,0.061035156
31211,0.091552734
31212,0.091552734
31213,-0.030517578
31214,0.061035156
31215,0.061035156
31216,0.091552734
31217,0.12207031
31218,-0.18310547
31219,0.18310547
31220,0.091552734
31221,0.21362305
31222,0.091552734
31223,0.091552734
31224,0.18310547
31225,0.030517578
31226,-0.061035156
31227,-0.030517578
31228,0.061035156
31229,-0.030517578
31230,0.030517578
31231,-0.030517578
31232,0.030517578
31233,0.061035156
31234,0.21362305
31235,0.061035156
31236,0.030517578
31237,-0.12207031
31238,-0.061035156
31239,0.030517578
31240,0.091552734
31241,-0.061035156
31242,0.15258789
31243,0.21362305
31244,-0.061035156
31245,-0.030517578
31246,0.2746582
31247,0.15258789
31248,0.12207031
31249,0.030517578
31250,-0.061035156
31251,-0.030517578
31252,-0.030517578
31253,0.030517578
31254,0.061035156
31255,0.061035156
31256,0.030517578
31257,0.091552734
31258,0.061035156
31259,0.18310547
31260,0.091552734
31261,0.061035156
31262,-0.091552734
31263,0.36621094
31264,0.030517578
31265,-0.030517578
31266,-0.15258789
31267,0.18310547
31268,0.061035156
31269,0.030517578
31270,0.091552734
31271,-0.12207031
31272,-0.061035156
31273,0.15258789
31274,0.091552734
31275,0.12207031
31276,0.18310547
31277,-0.030517578
31278,-0.061035156
31279,-0.030517578
31280,-0.030517578
31281,0.030517578
31282,0.33569336
31283,-0.030517578
31284,-0.030517578
31285,0.15258789
31286,0.091552734
31287,0.061035156
31288,0.061035156
31289,-0.061035156
31290,0.21362305
31291,0.091552734
31292,0.15258789
31293,0.15258789
31294,0.091552734
31295,0.15258789
31296,0.2746582
31297,0.091552734
31298,-0.030517578
31299,-0.030517578
31300,-0.030517578
31301,0.061035156
31302,0.24414062
31303,-0.030517578
31304,0.030517578
31305,0.15258789
31306,0.091552734
31307,0.061035156
31308,-0.061035156
31309,-0.030517578
31310,0.091552734
31311,0.15258789
31312,0.36621094
31313,0.030517578
31314,0.36621094
31315,-0.061035156
31316,-0.061035156
31317,0.21362305
31318,0.030517578
31319,0.061035156
31320,0.091552734
31321,0.030517578
31322,-0.091552734
31323,0.091552734
31324,-0.030517578
31325,-0.030517578
31326,0.091552734
31327,0.061035156
31328,-0.030517578
31329,-0.061035156
31330,0.030517578
31331,0.18310547
31332,-0.091552734
31333,0.18310547
31334,0.15258789
31335,-0.12207031
31336,0.030517578
31337,0.030517578
31338,-0.030517578
31339,0.030517578
31340,-0.030517578
31341,-0.091552734
31342,-0.061035156
31343,0.12207031
31344,-0.030517578
31345,0.030517578
31346,0.18310547
31347,0.061035156
31348,-0.061035156
31349,0.061035156
31350,0.061035156
31351,0.33569336
31352,0.30517578
31353,0.15258789
31354,0.24414062
31355,0.091552734
31356,-0.18310547
31357,0.030517578
31358,0.091552734
31359,0.030517578
31360,0.030517578
31361,-0.061035156
31362,0.12207031
31363,-0.091552734
31364,0.21362305
31365,0.36621094
31366,-0.061035156
31367,-0.030517578
31368,-0.030517578
31369,-0.061035156
31370,0.45776367
31371,0.36621094
31372,0.15258789
31373,0.24414062
31374,0.21362305
31375,0.15258789
31376,0.36621094
31377,-0.061035156
31378,0.2746582
31379,0.061035156
31380,0.061035156
31381,0.4272461
31382,0.15258789
31383,-0.030517578
31384,0.2746582
31385,0.15258789
31386,0.030517578
31387,0.061035156
31388,0.091552734
31389,0.21362305
31390,0.091552734
31391,0.091552734
31392,0.12207031
31393,0.030517578
31394,-0.030517578
31395,0.030517578
31396,-0.061035156
31397,-0.061035156
31398,0.12207031
31399,0.18310547
31400,0.15258789
31401,0.030517578
31402,0.091552734
31403,-0.030517578
31404,0.091552734
31405,0.091552734
31406,0.091552734
31407,-0.091552734
31408,0.30517578
31409,0.18310547
31410,0.061035156
31411,0.061035156
31412,-0.030517578
31413,-0.030517578
31414,0.091552734
31415,0.061035156
31416,0.12207031
31417,0.061035156
31418,0.030517578
31419,0.061035156
31420,0.15258789
31421,0.030517578
31422,-0.030517578
31423,0.030517578
31424,0.12207031
31425,0.061035156
31426,-0.061035156
31427,0.12207031
31428,0.39672852
31429,0.030517578
31430,0.091552734
31431,0.030517578
31432,-0.030517578
31433,0.091552734
31434,0.12207031
31435,0.061035156
31436,-0.030517578
31437,0.061035156
31438,0.091552734
31439,0.061035156
31440,0.15258789
31441,-0.030517578
31442,-0.030517578
31443,0.12207031
31444,0.091552734
31445,-0.030517578
31446,0.21362305
31447,0.33569336
31448,0.061035156
31449,0.030517578
31450,-0.030517578
31451,0.061035156
31452,-0.030517578
31453,-0.030517578
31454,-0.030517578
31455,-0.091552734
31456,-0.030517578
31457,-0.030517578
31458,0.030517578
31459,0.061035156
31460,0.061035156
31461,-0.030517578
31462,0.15258789
31463,0.15258789
31464,0.030517578
31465,0.2746582
31466,0.091552734
31467,-0.030517578
31468,-0.030517578
31469,-0.061035156
31470,0.24414062
31471,-0.091552734
31472,-0.061035156
31473,0.18310547
31474,0.15258789
31475,0.45776367
31476,0.4272461
31477,0.18310547
31478,-0.030517578
31479,-0.030517578
31480,-0.061035156
31481,0.15258789
31482,-0.030517578
31483,-0.061035156
31484,0.15258789
31485,0.091552734
31486,0.061035156
31487,0.061035156
31488,-0.030517578
31489,-0.061035156
31490,0.21362305
31491,0.15258789
31492,0.30517578
31493,0.061035156
31494,0.061035156
31495,0.30517578
31496,0.15258789
31497,0.4272461
31498,0.030517578
31499,0.030517578
31500,0.15258789
31501,0.2746582
31502,0.030517578
31503,-0.030517578
31504,0.36621094
31505,0.061035156
31506,-0.061035156
31507,-0.030517578
31508,-0.091552734
31509,0.24414062
31510,0.21362305
31511,0.030517578
31512,0.030517578
31513,0.061035156
31514,0.030517578
31515,-0.030517578
31516,0.030517578
31517,0.061035156
31518,0.21362305
31519,0.33569336
31520,0.33569336
31521,0.030517578
31522,0.091552734
31523,0.091552734
31524,0.21362305
31525,-0.030517578
31526,-0.030517578
31527,0.061035156
31528,-0.18310547
31529,0.091552734
31530,0.12207031
31531,0.12207031
31532,-0.030517578
31533,0.061035156
31534,0.061035156
31535,0.091552734
31536,0.18310547
31537,0.15258789
31538,0.061035156
31539,0.18310547
31540,0.12207031
31541,0.15258789
31542,-0.091552734
31543,-0.061035156
31544,-0.030517578
31545,0.030517578
31546,0.030517578
31547,0.091552734
31548,0.030517578
31549,0.18310547
31550,0.091552734
31551,0.061035156
31552,0.030517578
31553,-0.061035156
31554,-0.030517578
31555,0.030517578
31556,0.091552734
31557,0.15258789
31558,0.12207031
31559,0.15258789
31560,0.061035156
31561,0.18310547
31562,0.030517578
31563,0.12207031
31564,0.18310547
31565,0.061035156
31566,0.030517578
31567,0.030517578
31568,0.33569336
31569,0.15258789
31570,0.12207031
31571,0.091552734
31572,0.030517578
31573,0.061035156
31574,0.030517578
31575,-0.030517578
31576,0.030517578
31577,0.061035156
31578,0.061035156
31579,-0.18310547
31580,0.12207031
31581,0.030517578
31582,-0.030517578
31583,-0.030517578
31584,0.12207031
31585,0.061035156
31586,0.091552734
31587,0.2746582
31588,0.061035156
31589,0.030517578
31590,0.030517578
31591,-0.15258789
31592,0.21362305
31593,-0.030517578
31594,0.45776367
31595,0.30517578
31596,0.030517578
31597,-0.061035156
31598,0.061035156
31599,-0.030517578
31600,0.061035156
31601,0.030517578
31602,0.18310547
31603,-0.030517578
31604,0.061035156
31605,0.18310547
31606,0.030517578
31607,-0.061035156
31608,0.21362305
31609,0.12207031
31610,0.39672852
31611,0.33569336
31612,0.15258789
31613,0.15258789
31614,0.12207031
31615,0.24414062
31616,0.12207031
31617,0.33569336
31618,0.030517578
31619,0.061035156
31620,0.091552734
31621,0.33569336
31622,-0.030517578
31623,0.18310547
31624,0.091552734
31625,0.12207031
31626,0.030517578
31627,0.12207031
31628,0.45776367
31629,0.12207031
31630,0.061035156
31631,-0.030517578
31632,-0.061035156
31633,0.030517578
31634,-0.061035156
31635,-0.061035156
31636,0.030517578
31637,-0.030517578
31638,0.030517578
31639,0.12207031
31640,0.21362305
31641,0.061035156
31642,0.18310547
31643,0.061035156
31644,0.030517578
31645,-0.030517578
31646,0.091552734
31647,0.061035156
31648,0.091552734
31649,0.061035156
31650,0.030517578
31651,-0.030517578
31652,0.061035156
31653,0.15258789
31654,-0.12207031
31655,0.15258789
31656,-0.030517578
31657,-0.030517578
31658,-0.030517578
31659,-0.030517578
31660,-0.030517578
31661,-0.030517578
31662,0.12207031
31663,0.061035156
31664,0.030517578
31665,0.33569336
31666,0.21362305
31667,0.030517578
31668,0.061035156
31669,0.24414062
31670,0.45776367
31671,0.030517578
31672,0.21362305
31673,0.061035156
31674,0.091552734
31675,0.15258789
31676,0.091552734
31677,0.36621094
31678,0.030517578
31679,0.061035156
31680,0.091552734
31681,0.33569336
31682,0.030517578
31683,0.091552734
31684,0.061035156
31685,0.030517578
31686,-0.030517578
31687,0.2746582
31688,-0.030517578
31689,0.24414062
31690,0.12207031
31691,0.091552734
31692,-0.030517578
31693,-0.030517578
31694,-0.030517578
31695,-0.030517578
31696,-0.030517578
31697,0.061035156
31698,0.091552734
31699,0.12207031
31700,0.12207031
31701,0.030517578
31702,0.21362305
31703,0.061035156
31704,0.061035156
31705,-0.030517578
31706,0.15258789
31707,0.21362305
31708,0.030517578
31709,0.030517578
31710,-0.030517578
31711,0.15258789
31712,0.21362305
31713,-0.030517578
31714,0.030517578
31715,0.15258789
31716,0.091552734
31717,-0.061035156
31718,0.030517578
31719,0.061035156
31720,0.061035156
31721,-0.061035156
31722,0.45776367
31723,0.091552734
31724,-0.030517578
31725,0.15258789
31726,0.18310547
31727,0.12207031
31728,0.061035156
31729,0.030517578
31730,-0.12207031
31731,-0.12207031
31732,0.091552734
31733,-0.030517578
31734,0.21362305
31735,-0.15258789
31736,0.24414062
31737,0.091552734
31738,0.061035156
31739,0.030517578
31740,0.030517578
31741,0.21362305
31742,0.15258789
31743,0.030517578
31744,-0.030517578
31745,0.030517578
31746,0.030517578
31747,-0.061035156
31748,-0.030517578
31749,0.4272461
31750,0.33569336
31751,0.030517578
31752,0.030517578
31753,0.061035156
31754,-0.030517578
31755,0.061035156
31756,0.091552734
31757,0.091552734
31758,0.33569336
31759,0.091552734
31760,-0.061035156
31761,0.21362305
31762,0.061035156
31763,-0.091552734
31764,0.061035156
31765,0.061035156
31766,0.061035156
31767,0.030517578
31768,-0.091552734
31769,0.030517578
31770,0.15258789
31771,0.12207031
31772,0.091552734
31773,0.12207031
31774,0.15258789
31775,0.030517578
31776,-0.030517578
31777,0.21362305
31778,0.061035156
31779,-0.061035156
31780,0.15258789
31781,0.21362305
31782,-0.030517578
31783,0.18310547
31784,0.18310547
31785,0.030517578
31786,-0.030517578
31787,0.12207031
31788,0.15258789
31789,0.12207031
31790,-0.061035156
31791,0.030517578
31792,-0.061035156
31793,-0.030517578
31794,0.061035156
31795,-0.030517578
31796,0.030517578
31797,0.091552734
31798,0.12207031
31799,0.21362305
31800,0.061035156
31801,-0.061035156
31802,0.2746582
31803,0.091552734
31804,-0.030517578
31805,-0.030517578
31806,0.4272461
31807,0.12207031
31808,0.061035156
31809,-0.091552734
31810,-0.030517578
31811,-0.030517578
31812,0.061035156
31813,0.091552734
31814,0.21362305
31815,0.061035156
31816,0.21362305
31817,0.030517578
31818,0.030517578
31819,-0.030517578
31820,-0.030517578
31821,0.18310547
31822,0.091552734
31823,-0.030517578
31824,0.030517578
31825,0.030517578
31826,0.18310547
31827,0.091552734
31828,-0.030517578
31829,0.2746582
31830,0.18310547
31831,-0.030517578
31832,0.15258789
31833,0.18310547
31834,0.15258789
31835,0.15258789
31836,0.18310547
31837,-0.15258789
31838,0.091552734
31839,0.15258789
31840,-0.21362305
31841,0.4272461
31842,0.061035156
31843,-0.061035156
31844,0.2746582
31845,0.15258789
31846,0.091552734
31847,-0.061035156
31848,-0.061035156
31849,-0.21362305
31850,0.15258789
31851,0.15258789
31852,0.15258789
31853,0.091552734
31854,0.091552734
31855,0.18310547
31856,0.12207031
31857,0.30517578
31858,-0.030517578
31859,0.091552734
31860,0.061035156
31861,0.21362305
31862,-0.091552734
31863,-0.18310547
31864,0.061035156
31865,0.030517578
31866,0.030517578
31867,-0.12207031
31868,0.24414062
31869,0.2746582
31870,0.15258789
31871,0.091552734
31872,-0.061035156
31873,0.030517578
31874,-0.061035156
31875,0.030517578
31876,0.091552734
31877,0.061035156
31878,-0.061035156
31879,0.12207031
31880,0.091552734
31881,0.21362305
31882,0.030517578
31883,0.061035156
31884,0.2746582
31885,0.061035156
31886,0.030517578
31887,-0.030517578
31888,0.36621094
31889,0.12207031
31890,0.091552734
31891,0.030517578
31892,-0.030517578
31893,0.061035156
31894,0.030517578
31895,0.061035156
31896,0.030517578
31897,0.061035156
31898,0.12207031
31899,0.091552734
31900,0.12207031
31901,0.061035156
31902,0.091552734
31903,0.12207031
31904,0.061035156
31905,-0.030517578
31906,0.15258789
31907,0.24414062
31908,0.15258789
31909,0.030517578
31910,-0.030517578
31911,0.030517578
31912,0.24414062
31913,-0.15258789
31914,-0.12207031
31915,0.21362305
31916,0.061035156
31917,0.091552734
31918,0.091552734
31919,0.091552734
31920,0.061035156
31921,0.061035156
31922,0.030517578
31923,0.091552734
31924,-0.030517578
31925,0.091552734
31926,0.18310547
31927,0.091552734
31928,0.030517578
31929,-0.030517578
31930,-0.030517578
31931,-0.15258789
31932,0.21362305
31933,-0.091552734
31934,-0.061035156
31935,-0.030517578
31936,-0.12207031
31937,-0.030517578
31938,0.030517578
31939,-0.030517578
31940,-0.030517578
31941,0.18310547
31942,0.091552734
31943,0.030517578
31944,0.091552734
31945,-0.15258789
31946,0.18310547
31947,0.030517578
31948,-0.030517578
31949,0.061035156
31950,0.061035156
31951,-0.030517578
31952,-0.12207031
31953,0.39672852
31954,0.36621094
31955,0.21362305
31956,0.061035156
31957,0.12207031
31958,0.061035156
31959,0.030517578
31960,-0.061035156
31961,0.15258789
31962,0.30517578
31963,0.061035156
31964,-0.030517578
31965,0.21362305
31966,0.21362305
31967,0.091552734
31968,-0.030517578
31969,-0.030517578
31970,-0.15258789
31971,0.030517578
31972,0.091552734
31973,0.18310547
31974,0.15258789
31975,0.091552734
31976,0.15258789
31977,0.030517578
31978,-0.030517578
31979,0.030517578
31980,0.091552734
31981,0.061035156
31982,-0.24414062
31983,0.12207031
31984,0.061035156
31985,-0.061035156
31986,0.030517578
31987,0.12207031
31988,-0.061035156
31989,-0.030517578
31990,-0.030517578
31991,0.12207031
31992,0.061035156
31993,0.12207031
31994,0.12207031
31995,0.24414062
31996,0.061035156
31997,-0.030517578
31998,-0.061035156
31999,0.030517578
32000,0.061035156
32001,-0.061035156
32002,0.4272461
32003,0.030517578
32004,-0.030517578
32005,0.030517578
32006,0.091552734
32007,0.091552734
32008,0.030517578
32009,-0.061035156
32010,0.061035156
32011,-0.12207031
32012,0.061035156
32013,-0.030517578
32014,-0.030517578
32015,-0.061035156
32016,-0.18310547
32017,-0.061035156
32018,-0.030517578
32019,-0.061035156
32020,-0.061035156
32021,-0.15258789
32022,0.18310547
32023,-0.030517578
32024,0.061035156
32025,0.12207031
32026,0.030517578
32027,-0.030517578
32028,-0.030517578
32029,-0.030517578
32030,0.4272461
32031,0.091552734
32032,0.21362305
32033,0.21362305
32034,0.18310547
32035,0.18310547
32036,0.091552734
32037,0.24414062
32038,-0.061035156
32039,-0.061035156
32040,0.091552734
32041,0.24414062
32042,0.061035156
32043,-0.061035156
32044,-0.061035156
32045,0.030517578
32046,0.061035156
32047,0.030517578
32048,-0.030517578
32049,-0.12207031
32050,0.2746582
32051,0.24414062
32052,0.15258789
32053,0.091552734
32054,0.15258789
32055,0.15258789
32056,0.2746582
32057,-0.21362305
32058,0.18310547
32059,0.18310547
32060,0.2746582
32061,0.15258789
32062,-0.030517578
32063,0.061035156
32064,0.061035156
32065,0.15258789
32066,0.030517578
32067,-0.030517578
32068,0.061035156
32069,0.030517578
32070,0.39672852
32071,0.061035156
32072,0.030517578
32073,0.061035156
32074,0.061035156
32075,-0.061035156
32076,0.12207031
32077,-0.12207031
32078,0.091552734
32079,0.061035156
32080,0.091552734
32081,-0.091552734
32082,0.030517578
32083,-0.030517578
32084,0.18310547
32085,0.030517578
32086,0.061035156
32087,0.030517578
32088,0.030517578
32089,-0.030517578
32090,0.15258789
32091,-0.030517578
32092,0.15258789
32093,0.15258789
32094,-0.030517578
32095,-0.091552734
32096,0.091552734
32097,0.091552734
32098,0.061035156
32099,0.15258789
32100,0.061035156
32101,-0.030517578
32102,0.36621094
32103,0.12207031
32104,-0.061035156
32105,0.15258789
32106,0.12207031
32107,0.030517578
32108,-0.030517578
32109,0.061035156
32110,0.15258789
32111,-0.091552734
32112,-0.091552734
32113,0.39672852
32114,0.39672852
32115,-0.21362305
32116,-0.15258789
32117,0.061035156
32118,0.030517578
32119,0.030517578
32120,0.061035156
32121,0.24414062
32122,0.030517578
32123,0.030517578
32124,0.15258789
32125,0.061035156
32126,0.12207031
32127,0.030517578
32128,0.030517578
32129,0.2746582
32130,-0.061035156
32131,-0.030517578
32132,0.45776367
32133,0.12207031
32134,0.12207031
32135,0.36621094
32136,0.39672852
32137,0.12207031
32138,0.15258789
32139,0.030517578
32140,0.030517578
32141,0.12207031
32142,0.12207031
32143,-0.091552734
32144,-0.030517578
32145,0.24414062
32146,0.030517578
32147,0.030517578
32148,-0.030517578
32149,0.030517578
32150,0.45776367
32151,0.091552734
32152,0.24414062
32153,0.061035156
32154,0.30517578
32155,0.091552734
32156,0.36621094
32157,0.061035156
32158,0.030517578
32159,-0.030517578
32160,0.030517578
32161,-0.061035156
32162,0.091552734
32163,0.091552734
32164,-0.030517578
32165,-0.091552734
32166,0.030517578
32167,0.091552734
32168,0.091552734
32169,0.061035156
32170,-0.030517578
32171,0.061035156
32172,-0.030517578
32173,0.030517578
32174,0.061035156
32175,0.061035156
32176,-0.12207031
32177,0.030517578
32178,0.15258789
32179,0.15258789
32180,0.18310547
32181,0.091552734
32182,-0.030517578
32183,-0.12207031
32184,0.061035156
32185,-0.030517578
32186,0.18310547
32187,-0.12207031
32188,0.33569336
32189,0.15258789
32190,-0.030517578
32191,0.030517578
32192,0.030517578
32193,0.030517578
32194,0.061035156
32195,0.030517578
32196,0.030517578
32197,0.061035156
32198,-0.15258789
32199,0.030517578
32200,0.12207031
32201,0.061035156
32202,0.12207031
32203,-0.030517578
32204,-0.030517578
32205,0.061035156
32206,0.091552734
32207,0.061035156
32208,0.061035156
32209,0.45776367
32210,-0.030517578
32211,0.091552734
32212,0.18310547
32213,0.15258789
32214,0.18310547
32215,0.36621094
32216,0.39672852
32217,-0.091552734
32218,0.030517578
32219,0.030517578
32220,-0.030517578
32221,0.12207031
32222,0.091552734
32223,0.061035156
32224,0.061035156
32225,0.12207031
32226,0.061035156
32227,-0.061035156
32228,0.21362305
32229,0.15258789
32230,0.15258789
32231,0.36621094
32232,0.18310547
32233,0.15258789
32234,0.15258789
32235,0.33569336
32236,0.24414062
32237,0.030517578
32238,0.091552734
32239,0.030517578
32240,0.030517578
32241,-0.030517578
32242,0.15258789
32243,0.061035156
32244,0.061035156
32245,0.18310547
32246,0.061035156
32247,0.061035156
32248,0.030517578
32249,0.12207031
32250,-0.030517578
32251,0.21362305
32252,-0.061035156
32253,-0.12207031
32254,0.030517578
32255,0.18310547
32256,0.12207031
32257,0.030517578
32258,0.061035156
32259,-0.030517578
32260,-0.061035156
32261,-0.15258789
32262,0.33569336
32263,0.061035156
32264,-0.061035156
32265,0.12207031
32266,0.15258789
32267,0.030517578
32268,0.030517578
32269,-0.15258789
32270,-0.061035156
32271,0.2746582
32272,0.18310547
32273,0.21362305
32274,0.24414062
32275,0.061035156
32276,-0.18310547
32277,0.091552734
32278,-0.12207031
32279,-0.030517578
32280,0.030517578
32281,0.33569336
32282,0.061035156
32283,-0.030517578
32284,-0.061035156
32285,0.24414062
32286,0.061035156
32287,-0.061035156
32288,-0.061035156
32289,-0.061035156
32290,0.15258789
32291,-0.061035156
32292,0.4272461
32293,0.18310547
32294,0.4272461
32295,-0.091552734
32296,-0.030517578
32297,0.2746582
32298,0.030517578
32299,0.030517578
32300,-0.091552734
32301,0.091552734
32302,0.18310547
32303,-0.061035156
32304,0.030517578
32305,0.36621094
32306,0.091552734
32307,-0.030517578
32308,-0.061035156
32309,0.030517578
32310,0.4272461
32311,0.061035156
32312,0.061035156
32313,0.18310547
32314,0.18310547
32315,0.091552734
32316,0.12207031
32317,0.061035156
32318,0.18310547
32319,-0.061035156
32320,0.15258789
32321,-0.21362305
32322,0.061035156
32323,0.061035156
32324,0.061035156
32325,0.091552734
32326,0.091552734
32327,0.061035156
32328,0.030517578
32329,0.21362305
32330,-0.030517578
32331,0.36621094
32332,-0.18310547
32333,0.061035156
32334,-0.12207031
32335,0.24414062
32336,0.21362305
32337,-0.091552734
32338,0.061035156
32339,0.061035156
32340,0.030517578
32341,-0.030517578
32342,0.2746582
32343,0.061035156
32344,-0.18310547
32345,0.12207031
32346,0.12207031
32347,0.030517578
32348,0.030517578
32349,-0.061035156
32350,0.24414062
32351,0.15258789
32352,0.18310547
32353,0.091552734
32354,0.15258789
32355,0.15258789
32356,0.061035156
32357,0.39672852
32358,-0.030517578
32359,0.030517578
32360,0.2746582
32361,-0.12207031
32362,0.091552734
32363,0.061035156
32364,0.030517578
32365,0.091552734
32366,0.061035156
32367,0.030517578
32368,0.061035156
32369,0.12207031
32370,0.091552734
32371,0.15258789
32372,0.21362305
32373,0.21362305
32374,0.15258789
32375,0.2746582
32376,0.030517578
32377,-0.030517578
32378,0.030517578
32379,0.061035156
32380,0.061035156
32381,-0.030517578
32382,0.36621094
32383,0.091552734
32384,-0.030517578
32385,0.030517578
32386,0.24414062
32387,0.091552734
32388,0.061035156
32389,0.061035156
32390,-0.061035156
32391,-0.030517578
32392,0.18310547
32393,-0.030517578
32394,0.24414062
32395,0.030517578
32396,0.061035156
32397,0.030517578
32398,0.091552734
32399,0.18310547
32400,0.15258789
32401,-0.030517578
32402,0.18310547
32403,0.15258789
32404,-0.030517578
32405,-0.030517578
32406,-0.030517578
32407,0.091552734
32408,0.12207031
32409,0.061035156
32410,0.030517578
32411,-0.030517578
32412,-0.030517578
32413,-0.12207031
32414,-0.030517578
32415,0.030517578
32416,-0.091552734
32417,0.030517578
32418,0.061035156
32419,0.21362305
32420,0.12207031
32421,0.061035156
32422,0.061035156
32423,0.18310547
32424,0.030517578
32425,0.18310547
32426,0.091552734
32427,-0.030517578
32428,0.061035156
32429,0.030517578
32430,0.24414062
32431,0.030517578
32432,-0.12207031
32433,0.45776367
32434,0.36621094
32435,-0.061035156
32436,-0.061035156
32437,0.18310547
32438,-0.061035156
32439,-0.030517578
32440,-0.061035156
32441,0.24414062
32442,0.061035156
32443,-0.030517578
32444,0.061035156
32445,-0.18310547
32446,0.18310547
32447,0.091552734
32448,-0.030517578
32449,0.091552734
32450,-0.030517578
32451,0.091552734
32452,0.30517578
32453,0.30517578
32454,0.30517578
32455,0.15258789
32456,0.18310547
32457,-0.061035156
32458,-0.030517578
32459,-0.030517578
32460,0.091552734
32461,0.18310547
32462,0.21362305
32463,0.061035156
32464,-0.061035156
32465,0.061035156
32466,0.030517578
32467,-0.030517578
32468,0.21362305
32469,0.4272461
32470,0.2746582
32471,0.061035156
32472,0.12207031
32473,0.030517578
32474,0.061035156
32475,0.091552734
32476,0.12207031
32477,0.091552734
32478,0.24414062
32479,0.15258789
32480,-0.15258789
32481,0.18310547
32482,-0.030517578
32483,0.24414062
32484,0.33569336
32485,0.12207031
32486,0.030517578
32487,-0.030517578
32488,-0.12207031
32489,0.091552734
32490,0.12207031
32491,0.36621094
32492,0.2746582
32493,0.33569336
32494,-0.091552734
32495,0.24414062
32496,0.091552734
32497,0.15258789
32498,-0.030517578
32499,-0.030517578
32500,-0.030517578
32501,0.061035156
32502,0.061035156
32503,0.061035156
32504,0.15258789
32505,0.36621094
32506,0.061035156
32507,-0.061035156
32508,-0.030517578
32509,0.2746582
32510,0.030517578
32511,0.2746582
32512,0.21362305
32513,0.15258789
32514,0.15258789
32515,0.30517578
32516,0.39672852
32517,-0.091552734
32518,0.15258789
32519,0.030517578
32520,-0.030517578
32521,-0.15258789
32522,0.061035156
32523,-0.030517578
32524,0.15258789
32525,0.15258789
32526,0.030517578
32527,0.061035156
32528,0.15258789
32529,0.18310547
32530,0.30517578
32531,0.2746582
32532,0.030517578
32533,0.24414062
32534,0.15258789
32535,0.15258789
32536,0.12207031
32537,0.091552734
32538,0.21362305
32539,0.061035156
32540,0.030517578
32541,0.21362305
32542,0.12207031
32543,0.030517578
32544,-0.091552734
32545,0.061035156
32546,0.030517578
32547,0.061035156
32548,-0.061035156
32549,0.39672852
32550,0.18310547
32551,0.091552734
32552,0.061035156
32553,0.091552734
32554,0.061035156
32555,0.061035156
32556,0.030517578
32557,0.21362305
32558,0.2746582
32559,0.030517578
32560,0.36621094
32561,0.15258789
32562,-0.030517578
32563,0.091552734
32564,0.18310547
32565,0.061035156
32566,0.030517578
32567,-0.091552734
32568,-0.12207031
32569,0.061035156
32570,0.21362305
32571,0.061035156
32572,0.15258789
32573,0.12207031
32574,0.12207031
32575,0.061035156
32576,0.061035156
32577,0.36621094
32578,0.15258789
32579,0.15258789
32580,0.061035156
32581,0.24414062
32582,-0.030517578
32583,0.18310547
32584,0.24414062
32585,-0.030517578
32586,-0.030517578
32587,0.12207031
32588,0.061035156
32589,0.33569336
32590,0.21362305
32591,0.12207031
32592,0.12207031
32593,0.061035156
32594,-0.091552734
32595,0.091552734
32596,0.091552734
32597,0.15258789
32598,0.15258789
32599,-0.030517578
32600,0.45776367
32601,0.15258789
32602,0.061035156
32603,0.030517578
32604,0.061035156
32605,0.15258789
32606,0.030517578
32607,-0.030517578
32608,0.091552734
32609,0.21362305
32610,0.4272461
32611,0.061035156
32612,0.36621094
32613,0.30517578
32614,0.18310547
32615,0.45776367
32616,0.030517578
32617,0.12207031
32618,-0.030517578
32619,-0.030517578
32620,-0.061035156
32621,0.15258789
32622,0.061035156
32623,0.061035156
32624,0.21362305
32625,0.12207031
32626,0.091552734
32627,-0.030517578
32628,0.030517578
32629,-0.030517578
32630,0.39672852
32631,0.061035156
32632,-0.030517578
32633,0.12207031
32634,0.061035156
32635,0.12207031
32636,-0.030517578
32637,0.12207031
32638,-0.091552734
32639,0.15258789
32640,-0.030517578
32641,0.061035156
32642,0.030517578
32643,-0.091552734
32644,0.061035156
32645,0.061035156
32646,0.030517578
32647,0.15258789
32648,0.061035156
32649,-0.15258789
32650,0.061035156
32651,0.030517578
32652,-0.33569336
32653,0.030517578
32654,0.061035156
32655,0.18310547
32656,0.091552734
32657,1.1291504
32658,1.1291504
32659,1.0070801
32660,0.9765625
32661,1.2512207
32662,1.0070801
32663,0.8239746
32664,0.9460449
32665,0.6713867
32666,1.0070801
32667,1.2817383
32668,0.9460449
32669,1.1901855
32670,0.91552734
32671,0.9460449
32672,1.0681152
32673,1.0070801
32674,0.9460449
32675,0.9765625
32676,0.88500977
32677,0.61035156
32678,0.88500977
32679,1.0070801
32680,0.91552734
32681,1.1901855
32682,0.9460449
32683,0.8544922
32684,0.9460449
32685,0.9460449
32686,0.91552734
32687,0.8239746
32688,0.9460449
32689,0.9460449
32690,0.9460449
32691,0.9460449
32692,0.88500977
32693,0.9460449
32694,0.8239746
32695,1.0070801
32696,0.88500977
32697,0.8544922
32698,0.88500977
32699,0.8544922
32700,0.8239746
32701,0.91552734
32702,0.7324219
32703,0.8239746
32704,0.88500977
32705,0.88500977
32706,0.61035156
32707,0.88500977
32708,1.0681152
32709,0.79345703
32710,0.91552734
32711,0.7019043
32712,0.88500977
32713,0.8544922
32714,0.8544922
32715,0.5493164
32716,0.88500977
32717,0.88500977
32718,0.8544922
32719,0.8544922
32720,0.8544922
32721,0.9460449
32722,1.0375977
32723,0.8239746
32724,0.9460449
32725,0.8239746
32726,0.8544922
32727,0.7324219
32728,0.76293945
32729,0.79345703
32730,0.7324219
32731,0.8544922
32732,0.79345703
32733,0.8239746
32734,0.61035156
32735,0.76293945
32736,0.7324219
32737,0.76293945
32738,0.79345703
32739,0.88500977
32740,0.5493164
32741,0.79345703
32742,0.8544922
32743,0.76293945
32744,0.91552734
32745,0.76293945
32746,0.6713867
32747,0.79345703
32748,0.76293945
32749,0.79345703
32750,0.79345703
32751,1.0375977
32752,0.7019043
32753,0.76293945
32754,0.8544922
32755,0.5187988
32756,0.6713867
32757,0.7019043
32758,0.76293945
32759,0.76293945
32760,0.76293945
32761,0.79345703
32762,0.76293945
32763,0.7019043
32764,0.7324219
32765,0.64086914
32766,0.7324219
32767,0.61035156
32768,0.76293945
32769,0.79345703
32770,0.6713867
32771,0.6713867
32772,0.76293945
32773,0.76293945
32774,0.7019043
32775,0.7324219
32776,0.7324219
32777,0.7324219
32778,0.7324219
32779,0.64086914
32780,0.8544922
32781,0.7324219
32782,0.61035156
32783,0.7019043
32784,0.79345703
32785,0.6713867
32786,0.7019043
32787,0.7324219
32788,0.7324219
32789,0.7019043
32790,0.7019043
32791,0.64086914
32792,0.61035156
32793,0.6713867
32794,0.6713867
32795,0.6713867
32796,0.64086914
32797,0.7324219
32798,0.64086914
32799,0.6713867
32800,0.6713867
32801,0.5187988
32802,0.7019043
32803,0.76293945
32804,0.6713867
32805,0.7324219
32806,0.64086914
32807,0.88500977
32808,0.64086914
32809,0.5493164
32810,0.76293945
32811,0.6713867
32812,0.6713867
32813,0.7019043
32814,0.8239746
32815,0.6713867
32816,0.61035156
32817,0.61035156
32818,0.64086914
32819,0.48828125
32820,0.6713867
32821,0.6713867
32822,0.7019043
32823,0.6713867
32824,0.64086914
32825,0.76293945
32826,0.6713867
32827,0.7019043
32828,0.7019043
32829,0.64086914
32830,0.64086914
32831,0.5187988
32832,0.61035156
32833,0.5187988
32834,0.24414062
32835,0.5493164
32836,0.6713867
32837,0.61035156
32838,0.64086914
32839,0.7019043
32840,0.8239746
32841,0.64086914
32842,0.7324219
32843,0.5493164
32844,0.61035156
32845,0.64086914
32846,0.79345703
32847,0.6713867
32848,0.61035156
32849,0.61035156
32850,0.5493164
32851,0.61035156
32852,0.76293945
32853,0.61035156
32854,0.61035156
32855,0.61035156
32856,0.5187988
32857,0.6713867
32858,0.33569336
32859,0.7019043
32860,0.61035156
32861,0.45776367
32862,0.5493164
32863,0.21362305
32864,0.61035156
32865,0.7019043
32866,0.64086914
32867,0.33569336
32868,0.61035156
32869,0.61035156
32870,0.6713867
32871,0.5187988
32872,0.5187988
32873,0.5493164
32874,0.45776367
32875,0.5493164
32876,0.61035156
32877,0.5187988
32878,0.61035156
32879,0.5187988
32880,0.48828125
32881,0.5493164
32882,0.5493164
32883,0.61035156
32884,0.48828125
32885,0.61035156
32886,0.6713867
32887,0.5187988
32888,0.61035156
32889,0.61035156
32890,0.5187988
32891,0.64086914
32892,0.36621094
32893,0.61035156
32894,0.5493164
32895,0.5493164
32896,0.64086914
32897,0.33569336
32898,0.79345703
32899,0.39672852
32900,0.5187988
32901,0.24414062
32902,0.48828125
32903,0.24414062
32904,0.5187988
32905,0.5493164
32906,0.5493164
32907,0.39672852
32908,0.5187988
32909,0.5187988
32910,0.7324219
32911,0.39672852
32912,0.5493164
32913,0.48828125
32914,0.12207031
32915,0.5493164
32916,0.5187988
32917,0.45776367
32918,0.5187988
32919,0.5187988
32920,0.45776367
32921,0.45776367
32922,0.4272461
32923,0.5187988
32924,0.24414062
32925,0.45776367
32926,0.5187988
32927,0.5187988
32928,0.48828125
32929,0.76293945
32930,0.4272461
32931,0.5493164
32932,0.45776367
32933,0.48828125
32934,0.45776367
32935,0.48828125
32936,0.5187988
32937,0.45776367
32938,0.33569336
32939,0.36621094
32940,0.5187988
32941,0.5493164
32942,0.5187988
32943,0.6713867
32944,0.48828125
32945,0.79345703
32946,0.5187988
32947,0.5187988
32948,0.4272461
32949,0.45776367
32950,0.18310547
32951,0.45776367
32952,0.5187988
32953,0.5493164
32954,0.5493164
32955,0.45776367
32956,0.48828125
32957,0.5187988
32958,0.5187988
32959,0.6713867
32960,0.48828125
32961,0.39672852
32962,0.6713867
32963,0.45776367
32964,0.48828125
32965,0.5187988
32966,0.7019043
32967,0.48828125
32968,0.61035156
32969,0.48828125
32970,0.45776367
32971,0.48828125
32972,0.2746582
32973,0.45776367
32974,0.5187988
32975,0.45776367
32976,0.5187988
32977,0.7324219
32978,0.45776367
32979,0.4272461
32980,0.45776367
32981,0.61035156
32982,0.45776367
32983,0.5493164
32984,0.48828125
32985,0.5187988
32986,0.45776367
32987,0.2746582
32988,0.45776367
32989,0.39672852
32990,0.5187988
32991,0.45776367
32992,0.39672852
32993,0.61035156
32994,0.61035156
32995,0.30517578
32996,0.45776367
32997,0.4272461
32998,0.39672852
32999,0.45776367
33000,0.48828125
33001,0.45776367
33002,0.24414062
33003,0.48828125
33004,0.7019043
33005,0.48828125
33006,0.36621094
33007,0.36621094
33008,0.45776367
33009,0.5493164
33010,0.45776367
33011,0.39672852
33012,0.45776367
33013,0.48828125
33014,0.45776367
33015,0.48828125
33016,0.5493164
33017,0.2746582
33018,0.4272461
33019,0.5187988
33020,0.4272461
33021,0.24414062
33022,0.39672852
33023,0.61035156
33024,0.45776367
33025,0.2746582
33026,0.4272461
33027,0.36621094
33028,0.4272461
33029,0.33569336
33030,0.39672852
33031,0.4272461
33032,0.30517578
33033,0.5187988
33034,0.39672852
33035,0.4272461
33036,0.45776367
33037,0.33569336
33038,0.4272461
33039,0.2746582
33040,0.5187988
33041,0.36621094
33042,0.4272461
33043,0.30517578
33044,0.48828125
33045,0.4272461
33046,0.45776367
33047,0.30517578
33048,0.5187988
33049,0.39672852
33050,0.36621094
33051,0.33569336
33052,0.36621094
33053,0.45776367
33054,0.48828125
33055,0.24414062
33056,0.4272461
33057,0.45776367
33058,0.48828125
33059,0.36621094
33060,0.33569336
33061,0.4272461
33062,0.64086914
33063,0.39672852
33064,0.48828125
33065,0.4272461
33066,0.61035156
33067,0.4272461
33068,0.4272461
33069,0.36621094
33070,0.4272461
33071,0.61035156
33072,0.39672852
33073,0.4272461
33074,0.48828125
33075,0.61035156
33076,0.33569336
33077,0.4272461
33078,0.39672852
33079,0.36621094
33080,0.39672852
33081,0.4272461
33082,0.4272461
33083,0.4272461
33084,0.48828125
33085,0.36621094
33086,0.61035156
33087,0.48828125
33088,0.39672852
33089,0.48828125
33090,0.4272461
33091,0.33569336
33092,0.5493164
33093,0.061035156
33094,0.33569336
33095,0.39672852
33096,0.45776367
33097,0.45776367
33098,0.30517578
33099,0.48828125
33100,0.45776367
33101,0.48828125
33102,0.45776367
33103,0.33569336
33104,0.39672852
33105,0.48828125
33106,0.4272461
33107,0.39672852
33108,0.39672852
33109,0.39672852
33110,0.45776367
33111,0.36621094
33112,0.36621094
33113,0.21362305
33114,0.4272461
33115,0.36621094
33116,0.39672852
33117,0.39672852
33118,0.48828125
33119,0.12207031
33120,0.39672852
33121,0.61035156
33122,0.4272461
33123,0.39672852
33124,0.39672852
33125,0.30517578
33126,0.39672852
33127,0.5493164
33128,0.30517578
33129,0.33569336
33130,0.2746582
33131,0.36621094
33132,0.39672852
33133,0.39672852
33134,0.24414062
33135,0.39672852
33136,0.39672852
33137,0.39672852
33138,0.4272461
33139,0.39672852
33140,0.39672852
33141,0.39672852
33142,0.24414062
33143,0.39672852
33144,0.33569336
33145,0.36621094
33146,0.30517578
33147,0.36621094
33148,0.18310547
33149,0.39672852
33150,0.45776367
33151,0.30517578
33152,0.39672852
33153,0.39672852
33154,0.36621094
33155,0.24414062
33156,0.45776367
33157,0.4272461
33158,0.39672852
33159,0.33569336
33160,0.4272461
33161,0.36621094
33162,0.2746582
33163,0.36621094
33164,0.5187988
33165,0.39672852
33166,0.4272461
33167,0.4272461
33168,0.33569336
33169,0.30517578
33170,0.39672852
33171,0.33569336
33172,0.18310547
33173,0.39672852
33174,0.36621094
33175,0.36621094
33176,0.4272461
33177,0.30517578
33178,0.5187988
33179,0.24414062
33180,0.36621094
33181,0.12207031
33182,0.39672852
33183,0.5187988
33184,0.33569336
33185,0.2746582
33186,0.36621094
33187,-0.030517578
33188,0.36621094
33189,0.5493164
33190,0.45776367
33191,0.39672852
33192,0.48828125
33193,0.39672852
33194,0.39672852
33195,0.33569336
33196,0.39672852
33197,0.5493164
33198,0.12207031
33199,0.24414062
33200,0.33569336
33201,0.4272461
33202,0.33569336
33203,0.5493164
33204,0.39672852
33205,0.30517578
33206,0.33569336
33207,0.45776367
33208,0.33569336
33209,0.33569336
33210,-0.061035156
33211,0.39672852
33212,0.39672852
33213,0.36621094
33214,0.21362305
33215,0.30517578
33216,0.36621094
33217,0.33569336
33218,0.4272461
33219,0.30517578
33220,0.30517578
33221,0.4272461
33222,0.30517578
33223,0.5187988
33224,0.33569336
33225,0.2746582
33226,0.33569336
33227,0.24414062
33228,0.33569336
33229,0.39672852
33230,0.45776367
33231,0.36621094
33232,0.39672852
33233,0.39672852
33234,0.30517578
33235,0.33569336
33236,0.30517578
33237,0.33569336
33238,0.61035156
33239,0.39672852
33240,0.33569336
33241,0.36621094
33242,0.36621094
33243,0.39672852
33244,0.33569336
33245,0.33569336
33246,0.4272461
33247,0.36621094
33248,0.45776367
33249,0.24414062
33250,0.4272461
33251,0.5187988
33252,0.33569336
33253,0.36621094
33254,0.4272461
33255,0.5493164
33256,0.2746582
33257,0.39672852
33258,0.36621094
33259,0.39672852
33260,0.33569336
33261,0.36621094
33262,0.21362305
33263,0.33569336
33264,0.24414062
33265,0.33569336
33266,0.12207031
33267,0.33569336
33268,0.45776367
33269,0.36621094
33270,0.39672852
33271,0.030517578
33272,0.36621094
33273,0.33569336
33274,0.5493164
33275,0.5187988
33276,0.2746582
33277,0.30517578
33278,0.39672852
33279,0.36621094
33280,0.15258789
33281,0.39672852
33282,0.5187988
33283,0.36621094
33284,-0.030517578
33285,0.33569336
33286,0.45776367
33287,0.33569336
33288,0.33569336
33289,0.21362305
33290,0.39672852
33291,0.48828125
33292,0.39672852
33293,0.33569336
33294,0.33569336
33295,0.39672852
33296,0.24414062
33297,0.18310547
33298,0.45776367
33299,0.33569336
33300,0.33569336
33301,0.2746582
33302,0.33569336
33303,0.39672852
33304,0.39672852
33305,0.2746582
33306,0.36621094
33307,0.39672852
33308,0.36621094
33309,0.24414062
33310,0.33569336
33311,0.33569336
33312,0.4272461
33313,0.30517578
33314,0.33569336
33315,0.39672852
33316,0.39672852
33317,0.24414062
33318,0.45776367
33319,0.21362305
33320,0.30517578
33321,0.36621094
33322,0.33569336
33323,0.48828125
33324,0.30517578
33325,0.36621094
33326,0.36621094
33327,0.30517578
33328,0.30517578
33329,0.30517578
33330,0.5187988
33331,0.36621094
33332,0.36621094
33333,0.33569336
33334,0.091552734
33335,0.39672852
33336,0.30517578
33337,0.39672852
33338,0.36621094
33339,0.4272461
33340,0.45776367
33341,0.33569336
33342,0.39672852
33343,0.4272461
33344,0.30517578
33345,0.4272461
33346,0.33569336
33347,0.48828125
33348,0.33569336
33349,0.39672852
33350,0.4272461
33351,0.36621094
33352,0.30517578
33353,0.39672852
33354,0.30517578
33355,0.30517578
33356,0.36621094
33357,0.33569336
33358,0.15258789
33359,0.24414062
33360,0.30517578
33361,0.45776367
33362,0.39672852
33363,0.30517578
33364,0.39672852
33365,0.30517578
33366,0.33569336
33367,0.33569336
33368,0.24414062
33369,0.36621094
33370,0.2746582
33371,0.21362305
33372,0.2746582
33373,0.39672852
33374,0.36621094
33375,0.4272461
33376,0.33569336
33377,0.36621094
33378,0.33569336
33379,0.2746582
33380,0.061035156
33381,0.30517578
33382,0.36621094
33383,0.36621094
33384,0.33569336
33385,0.36621094
33386,0.36621094
33387,0.36621094
33388,0.15258789
33389,0.30517578
33390,0.5493164
33391,0.33569336
33392,0.30517578
33393,0.4272461
33394,0.4272461
33395,0.39672852
33396,0.33569336
33397,0.30517578
33398,0.36621094
33399,0.5493164
33400,0.45776367
33401,0.33569336
33402,0.39672852
33403,0.33569336
33404,0.36621094
33405,0.4272461
33406,0.21362305
33407,0.33569336
33408,0.33569336
33409,0.30517578
33410,0.36621094
33411,0.21362305
33412,0.30517578
33413,0.33569336
33414,0.21362305
33415,0.2746582
33416,0.39672852
33417,0.36621094
33418,0.33569336
33419,0.33569336
33420,0.45776367
33421,0.30517578
33422,0.24414062
33423,0.39672852
33424,0.36621094
33425,0.5187988
33426,0.33569336
33427,0.33569336
33428,0.33569336
33429,0.33569336
33430,0.091552734
33431,0.2746582
33432,0.33569336
33433,0.39672852
33434,0.30517578
33435,0.33569336
33436,0.39672852
33437,0.33569336
33438,0.18310547
33439,0.091552734
33440,0.36621094
33441,0.39672852
33442,0.2746582
33443,0.4272461
33444,0.33569336
33445,0.2746582
33446,0.39672852
33447,0.48828125
33448,0.33569336
33449,0.2746582
33450,0.091552734
33451,0.36621094
33452,0.33569336
33453,0.2746582
33454,0.030517578
33455,0.24414062
33456,0.33569336
33457,0.36621094
33458,0.33569336
33459,0.36621094
33460,0.4272461
33461,0.39672852
33462,0.36621094
33463,0.30517578
33464,0.33569336
33465,0.4272461
33466,0.30517578
33467,0.24414062
33468,0.36621094
33469,0.39672852
33470,0.21362305
33471,0.36621094
33472,0.33569336
33473,0.030517578
33474,0.33569336
33475,0.33569336
33476,0.33569336
33477,0.18310547
33478,0.2746582
33479,0.24414062
33480,0.30517578
33481,0.15258789
33482,0.33569336
33483,-0.030517578
33484,0.39672852
33485,0.091552734
33486,0.30517578
33487,0.45776367
33488,0.33569336
33489,0.30517578
33490,0.12207031
33491,0.30517578
33492,0.30517578
33493,0.39672852
33494,0.5187988
33495,0.4272461
33496,0.2746582
33497,0.30517578
33498,0.30517578
33499,0.4272461
33500,0.4272461
33501,0.36621094
33502,0.33569336
33503,0.24414062
33504,0.30517578
33505,0.2746582
33506,0.36621094
33507,0.24414062
33508,0.39672852
33509,0.36621094
33510,0.18310547
33511,0.33569336
33512,0.4272461
33513,0.15258789
33514,0.36621094
33515,0.30517578
33516,0.33569336
33517,0.33569336
33518,0.18310547
33519,0.21362305
33520,0.33569336
33521,0.5493164
33522,0.36621094
33523,0.18310547
33524,0.33569336
33525,0.48828125
33526,0.36621094
33527,0.5187988
33528,0.33569336
33529,0.48828125
33530,0.4272461
33531,0.33569336
33532,0.48828125
33533,0.5187988
33534,0.2746582
33535,0.30517578
33536,0.33569336
33537,0.45776367
33538,0.33569336
33539,0.39672852
33540,0.30517578
33541,0.5493164
33542,0.36621094
33543,0.30517578
33544,0.33569336
33545,0.30517578
33546,0.33569336
33547,0.30517578
33548,0.33569336
33549,0.5187988
33550,0.36621094
33551,0.33569336
33552,-0.061035156
33553,0.33569336
33554,0.39672852
33555,0.30517578
33556,0.4272461
33557,0.45776367
33558,0.30517578
33559,0.36621094
33560,0.33569336
33561,0.39672852
33562,0.39672852
33563,0.39672852
33564,0.5187988
33565,0.4272461
33566,0.33569336
33567,0.33569336
33568,0.33569336
33569,0.39672852
33570,0.2746582
33571,0.33569336
33572,0.4272461
33573,0.21362305
33574,0.36621094
33575,0.33569336
33576,0.33569336
33577,0.4272461
33578,0.24414062
33579,0.061035156
33580,0.33569336
33581,0.4272461
33582,0.33569336
33583,-0.091552734
33584,0.36621094
33585,0.61035156
33586,0.30517578
33587,0.39672852
33588,0.30517578
33589,0.45776367
33590,0.36621094
33591,0.33569336
33592,0.5493164
33593,0.24414062
33594,0.33569336
33595,0.33569336
33596,0.30517578
33597,0.36621094
33598,0.30517578
33599,0.18310547
33600,0.30517578
33601,0.33569336
33602,0.33569336
33603,-0.030517578
33604,0.2746582
33605,0.48828125
33606,0.33569336
33607,0.4272461
33608,0.36621094
33609,0.5493164
33610,0.48828125
33611,0.33569336
33612,0.30517578
33613,0.48828125
33614,0.30517578
33615,0.30517578
33616,0.33569336
33617,0.21362305
33618,0.36621094
33619,0.21362305
33620,0.30517578
33621,0.18310547
33622,0.2746582
33623,0.36621094
33624,0.30517578
33625,0.2746582
33626,0.36621094
33627,0.33569336
33628,0.30517578
33629,0.4272461
33630,0.30517578
33631,0.48828125
33632,0.18310547
33633,0.33569336
33634,0.36621094
33635,0.45776367
33636,0.030517578
33637,0.33569336
33638,0.2746582
33639,0.36621094
33640,0.48828125
33641,0.33569336
33642,0.36621094
33643,0.36621094
33644,0.45776367
33645,0.36621094
33646,0.12207031
33647,0.33569336
33648,0.48828125
33649,0.30517578
33650,0.33569336
33651,0.45776367
33652,0.39672852
33653,0.39672852
33654,0.33569336
33655,0.48828125
33656,0.12207031
33657,0.18310547
33658,0.36621094
33659,0.36621094
33660,0.30517578
33661,0.30517578
33662,0.4272461
33663,0.33569336
33664,0.061035156
33665,0.33569336
33666,0.091552734
33667,0.33569336
33668,0.45776367
33669,0.30517578
33670,0.33569336
33671,0.061035156
33672,0.4272461
33673,0.33569336
33674,0.48828125
33675,0.61035156
33676,0.24414062
33677,0.33569336
33678,0.33569336
33679,0.33569336
33680,0.30517578
33681,0.30517578
33682,-0.061035156
33683,0.30517578
33684,0.30517578
33685,0.24414062
33686,-0.061035156
33687,0.30517578
33688,0.5187988
33689,0.33569336
33690,0.33569336
33691,0.30517578
33692,0.18310547
33693,0.33569336
33694,0.2746582
33695,0.48828125
33696,0.21362305
33697,0.4272461
33698,0.30517578
33699,0.36621094
33700,0.36621094
33701,0.33569336
33702,0.30517578
33703,0.33569336
33704,0.39672852
33705,0.33569336
33706,0.33569336
33707,0.33569336
33708,0.18310547
33709,0.33569336
33710,0.33569336
33711,0.33569336
33712,0.2746582
33713,0.33569336
33714,0.30517578
33715,0.18310547
33716,0.4272461
33717,0.33569336
33718,0.33569336
33719,0.33569336
33720,0.33569336
33721,0.33569336
33722,0.4272461
33723,0.33569336
33724,0.24414062
33725,0.33569336
33726,0.5187988
33727,0.33569336
33728,0.33569336
33729,0.33569336
33730,0.33569336
33731,0.33569336
33732,0.24414062
33733,0.30517578
33734,0.30517578
33735,0.30517578
33736,0.39672852
33737,0.39672852
33738,0.33569336
33739,0.39672852
33740,0.12207031
33741,0.33569336
33742,0.5187988
33743,0.30517578
33744,0.18310547
33745,0.33569336
33746,0.21362305
33747,0.36621094
33748,0.5187988
33749,0.33569336
33750,0.33569336
33751,0.33569336
33752,0.30517578
33753,0.36621094
33754,0.45776367
33755,0.33569336
33756,0.2746582
33757,0.30517578
33758,0.2746582
33759,0.21362305
33760,0.36621094
33761,0.33569336
33762,0.33569336
33763,0.21362305
33764,0.33569336
33765,0.5187988
33766,0.33569336
33767,0.39672852
33768,0.2746582
33769,0.33569336
33770,0.36621094
33771,0.36621094
33772,0.30517578
33773,0.33569336
33774,0.5187988
33775,0.33569336
33776,0.33569336
33777,0.36621094
33778,0.2746582
33779,0.36621094
33780,0.24414062
33781,0.30517578
33782,0.24414062
33783,0.5187988
33784,0.30517578
33785,0.30517578
33786,0.33569336
33787,0.36621094
33788,0.36621094
33789,0.33569336
33790,0.36621094
33791,0.24414062
33792,0.30517578
33793,0.5187988
33794,0.48828125
33795,0.39672852
33796,0.2746582
33797,0.33569336
33798,0.30517578
33799,0.39672852
33800,0.18310547
33801,0.30517578
33802,0.24414062
33803,0.33569336
33804,0.2746582
33805,0.36621094
33806,0.30517578
33807,0.30517578
33808,0.48828125
33809,0.30517578
33810,0.39672852
33811,0.4272461
33812,0.36621094
33813,0.33569336
33814,0.48828125
33815,0.48828125
33816,0.2746582
33817,0.33569336
33818,0.36621094
33819,0.33569336
33820,0.45776367
33821,0.30517578
33822,0.36621094
33823,0.30517578
33824,0.2746582
33825,0.24414062
33826,0.24414062
33827,0.48828125
33828,0.33569336
33829,0.33569336
33830,0.5493164
33831,0.33569336
33832,0.30517578
33833,0.24414062
33834,0.33569336
33835,0.36621094
33836,0.33569336
33837,0.36621094
33838,0.33569336
33839,-0.061035156
33840,0.33569336
33841,0.33569336
33842,0.30517578
33843,0.091552734
33844,0.2746582
33845,0.4272461
33846,0.2746582
33847,0.4272461
33848,0.33569336
33849,0.45776367
33850,0.33569336
33851,0.30517578
33852,0.33569336
33853,0.24414062
33854,0.36621094
33855,0.24414062
33856,0.30517578
33857,0.36621094
33858,0.24414062
33859,0.45776367
33860,0.30517578
33861,0.48828125
33862,0.30517578
33863,0.24414062
33864,0.33569336
33865,0.21362305
33866,0.30517578
33867,0.18310547
33868,0.2746582
33869,0.33569336
33870,0.30517578
33871,0.30517578
33872,0.12207031
33873,0.2746582
33874,0.2746582
33875,0.2746582
33876,0.48828125
33877,0.5187988
33878,0.18310547
33879,0.39672852
33880,0.36621094
33881,0.21362305
33882,0.33569336
33883,0.33569336
33884,0.45776367
33885,0.33569336
33886,0.30517578
33887,0.18310547
33888,0.24414062
33889,0.30517578
33890,0.39672852
33891,0.33569336
33892,0.4272461
33893,0.15258789
33894,0.33569336
33895,0.33569336
33896,0.30517578
33897,0.48828125
33898,0.12207031
33899,0.4272461
33900,0.36621094
33901,0.4272461
33902,0.30517578
33903,0.30517578
33904,0.30517578
33905,0.33569336
33906,0.2746582
33907,0.33569336
33908,0.30517578
33909,0.15258789
33910,0.30517578
33911,0.30517578
33912,0.061035156
33913,0.30517578
33914,0.30517578
33915,0.30517578
33916,0.24414062
33917,0.12207031
33918,0.45776367
33919,0.24414062
33920,0.30517578
33921,0.45776367
33922,0.30517578
33923,0.21362305
33924,0.33569336
33925,0.33569336
33926,0.33569336
33927,0.24414062
33928,0.33569336
33929,0.091552734
33930,0.2746582
33931,0.30517578
33932,0.30517578
33933,0.21362305
33934,0.33569336
33935,0.30517578
33936,0.33569336
33937,0.21362305
33938,0.45776367
33939,0.21362305
33940,0.2746582
33941,0.24414062
33942,0.33569336
33943,0.33569336
33944,0.24414062
33945,0.30517578
33946,0.45776367
33947,0.24414062
33948,0.30517578
33949,0.21362305
33950,0.30517578
33951,0.36621094
33952,0.18310547
33953,0.30517578
33954,0.33569336
33955,0.33569336
33956,0.33569336
33957,0.061035156
33958,0.33569336
33959,0.30517578
33960,0.33569336
33961,0.30517578
33962,0.30517578
33963,0.36621094
33964,0.48828125
33965,0.33569336
33966,0.24414062
33967,0.18310547
33968,0.33569336
33969,0.24414062
33970,0.33569336
33971,0.30517578
33972,0.36621094
33973,0.24414062
33974,0.30517578
33975,0.2746582
33976,0.30517578
33977,0.2746582
33978,0.33569336
33979,0.15258789
33980,0.33569336
33981,0.61035156
33982,0.33569336
33983,0.36621094
33984,0.30517578
33985,-0.091552734
33986,0.33569336
33987,0.39672852
33988,0.24414062
33989,0.36621094
33990,0.64086914
33991,0.2746582
33992,0.36621094
33993,0.24414062
33994,0.030517578
33995,0.36621094
33996,0.30517578
33997,0.2746582
33998,0.30517578
33999,0.2746582
34000,0.21362305
34001,0.24414062
34002,0.21362305
34003,0.2746582
34004,0.24414062
34005,0.33569336
34006,0.24414062
34007,0.33569336
34008,0.21362305
34009,0.2746582
34010,0.30517578
34011,0.33569336
34012,0.33569336
34013,0.33569336
34014,0.39672852
34015,0.33569336
34016,0.45776367
34017,0.39672852
34018,0.2746582
34019,0.33569336
34020,0.5187988
34021,0.30517578
34022,0.18310547
34023,0.2746582
34024,0.061035156
34025,0.2746582
34026,0.091552734
34027,0.30517578
34028,0.21362305
34029,0.30517578
34030,0.33569336
34031,0.39672852
34032,0.33569336
34033,0.30517578
34034,0.45776367
34035,0.36621094
34036,0.2746582
34037,0.30517578
34038,0.30517578
34039,0.2746582
34040,0.24414062
34041,0.2746582
34042,0.5493164
34043,0.30517578
34044,0.48828125
34045,0.30517578
34046,0.45776367
34047,0.30517578
34048,0.2746582
34049,0.36621094
34050,0.30517578
34051,0.18310547
34052,0.15258789
34053,0.30517578
34054,0.30517578
34055,0.36621094
34056,0.30517578
34057,0.48828125
34058,0.30517578
34059,0.30517578
34060,0.33569336
34061,0.36621094
34062,0.091552734
34063,0.30517578
34064,0.21362305
34065,0.30517578
34066,0.39672852
34067,0.24414062
34068,0.33569336
34069,0.18310547
34070,0.33569336
34071,0.48828125
34072,0.2746582
34073,0.36621094
34074,0.33569336
34075,0.30517578
34076,0.36621094
34077,0.33569336
34078,0.30517578
34079,0.2746582
34080,0.33569336
34081,0.36621094
34082,0.33569336
34083,0.33569336
34084,0.5493164
34085,0.30517578
34086,0.33569336
34087,0.21362305
34088,0.33569336
34089,0.36621094
34090,0.30517578
34091,0.33569336
34092,0.061035156
34093,0.45776367
34094,0.33569336
34095,0.24414062
34096,0.30517578
34097,0.36621094
34098,0.36621094
34099,0.4272461
34100,0.33569336
34101,0.48828125
34102,0.2746582
34103,0.21362305
34104,0.33569336
34105,0.4272461
34106,0.36621094
34107,0.48828125
34108,0.33569336
34109,0.48828125
34110,0.33569336
34111,0.2746582
34112,0.48828125
34113,0.18310547
34114,0.36621094
34115,0.36621094
34116,0.33569336
34117,0.2746582
34118,0.36621094
34119,0.18310547
34120,0.33569336
34121,0.45776367
34122,0.30517578
34123,0.36621094
34124,0.2746582
34125,0.21362305
34126,0.30517578
34127,0.15258789
34128,0.30517578
34129,0.39672852
34130,0.45776367
34131,0.21362305
34132,0.33569336
34133,0.2746582
34134,0.39672852
34135,0.2746582
34136,0.33569336
34137,0.33569336
34138,0.33569336
34139,0.39672852
34140,0.2746582
34141,0.18310547
34142,0.30517578
34143,0.24414062
34144,0.36621094
34145,0.36621094
34146,0.30517578
34147,0.36621094
34148,0.36621094
34149,0.2746582
34150,0.39672852
34151,0.30517578
34152,0.30517578
34153,0.45776367
34154,0.5187988
34155,0.2746582
34156,0.33569336
34157,0.33569336
34158,0.2746582
34159,0.2746582
34160,0.4272461
34161,0.30517578
34162,0.21362305
34163,0.30517578
34164,0.33569336
34165,0.30517578
34166,0.30517578
34167,0.2746582
34168,0.18310547
34169,0.2746582
34170,0.30517578
34171,0.5187988
34172,0.30517578
34173,0.30517578
34174,0.2746582
34175,0.48828125
34176,0.2746582
34177,0.45776367
34178,0.18310547
34179,0.30517578
34180,0.33569336
34181,0.21362305
34182,0.4272461
34183,0.33569336
34184,0.5187988
34185,0.2746582
34186,0.18310547
34187,0.39672852
34188,0.2746582
34189,0.48828125
34190,0.30517578
34191,0.33569336
34192,-0.091552734
34193,0.33569336
34194,0.33569336
34195,0.33569336
34196,0.5187988
34197,0.24414062
34198,0.30517578
34199,0.30517578
34200,0.33569336
34201,0.24414062
34202,0.2746582
34203,0.36621094
34204,0.33569336
34205,0.2746582
34206,0.33569336
34207,0.39672852
34208,0.24414062
34209,0.33569336
34210,0.30517578
34211,0.2746582
34212,0.2746582
34213,0.39672852
34214,0.4272461
34215,0.30517578
34216,0.2746582
34217,0.24414062
34218,0.36621094
34219,0.30517578
34220,0.39672852
34221,0.45776367
34222,0.30517578
34223,0.30517578
34224,0.33569336
34225,0.2746582
34226,0.30517578
34227,0.36621094
34228,0.21362305
34229,0.33569336
34230,0.24414062
34231,0.39672852
34232,0.2746582
34233,0.36621094
34234,0.15258789
34235,0.45776367
34236,0.2746582
34237,0.30517578
34238,0.33569336
34239,0.33569336
34240,-0.091552734
34241,0.30517578
34242,0.15258789
34243,0.30517578
34244,0.21362305
34245,0.30517578
34246,0.45776367
34247,0.2746582
34248,0.061035156
34249,0.36621094
34250,0.36621094
34251,0.12207031
34252,0.30517578
34253,0.30517578
34254,0.30517578
34255,0.33569336
34256,0.18310547
34257,0.2746582
34258,0.30517578
34259,0.2746582
34260,0.36621094
34261,0.33569336
34262,0.24414062
34263,0.30517578
34264,0.18310547
34265,0.36621094
34266,0.5187988
34267,0.33569336
34268,0.39672852
34269,0.2746582
34270,0.2746582
34271,0.48828125
34272,0.30517578
34273,0.33569336
34274,0.4272461
34275,0.061035156
34276,0.4272461
34277,0.4272461
34278,0.24414062
34279,0.30517578
34280,0.30517578
34281,0.2746582
34282,0.2746582
34283,0.30517578
34284,0.15258789
34285,0.30517578
34286,0.5493164
34287,0.33569336
34288,0.33569336
34289,0.36621094
34290,0.24414062
34291,0.21362305
34292,0.18310547
34293,0.30517578
34294,0.33569336
34295,0.45776367
34296,0.061035156
34297,0.24414062
34298,0.30517578
34299,0.2746582
34300,0.48828125
34301,0.24414062
34302,0.30517578
34303,0.30517578
34304,0.24414062
34305,0.2746582
34306,0.30517578
34307,0.30517578
34308,0.33569336
34309,0.45776367
34310,0.2746582
34311,0.18310547
34312,0.15258789
34313,0.30517578
34314,0.33569336
34315,0.48828125
34316,0.2746582
34317,0.39672852
34318,0.30517578
34319,0.33569336
34320,0.33569336
34321,0.21362305
34322,0.45776367
34323,0.30517578
34324,0.18310547
34325,0.2746582
34326,0.33569336
34327,0.21362305
34328,0.33569336
34329,0.39672852
34330,0.2746582
34331,0.33569336
34332,0.39672852
34333,0.18310547
34334,0.33569336
34335,0.30517578
34336,0.33569336
34337,0.33569336
34338,0.45776367
34339,0.5187988
34340,0.33569336
34341,0.2746582
34342,0.30517578
34343,0.39672852
34344,0.30517578
34345,0.24414062
34346,0.24414062
34347,0.33569336
34348,0.30517578
34349,0.18310547
34350,0.21362305
34351,0.30517578
34352,0.24414062
34353,0.4272461
34354,0.30517578
34355,0.36621094
34356,0.30517578
34357,0.36621094
34358,0.39672852
34359,0.45776367
34360,0.30517578
34361,0.061035156
34362,0.33569336
34363,-0.091552734
34364,0.33569336
34365,-0.061035156
34366,0.24414062
34367,0.33569336
34368,0.30517578
34369,0.30517578
34370,0.5187988
34371,0.30517578
34372,0.33569336
34373,0.30517578
34374,0.30517578
34375,0.2746582
34376,0.36621094
34377,0.30517578
34378,0.33569336
34379,0.39672852
34380,0.21362305
34381,0.39672852
34382,0.30517578
34383,0.33569336
34384,0.30517578
34385,0.33569336
34386,0.33569336
34387,0.24414062
34388,0.2746582
34389,0.36621094
34390,0.36621094
34391,0.2746582
34392,0.30517578
34393,0.30517578
34394,0.18310547
34395,0.30517578
34396,0.30517578
34397,0.30517578
34398,0.36621094
34399,0.4272461
34400,0.2746582
34401,0.36621094
34402,0.2746582
34403,0.39672852
34404,0.30517578
34405,0.39672852
34406,0.33569336
34407,0.30517578
34408,0.21362305
34409,0.33569336
34410,0.36621094
34411,0.30517578
34412,0.33569336
34413,0.33569336
34414,0.21362305
34415,0.33569336
34416,0.24414062
34417,0.2746582
34418,0.30517578
34419,0.33569336
34420,0.5493164
34421,0.30517578
34422,0.15258789
34423,0.36621094
34424,0.33569336
34425,0.30517578
34426,0.2746582
34427,0.33569336
34428,0.48828125
34429,0.30517578
34430,0.18310547
34431,0.24414062
34432,0.36621094
34433,0.4272461
34434,0.061035156
34435,0.18310547
34436,0.36621094
34437,0.30517578
34438,0.33569336
34439,0.30517578
34440,0.21362305
34441,0.30517578
34442,0.36621094
34443,0.30517578
34444,0.33569336
34445,0.36621094
34446,0.39672852
34447,0.30517578
34448,0.061035156
34449,0.30517578
34450,0.33569336
34451,0.5187988
34452,0.33569336
34453,0.33569336
34454,0.30517578
34455,0.30517578
34456,0.18310547
34457,0.2746582
34458,0.33569336
34459,0.30517578
34460,0.4272461
34461,0.36621094
34462,0.2746582
34463,0.36621094
34464,0.24414062
34465,0.30517578
34466,0.33569336
34467,0.2746582
34468,0.33569336
34469,0.30517578
34470,0.33569336
34471,0.091552734
34472,0.36621094
34473,0.36621094
34474,0.2746582
34475,0.30517578
34476,0.15258789
34477,0.21362305
34478,0.30517578
34479,0.33569336
34480,0.24414062
34481,0.30517578
34482,0.30517578
34483,0.2746582
34484,0.12207031
34485,0.30517578
34486,0.21362305
34487,0.30517578
34488,0.30517578
34489,0.48828125
34490,0.33569336
34491,0.36621094
34492,0.39672852
34493,0.15258789
34494,0.30517578
34495,0.36621094
34496,0.30517578
34497,0.33569336
34498,0.12207031
34499,0.45776367
34500,0.33569336
34501,0.45776367
34502,0.33569336
34503,0.30517578
34504,0.2746582
34505,0.2746582
34506,0.30517578
34507,0.33569336
34508,0.2746582
34509,0.091552734
34510,0.2746582
34511,0.2746582
34512,0.12207031
34513,0.30517578
34514,0.2746582
34515,0.24414062
34516,0.15258789
34517,0.24414062
34518,0.5493164
34519,0.30517578
34520,0.36621094
34521,0.39672852
34522,0.30517578
34523,0.36621094
34524,0.33569336
34525,0.30517578
34526,0.30517578
34527,0.18310547
34528,0.30517578
34529,0.45776367
34530,0.15258789
34531,0.24414062
34532,0.30517578
34533,0.2746582
34534,0.18310547
34535,0.33569336
34536,0.30517578
34537,0.36621094
34538,0.33569336
34539,0.36621094
34540,0.30517578
34541,0.39672852
34542,0.30517578
34543,0.36621094
34544,0.2746582
34545,0.2746582
34546,0.33569336
34547,0.4272461
34548,0.33569336
34549,0.2746582
34550,0.36621094
34551,0.30517578
34552,0.2746582
34553,0.4272461
34554,0.5187988
34555,0.24414062
34556,0.30517578
34557,0.36621094
34558,0.30517578
34559,0.30517578
34560,0.15258789
34561,0.2746582
34562,0.36621094
34563,0.30517578
34564,0.30517578
34565,0.2746582
34566,0.18310547
34567,0.30517578
34568,0.36621094
34569,0.33569336
34570,0.2746582
34571,0.61035156
34572,0.24414062
34573,0.33569336
34574,0.2746582
34575,0.36621094
34576,0.39672852
34577,0.12207031
34578,0.4272461
34579,0.24414062
34580,0.30517578
34581,0.24414062
34582,0.45776367
34583,0.30517578
34584,0.4272461
34585,0.30517578
34586,0.33569336
34587,0.21362305
34588,0.33569336
34589,0.091552734
34590,0.2746582
34591,0.2746582
34592,0.15258789
34593,0.2746582
34594,0.2746582
34595,0.33569336
34596,0.4272461
34597,0.36621094
34598,0.5187988
34599,0.24414062
34600,0.33569336
34601,0.18310547
34602,0.30517578
34603,0.2746582
34604,0.2746582
34605,0.18310547
34606,0.24414062
34607,0.36621094
34608,0.30517578
34609,0.2746582
34610,0.45776367
34611,0.33569336
34612,0.2746582
34613,0.24414062
34614,0.24414062
34615,0.2746582
34616,0.30517578
34617,0.2746582
34618,0.39672852
34619,0.061035156
34620,0.24414062
34621,0.4272461
34622,0.30517578
34623,0.24414062
34624,0.30517578
34625,0.21362305
34626,0.33569336
34627,0.091552734
34628,0.24414062
34629,0.2746582
34630,0.21362305
34631,0.33569336
34632,0.30517578
34633,0.61035156
34634,0.21362305
34635,0.33569336
34636,0.33569336
34637,0.33569336
34638,0.18310547
34639,0.61035156
34640,0.30517578
34641,0.30517578
34642,0.24414062
34643,0.4272461
34644,0.30517578
34645,0.39672852
34646,0.2746582
34647,0.39672852
34648,0.24414062
34649,0.30517578
34650,0.33569336
34651,0.36621094
34652,0.2746582
34653,0.33569336
34654,0.12207031
34655,0.33569336
34656,0.33569336
34657,0.33569336
34658,0.30517578
34659,0.33569336
34660,0.4272461
34661,0.36621094
34662,0.24414062
34663,0.39672852
34664,0.33569336
34665,0.45776367
34666,0.30517578
34667,0.5187988
34668,0.4272461
34669,0.30517578
34670,0.15258789
34671,0.30517578
34672,0.33569336
34673,0.33569336
34674,0.15258789
34675,0.2746582
34676,0.30517578
34677,0.2746582
34678,0.33569336
34679,0.33569336
34680,0.30517578
34681,0.48828125
34682,0.33569336
34683,0.18310547
34684,0.24414062
34685,0.33569336
34686,0.39672852
34687,0.30517578
34688,0.18310547
34689,0.2746582
34690,0.30517578
34691,0.24414062
34692,0.4272461
34693,0.33569336
34694,0.30517578
34695,0.33569336
34696,0.24414062
34697,0.21362305
34698,0.48828125
34699,0.2746582
34700,0.30517578
34701,0.21362305
34702,0.30517578
34703,0.30517578
34704,0.4272461
34705,0.36621094
34706,0.2746582
34707,0.21362305
34708,0.30517578
34709,0.061035156
34710,0.21362305
34711,0.30517578
34712,0.33569336
34713,0.24414062
34714,0.30517578
34715,0.36621094
34716,0.30517578
34717,0.36621094
34718,0.36621094
34719,0.18310547
34720,0.2746582
34721,0.45776367
34722,0.33569336
34723,0.30517578
34724,0.33569336
34725,0.24414062
34726,0.33569336
34727,0.061035156
34728,0.33569336
34729,0.24414062
34730,-0.091552734
34731,0.30517578
34732,0.30517578
34733,0.4272461
34734,0.39672852
34735,0.30517578
34736,0.33569336
34737,0.30517578
34738,0.30517578
34739,0.33569336
34740,0.18310547
34741,0.30517578
34742,0.36621094
34743,0.33569336
34744,0.24414062
34745,0.36621094
34746,0.2746582
34747,0.30517578
34748,0.4272461
34749,0.33569336
34750,0.39672852
34751,0.21362305
34752,0.33569336
34753,0.30517578
34754,0.18310547
34755,0.5187988
34756,0.33569336
34757,0.33569336
34758,0.2746582
34759,0.30517578
34760,0.061035156
34761,0.33569336
34762,0.18310547
34763,0.33569336
34764,0.36621094
34765,0.2746582
34766,0.30517578
34767,0.30517578
34768,0.33569336
34769,0.091552734
34770,0.39672852
34771,0.33569336
34772,0.48828125
34773,0.4272461
34774,0.33569336
34775,0.30517578
34776,0.2746582
34777,0.2746582
34778,0.2746582
34779,0.24414062
34780,0.36621094
34781,0.4272461
34782,0.33569336
34783,0.21362305
34784,0.30517578
34785,0.15258789
34786,0.24414062
34787,0.5187988
34788,0.30517578
34789,0.30517578
34790,0.30517578
34791,0.2746582
34792,0.30517578
34793,0.33569336
34794,0.21362305
34795,0.15258789
34796,0.24414062
34797,0.24414062
34798,0.30517578
34799,0.21362305
34800,0.15258789
34801,0.30517578
34802,0.30517578
34803,0.33569336
34804,0.36621094
34805,0.30517578
34806,0.36621094
34807,0.30517578
34808,0.12207031
34809,0.30517578
34810,0.30517578
34811,0.33569336
34812,0.33569336
34813,0.30517578
34814,0.2746582
34815,0.30517578
34816,-0.061035156
34817,0.15258789
34818,0.30517578
34819,0.2746582
34820,0.36621094
34821,0.36621094
34822,0.061035156
34823,0.2746582
34824,-0.15258789
34825,0.24414062
34826,0.61035156
34827,0.2746582
34828,0.4272461
34829,0.21362305
34830,0.36621094
34831,0.33569336
34832,0.2746582
34833,0.30517578
34834,0.30517578
34835,0.24414062
34836,0.091552734
34837,0.24414062
34838,0.30517578
34839,0.30517578
34840,0.36621094
34841,0.30517578
34842,0.24414062
34843,0.36621094
34844,0.24414062
34845,0.30517578
34846,0.18310547
34847,0.2746582
34848,0.30517578
34849,0.2746582
34850,0.30517578
34851,0.2746582
34852,0.4272461
34853,0.2746582
34854,0.21362305
34855,0.30517578
34856,0.2746582
34857,0.33569336
34858,0.21362305
34859,0.33569336
34860,0.2746582
34861,0.2746582
34862,0.33569336
34863,0.18310547
34864,0.30517578
34865,0.15258789
34866,0.30517578
34867,0.45776367
34868,0.2746582
34869,0.30517578
34870,-0.030517578
34871,0.24414062
34872,0.2746582
34873,0.12207031
34874,-0.091552734
34875,0.2746582
34876,0.30517578
34877,0.30517578
34878,0.2746582
34879,0.30517578
34880,0.30517578
34881,0.30517578
34882,0.39672852
34883,0.33569336
34884,0.30517578
34885,0.33569336
34886,0.24414062
34887,0.33569336
34888,0.48828125
34889,0.33569336
34890,0.30517578
34891,0.18310547
34892,0.30517578
34893,0.30517578
34894,0.2746582
34895,0.24414062
34896,-0.091552734
34897,0.21362305
34898,0.33569336
34899,0.24414062
34900,0.5187988
34901,0.30517578
34902,0.39672852
34903,0.30517578
34904,0.39672852
34905,0.33569336
34906,0.18310547
34907,0.33569336
34908,0.5187988
34909,0.24414062
34910,0.33569336
34911,0.36621094
34912,0.24414062
34913,0.2746582
34914,0.33569336
34915,0.2746582
34916,0.39672852
34917,-0.061035156
34918,0.4272461
34919,0.30517578
34920,0.2746582
34921,0.30517578
34922,0.33569336
34923,0.24414062
34924,0.33569336
34925,0.4272461
34926,0.36621094
34927,-0.030517578
34928,0.36621094
34929,0.36621094
34930,0.15258789
34931,0.30517578
34932,0.2746582
34933,0.39672852
34934,0.5187988
34935,0.18310547
34936,0.30517578
34937,0.30517578
34938,0.2746582
34939,0.30517578
34940,0.18310547
34941,0.2746582
34942,0.30517578
34943,0.24414062
34944,0.2746582
34945,0.33569336
34946,0.24414062
34947,0.30517578
34948,0.15258789
34949,0.2746582
34950,0.33569336
34951,0.5187988
34952,0.33569336
34953,0.30517578
34954,0.24414062
34955,0.36621094
34956,0.4272461
34957,0.33569336
34958,0.33569336
34959,0.30517578
34960,0.33569336
34961,0.21362305
34962,0.33569336
34963,0.24414062
34964,-0.091552734
34965,0.30517578
34966,0.12207031
34967,0.30517578
34968,0.39672852
34969,0.36621094
34970,0.2746582
34971,0.2746582
34972,0.48828125
34973,0.33569336
34974,0.33569336
34975,0.2746582
34976,0.21362305
34977,0.15258789
34978,0.36621094
34979,0.24414062
34980,0.30517578
34981,0.21362305
34982,0.30517578
34983,0.21362305
34984,0.33569336
34985,0.36621094
34986,0.2746582
34987,0.4272461
34988,0.33569336
34989,0.21362305
34990,0.2746582
34991,0.33569336
34992,0.36621094
34993,0.061035156
34994,0.21362305
34995,0.33569336
34996,0.30517578
34997,0.2746582
34998,0.2746582
34999,0.18310547
35000,0.39672852
35001,0.2746582
35002,0.2746582
35003,0.30517578
35004,0.21362305
35005,0.36621094
35006,0.4272461
35007,0.30517578
35008,0.21362305
35009,0.30517578
35010,0.30517578
35011,0.30517578
35012,0.24414062
35013,0.33569336
35014,0.2746582
35015,0.30517578
35016,0.4272461
35017,0.2746582
35018,0.2746582
35019,0.21362305
35020,0.24414062
35021,0.15258789
35022,0.30517578
35023,0.2746582
35024,0.2746582
35025,0.2746582
35026,0.2746582
35027,0.21362305
35028,0.24414062
35029,0.24414062
35030,0.33569336
35031,0.30517578
35032,0.21362305
35033,0.39672852
35034,0.30517578
35035,0.2746582
35036,0.2746582
35037,0.36621094
35038,0.4272461
35039,0.48828125
35040,0.30517578
35041,0.39672852
35042,0.2746582
35043,0.091552734
35044,0.2746582
35045,0.33569336
35046,0.24414062
35047,0.33569336
35048,0.36621094
35049,0.30517578
35050,0.2746582
35051,0.4272461
35052,0.2746582
35053,0.30517578
35054,0.4272461
35055,0.091552734
35056,0.12207031
35057,0.2746582
35058,0.24414062
35059,0.33569336
35060,0.33569336
35061,0.2746582
35062,0.39672852
35063,0.30517578
35064,0.36621094
35065,0.2746582
35066,-0.030517578
35067,0.2746582
35068,0.18310547
35069,0.30517578
35070,0.30517578
35071,0.12207031
35072,0.24414062
35073,0.24414062
35074,0.30517578
35075,0.36621094
35076,0.45776367
35077,0.33569336
35078,0.21362305
35079,0.36621094
35080,0.21362305
35081,0.36621094
35082,0.061035156
35083,0.2746582
35084,0.39672852
35085,0.30517578
35086,-0.030517578
35087,0.33569336
35088,0.45776367
35089,0.2746582
35090,0.36621094
35091,0.33569336
35092,-0.030517578
35093,0.30517578
35094,0.30517578
35095,0.2746582
35096,0.18310547
35097,0.24414062
35098,0.4272461
35099,0.33569336
35100,0.30517578
35101,0.2746582
35102,0.45776367
35103,0.30517578
35104,0.33569336
35105,0.30517578
35106,0.18310547
35107,0.2746582
35108,0.30517578
35109,0.15258789
35110,0.33569336
35111,0.48828125
35112,0.5187988
35113,0.24414062
35114,0.33569336
35115,0.2746582
35116,0.24414062
35117,0.39672852
35118,0.18310547
35119,0.2746582
35120,0.30517578
35121,0.24414062
35122,0.36621094
35123,0.24414062
35124,0.24414062
35125,0.2746582
35126,0.2746582
35127,0.21362305
35128,0.2746582
35129,0.36621094
35130,0.21362305
35131,0.24414062
35132,0.5187988
35133,-0.12207031
35134,0.30517578
35135,0.2746582
35136,0.24414062
35137,0.30517578
35138,0.39672852
35139,0.15258789
35140,0.33569336
35141,0.36621094
35142,0.2746582
35143,0.15258789
35144,0.2746582
35145,0.15258789
35146,0.24414062
35147,0.5493164
35148,0.30517578
35149,0.39672852
35150,0.2746582
35151,0.24414062
35152,0.2746582
35153,0.15258789
35154,0.2746582
35155,0.24414062
35156,0.2746582
35157,0.39672852
35158,0.2746582
35159,0.39672852
35160,0.2746582
35161,0.33569336
35162,0.2746582
35163,0.24414062
35164,0.30517578
35165,0.4272461
35166,0.24414062
35167,0.33569336
35168,0.15258789
35169,0.24414062
35170,0.33569336
35171,0.030517578
35172,0.2746582
35173,0.2746582
35174,0.2746582
35175,0.36621094
35176,0.5187988
35177,0.30517578
35178,0.30517578
35179,0.2746582
35180,0.24414062
35181,0.2746582
35182,0.030517578
35183,0.2746582
35184,0.61035156
35185,0.24414062
35186,0.33569336
35187,0.30517578
35188,0.30517578
35189,0.21362305
35190,0.33569336
35191,0.2746582
35192,0.30517578
35193,0.2746582
35194,0.33569336
35195,0.2746582
35196,0.33569336
35197,0.24414062
35198,0.091552734
35199,0.36621094
35200,0.30517578
35201,0.18310547
35202,0.30517578
35203,0.21362305
35204,0.2746582
35205,0.30517578
35206,0.2746582
35207,0.30517578
35208,0.33569336
35209,0.30517578
35210,0.4272461
35211,0.24414062
35212,0.30517578
35213,0.21362305
35214,0.18310547
35215,0.33569336
35216,0.2746582
35217,0.2746582
35218,0.30517578
35219,0.21362305
35220,0.2746582
35221,0.21362305
35222,0.30517578
35223,0.18310547
35224,0.24414062
35225,0.45776367
35226,0.2746582
35227,0.48828125
35228,0.2746582
35229,0.24414062
35230,0.33569336
35231,0.33569336
35232,0.36621094
35233,0.21362305
35234,0.33569336
35235,0.24414062
35236,0.30517578
35237,0.4272461
35238,0.061035156
35239,0.18310547
35240,0.30517578
35241,0.21362305
35242,0.30517578
35243,0.18310547
35244,0.33569336
35245,0.30517578
35246,0.33569336
35247,0.5187988
35248,0.30517578
35249,0.33569336
35250,-0.12207031
35251,0.2746582
35252,0.33569336
35253,0.18310547
35254,-0.091552734
35255,0.30517578
35256,0.30517578
35257,0.30517578
35258,0.30517578
35259,0.39672852
35260,0.2746582
35261,0.33569336
35262,0.2746582
35263,0.36621094
35264,0.30517578
35265,0.24414062
35266,0.36621094
35267,0.45776367
35268,0.30517578
35269,0.2746582
35270,0.36621094
35271,0.21362305
35272,0.30517578
35273,0.48828125
35274,0.5493164
35275,0.2746582
35276,0.36621094
35277,0.2746582
35278,0.24414062
35279,0.30517578
35280,0.24414062
35281,0.30517578
35282,0.36621094
35283,0.30517578
35284,0.30517578
35285,0.30517578
35286,0.45776367
35287,0.30517578
35288,0.36621094
35289,0.2746582
35290,0.30517578
35291,0.36621094
35292,0.15258789
35293,0.33569336
35294,0.30517578
35295,0.33569336
35296,0.4272461
35297,0.091552734
35298,0.4272461
35299,0.2746582
35300,0.24414062
35301,0.21362305
35302,0.48828125
35303,0.2746582
35304,0.36621094
35305,0.2746582
35306,0.48828125
35307,0.21362305
35308,0.2746582
35309,0.5493164
35310,0.33569336
35311,0.33569336
35312,0.24414062
35313,0.33569336
35314,0.33569336
35315,0.2746582
35316,0.33569336
35317,0.39672852
35318,0.091552734
35319,0.36621094
35320,0.24414062
35321,0.24414062
35322,0.24414062
35323,0.24414062
35324,0.24414062
35325,0.21362305
35326,0.24414062
35327,-0.15258789
35328,0.30517578
35329,0.45776367
35330,0.12207031
35331,0.30517578
35332,0.33569336
35333,0.30517578
35334,0.36621094
35335,0.24414062
35336,0.30517578
35337,0.30517578
35338,0.30517578
35339,0.33569336
35340,0.21362305
35341,0.30517578
35342,0.30517578
35343,0.5187988
35344,0.24414062
35345,0.5187988
35346,0.24414062
35347,0.12207031
35348,0.30517578
35349,0.2746582
35350,0.45776367
35351,0.2746582
35352,0.21362305
35353,0.5187988
35354,0.48828125
35355,0.2746582
35356,0.30517578
35357,0.24414062
35358,0.33569336
35359,0.33569336
35360,0.2746582
35361,0.2746582
35362,0.30517578
35363,0.12207031
35364,0.2746582
35365,0.2746582
35366,0.30517578
35367,0.33569336
35368,0.21362305
35369,0.30517578
35370,0.33569336
35371,0.5187988
35372,0.30517578
35373,0.30517578
35374,0.2746582
35375,0.36621094
35376,0.5187988
35377,0.24414062
35378,0.30517578
35379,0.21362305
35380,0.2746582
35381,0.2746582
35382,0.21362305
35383,0.2746582
35384,0.4272461
35385,0.21362305
35386,0.15258789
35387,0.33569336
35388,0.030517578
35389,0.21362305
35390,0.24414062
35391,0.48828125
35392,0.24414062
35393,0.33569336
35394,0.33569336
35395,-0.15258789
35396,0.30517578
35397,0.24414062
35398,0.21362305
35399,0.24414062
35400,0.48828125
35401,0.24414062
35402,0.12207031
35403,0.2746582
35404,0.39672852
35405,0.2746582
35406,0.030517578
35407,0.2746582
35408,0.18310547
35409,0.18310547
35410,0.2746582
35411,0.24414062
35412,0.2746582
35413,0.2746582
35414,0.33569336
35415,0.2746582
35416,0.45776367
35417,0.2746582
35418,0.45776367
35419,0.2746582
35420,0.30517578
35421,0.18310547
35422,0.33569336
35423,0.2746582
35424,0.18310547
35425,0.24414062
35426,0.4272461
35427,0.21362305
35428,0.24414062
35429,0.36621094
35430,0.30517578
35431,0.24414062
35432,0.45776367
35433,0.24414062
35434,0.30517578
35435,0.30517578
35436,0.24414062
35437,0.091552734
35438,0.48828125
35439,0.2746582
35440,0.21362305
35441,0.21362305
35442,0.2746582
35443,0.24414062
35444,0.2746582
35445,0.33569336
35446,0.2746582
35447,-0.091552734
35448,0.30517578
35449,0.30517578
35450,0.48828125
35451,0.30517578
35452,0.24414062
35453,0.12207031
35454,0.061035156
35455,0.33569336
35456,0.2746582
35457,0.24414062
35458,0.24414062
35459,0.2746582
35460,0.18310547
35461,0.2746582
35462,0.2746582
35463,0.2746582
35464,0.30517578
35465,0.21362305
35466,0.33569336
35467,0.2746582
35468,0.18310547
35469,0.30517578
35470,0.15258789
35471,0.39672852
35472,0.2746582
35473,0.24414062
35474,0.30517578
35475,0.091552734
35476,0.33569336
35477,0.24414062
35478,0.30517578
35479,0.2746582
35480,0.48828125
35481,0.21362305
35482,0.36621094
35483,0.33569336
35484,0.39672852
35485,0.33569336
35486,0.33569336
35487,0.24414062
35488,0.33569336
35489,0.24414062
35490,0.2746582
35491,0.21362305
35492,-0.030517578
35493,0.33569336
35494,0.30517578
35495,0.24414062
35496,0.30517578
35497,0.39672852
35498,0.18310547
35499,0.24414062
35500,0.2746582
35501,0.4272461
35502,0.30517578
35503,0.15258789
35504,0.30517578
35505,0.21362305
35506,0.2746582
35507,0.2746582
35508,0.2746582
35509,0.24414062
35510,0.2746582
35511,0.24414062
35512,0.24414062
35513,0.33569336
35514,0.24414062
35515,0.21362305
35516,0.30517578
35517,0.24414062
35518,0.30517578
35519,0.21362305
35520,0.30517578
35521,0.36621094
35522,0.21362305
35523,0.15258789
35524,0.2746582
35525,0.18310547
35526,0.21362305
35527,0.2746582
35528,0.24414062
35529,0.2746582
35530,-0.030517578
35531,0.18310547
35532,0.30517578
35533,0.30517578
35534,0.12207031
35535,0.39672852
35536,0.2746582
35537,0.24414062
35538,0.24414062
35539,0.30517578
35540,0.39672852
35541,0.2746582
35542,0.30517578
35543,0.2746582
35544,0.33569336
35545,0.24414062
35546,0.24414062
35547,0.30517578
35548,0.4272461
35549,0.30517578
35550,0.36621094
35551,0.061035156
35552,0.2746582
35553,0.24414062
35554,0.39672852
35555,0.091552734
35556,0.15258789
35557,0.24414062
35558,0.24414062
35559,0.2746582
35560,0.45776367
35561,0.21362305
35562,0.45776367
35563,0.2746582
35564,0.15258789
35565,0.2746582
35566,-0.030517578
35567,0.2746582
35568,0.21362305
35569,0.21362305
35570,0.24414062
35571,0.30517578
35572,-0.091552734
35573,0.30517578
35574,0.24414062
35575,0.24414062
35576,0.21362305
35577,0.18310547
35578,0.12207031
35579,0.2746582
35580,0.33569336
35581,0.21362305
35582,0.2746582
35583,0.2746582
35584,0.15258789
35585,0.21362305
35586,0.21362305
35587,0.18310547
35588,0.24414062
35589,0.061035156
35590,0.21362305
35591,0.2746582
35592,0.15258789
35593,0.39672852
35594,0.24414062
35595,0.2746582
35596,0.2746582
35597,0.48828125
35598,0.24414062
35599,0.39672852
35600,0.18310547
35601,-0.061035156
35602,0.2746582
35603,0.18310547
35604,0.24414062
35605,0.15258789
35606,0.21362305
35607,0.030517578
35608,0.24414062
35609,0.33569336
35610,0.15258789
35611,0.30517578
35612,0.2746582
35613,0.091552734
35614,-0.030517578
35615,0.24414062
35616,0.24414062
35617,0.2746582
35618,0.30517578
35619,0.30517578
35620,0.30517578
35621,0.18310547
35622,0.24414062
35623,0.2746582
35624,0.24414062
35625,0.061035156
35626,0.24414062
35627,0.39672852
35628,0.30517578
35629,0.21362305
35630,0.45776367
35631,0.2746582
35632,0.2746582
35633,0.24414062
35634,0.091552734
35635,0.30517578
35636,0.21362305
35637,0.24414062
35638,0.21362305
35639,0.24414062
35640,0.2746582
35641,0.12207031
35642,0.30517578
35643,0.21362305
35644,0.24414062
35645,0.33569336
35646,0.2746582
35647,0.21362305
35648,0.5187988
35649,0.24414062
35650,0.30517578
35651,0.30517578
35652,0.21362305
35653,0.24414062
35654,0.30517578
35655,0.24414062
35656,-0.091552734
35657,0.24414062
35658,0.21362305
35659,0.2746582
35660,0.24414062
35661,0.2746582
35662,0.4272461
35663,0.2746582
35664,0.48828125
35665,0.33569336
35666,0.091552734
35667,0.2746582
35668,0.36621094
35669,0.15258789
35670,0.24414062
35671,0.30517578
35672,0.30517578
35673,0.2746582
35674,0.30517578
35675,0.45776367
35676,0.4272461
35677,0.39672852
35678,0.15258789
35679,0.21362305
35680,0.2746582
35681,0.24414062
35682,0.2746582
35683,0.24414062
35684,0.21362305
35685,0.2746582
35686,0.45776367
35687,0.30517578
35688,0.2746582
35689,0.12207031
35690,0.2746582
35691,0.24414062
35692,0.15258789
35693,0.39672852
35694,0.30517578
35695,0.24414062
35696,0.2746582
35697,0.24414062
35698,0.091552734
35699,0.24414062
35700,0.30517578
35701,0.5187988
35702,0.24414062
35703,0.15258789
35704,0.24414062
35705,0.15258789
35706,0.18310547
35707,0.33569336
35708,0.2746582
35709,0.2746582
35710,0.18310547
35711,0.30517578
35712,0.24414062
35713,0.091552734
35714,0.18310547
35715,0.30517578
35716,0.24414062
35717,0.24414062
35718,0.24414062
35719,0.33569336
35720,0.2746582
35721,0.15258789
35722,0.24414062
35723,0.15258789
35724,0.24414062
35725,0.30517578
35726,0.21362305
35727,0.33569336
35728,0.30517578
35729,0.24414062
35730,0.15258789
35731,0.18310547
35732,0.2746582
35733,0.4272461
35734,0.48828125
35735,0.30517578
35736,0.24414062
35737,0.2746582
35738,0.2746582
35739,0.30517578
35740,0.2746582
35741,0.15258789
35742,0.30517578
35743,0.33569336
35744,0.2746582
35745,0.18310547
35746,0.24414062
35747,0.4272461
35748,0.21362305
35749,0.21362305
35750,0.4272461
35751,0.2746582
35752,0.2746582
35753,0.48828125
35754,0.36621094
35755,0.33569336
35756,0.24414062
35757,0.2746582
35758,0.2746582
35759,0.18310547
35760,0.2746582
35761,0.33569336
35762,0.24414062
35763,0.2746582
35764,0.2746582
35765,0.21362305
35766,0.24414062
35767,0.15258789
35768,0.33569336
35769,0.24414062
35770,0.30517578
35771,0.33569336
35772,0.24414062
35773,0.30517578
35774,0.18310547
35775,0.30517578
35776,0.21362305
35777,0.21362305
35778,0.24414062
35779,0.45776367
35780,0.18310547
35781,0.4272461
35782,0.24414062
35783,0.36621094
35784,0.30517578
35785,0.15258789
35786,0.2746582
35787,0.30517578
35788,0.2746582
35789,0.2746582
35790,-0.15258789
35791,0.21362305
35792,0.24414062
35793,0.30517578
35794,0.39672852
35795,0.33569336
35796,0.18310547
35797,0.2746582
35798,0.2746582
35799,0.030517578
35800,0.24414062
35801,0.24414062
35802,0.24414062
35803,-0.12207031
35804,0.2746582
35805,-0.12207031
35806,0.2746582
35807,0.33569336
35808,0.21362305
35809,0.2746582
35810,0.4272461
35811,0.2746582
35812,0.33569336
35813,0.15258789
35814,-0.12207031
35815,0.21362305
35816,0.2746582
35817,0.21362305
35818,0.30517578
35819,0.18310547
35820,0.2746582
35821,0.33569336
35822,0.2746582
35823,-0.091552734
35824,0.24414062
35825,0.39672852
35826,0.2746582
35827,0.39672852
35828,0.24414062
35829,0.36621094
35830,0.12207031
35831,0.2746582
35832,0.48828125
35833,0.4272461
35834,0.2746582
35835,0.24414062
35836,0.2746582
35837,0.45776367
35838,0.30517578
35839,0.30517578
35840,0.2746582
35841,0.12207031
35842,0.30517578
35843,0.33569336
35844,0.24414062
35845,0.30517578
35846,0.2746582
35847,0.15258789
35848,0.24414062
35849,0.24414062
35850,0.30517578
35851,0.24414062
35852,0.36621094
35853,-0.12207031
35854,0.2746582
35855,0.24414062
35856,0.24414062
35857,0.39672852
35858,0.2746582
35859,0.18310547
35860,0.2746582
35861,0.33569336
35862,0.24414062
35863,0.21362305
35864,0.33569336
35865,0.33569336
35866,0.2746582
35867,0.2746582
35868,0.30517578
35869,0.30517578
35870,0.2746582
35871,0.2746582
35872,0.061035156
35873,0.18310547
35874,0.2746582
35875,0.24414062
35876,0.061035156
35877,0.15258789
35878,0.4272461
35879,0.30517578
35880,0.30517578
35881,0.33569336
35882,0.45776367
35883,0.30517578
35884,0.33569336
35885,0.24414062
35886,0.30517578
35887,0.24414062
35888,0.21362305
35889,0.30517578
35890,0.21362305
35891,0.33569336
35892,0.4272461
35893,0.24414062
35894,0.2746582
35895,0.33569336
35896,0.12207031
35897,0.12207031
35898,0.2746582
35899,0.24414062
35900,0.30517578
35901,0.2746582
35902,0.030517578
35903,0.2746582
35904,0.2746582
35905,0.30517578
35906,0.15258789
35907,0.24414062
35908,0.030517578
35909,0.30517578
35910,0.2746582
35911,0.030517578
35912,0.30517578
35913,0.2746582
35914,0.12207031
35915,0.24414062
35916,0.2746582
35917,0.18310547
35918,0.24414062
35919,0.24414062
35920,0.091552734
35921,0.24414062
35922,0.21362305
35923,0.30517578
35924,0.21362305
35925,0.24414062
35926,0.24414062
35927,0.30517578
35928,0.5187988
35929,0.21362305
35930,0.2746582
35931,0.061035156
35932,0.2746582
35933,0.2746582
35934,0.2746582
35935,0.33569336
35936,0.18310547
35937,0.21362305
35938,0.30517578
35939,0.24414062
35940,-0.061035156
35941,0.2746582
35942,0.24414062
35943,0.2746582
35944,0.21362305
35945,0.30517578
35946,0.36621094
35947,0.2746582
35948,0.48828125
35949,0.21362305
35950,0.2746582
35951,0.36621094
35952,0.24414062
35953,0.24414062
35954,0.12207031
35955,0.2746582
35956,0.21362305
35957,0.2746582
35958,0.2746582
35959,0.24414062
35960,0.21362305
35961,0.24414062
35962,0.24414062
35963,0.4272461
